immoweb_id,source,url,type_bien,rue,numero,code_postal,commune,latitude,longitude,adresse_precise,surface_habitable,surface_terrain,chambres,salles_de_bain,facades,annee_construction,etat,peb_lettre,peb_kwh_m2,description,date_publication,date_observation,prix
EX0001,exemple fictif,,maison,Rue de la Station,159,7030,Saint-Symphorien,50.43328,4.01441,1,103,256,2,1,4,1955,À rénover,F,483,"Maison 4 façades de 103 m² à Saint-Symphorien, 2 chambres, état : à rénover.",2025-05-24,2025-05-24,185000.0
EX0001,exemple fictif,,maison,Rue de la Station,159,7030,Saint-Symphorien,50.43328,4.01441,1,103,256,2,1,4,1955,À rénover,F,483,"Maison 4 façades de 103 m² à Saint-Symphorien, 2 chambres, état : à rénover.",2025-05-24,2025-06-23,185000.0
EX0001,exemple fictif,,maison,Rue de la Station,159,7030,Saint-Symphorien,50.43328,4.01441,1,103,256,2,1,4,1955,À rénover,F,483,"Maison 4 façades de 103 m² à Saint-Symphorien, 2 chambres, état : à rénover.",2025-05-24,2025-07-23,185000.0
EX0001,exemple fictif,,maison,Rue de la Station,159,7030,Saint-Symphorien,50.43328,4.01441,1,103,256,2,1,4,1955,À rénover,F,483,"Maison 4 façades de 103 m² à Saint-Symphorien, 2 chambres, état : à rénover.",2025-05-24,2025-08-22,185000.0
EX0001,exemple fictif,,maison,Rue de la Station,159,7030,Saint-Symphorien,50.43328,4.01441,1,103,256,2,1,4,1955,À rénover,F,483,"Maison 4 façades de 103 m² à Saint-Symphorien, 2 chambres, état : à rénover.",2025-05-24,2025-09-21,185000.0
EX0002,exemple fictif,,maison,Rue de la Station,9,7330,Saint-Ghislain,50.44894,3.81632,1,68,115,1,1,2,2014,À restaurer,F,488,"Maison 2 façades de 68 m² à Saint-Ghislain, 1 chambres, état : à restaurer.",2025-07-19,2025-07-19,56000.0
EX0002,exemple fictif,,maison,Rue de la Station,9,7330,Saint-Ghislain,50.44894,3.81632,1,68,115,1,1,2,2014,À restaurer,F,488,"Maison 2 façades de 68 m² à Saint-Ghislain, 1 chambres, état : à restaurer.",2025-07-19,2025-08-18,56000.0
EX0002,exemple fictif,,maison,Rue de la Station,9,7330,Saint-Ghislain,50.44894,3.81632,1,68,115,1,1,2,2014,À restaurer,F,488,"Maison 2 façades de 68 m² à Saint-Ghislain, 1 chambres, état : à restaurer.",2025-07-19,2025-09-17,56000.0
EX0002,exemple fictif,,maison,Rue de la Station,9,7330,Saint-Ghislain,50.44894,3.81632,1,68,115,1,1,2,2014,À restaurer,F,488,"Maison 2 façades de 68 m² à Saint-Ghislain, 1 chambres, état : à restaurer.",2025-07-19,2025-10-17,56000.0
EX0002,exemple fictif,,maison,Rue de la Station,9,7330,Saint-Ghislain,50.44894,3.81632,1,68,115,1,1,2,2014,À restaurer,F,488,"Maison 2 façades de 68 m² à Saint-Ghislain, 1 chambres, état : à restaurer.",2025-07-19,2025-11-16,56000.0
EX0002,exemple fictif,,maison,Rue de la Station,9,7330,Saint-Ghislain,50.44894,3.81632,1,68,115,1,1,2,2014,À restaurer,F,488,"Maison 2 façades de 68 m² à Saint-Ghislain, 1 chambres, état : à restaurer.",2025-07-19,2025-12-16,56000.0
EX0002,exemple fictif,,maison,Rue de la Station,9,7330,Saint-Ghislain,50.44894,3.81632,1,68,115,1,1,2,2014,À restaurer,F,488,"Maison 2 façades de 68 m² à Saint-Ghislain, 1 chambres, état : à restaurer.",2025-07-19,2026-01-15,56000.0
EX0002,exemple fictif,,maison,Rue de la Station,9,7330,Saint-Ghislain,50.44894,3.81632,1,68,115,1,1,2,2014,À restaurer,F,488,"Maison 2 façades de 68 m² à Saint-Ghislain, 1 chambres, état : à restaurer.",2025-07-19,2026-02-14,56000.0
EX0002,exemple fictif,,maison,Rue de la Station,9,7330,Saint-Ghislain,50.44894,3.81632,1,68,115,1,1,2,2014,À restaurer,F,488,"Maison 2 façades de 68 m² à Saint-Ghislain, 1 chambres, état : à restaurer.",2025-07-19,2026-03-16,56000.0
EX0002,exemple fictif,,maison,Rue de la Station,9,7330,Saint-Ghislain,50.44894,3.81632,1,68,115,1,1,2,2014,À restaurer,F,488,"Maison 2 façades de 68 m² à Saint-Ghislain, 1 chambres, état : à restaurer.",2025-07-19,2026-04-15,56000.0
EX0002,exemple fictif,,maison,Rue de la Station,9,7330,Saint-Ghislain,50.44894,3.81632,1,68,115,1,1,2,2014,À restaurer,F,488,"Maison 2 façades de 68 m² à Saint-Ghislain, 1 chambres, état : à restaurer.",2025-07-19,2026-05-15,56000.0
EX0002,exemple fictif,,maison,Rue de la Station,9,7330,Saint-Ghislain,50.44894,3.81632,1,68,115,1,1,2,2014,À restaurer,F,488,"Maison 2 façades de 68 m² à Saint-Ghislain, 1 chambres, état : à restaurer.",2025-07-19,2026-06-14,56000.0
EX0002,exemple fictif,,maison,Rue de la Station,9,7330,Saint-Ghislain,50.44894,3.81632,1,68,115,1,1,2,2014,À restaurer,F,488,"Maison 2 façades de 68 m² à Saint-Ghislain, 1 chambres, état : à restaurer.",2025-07-19,2026-07-14,56000.0
EX0003,exemple fictif,,maison,Avenue des Tilleuls,166,7390,Quaregnon,50.4365,3.86399,1,100,161,2,1,2,2022,Bon,B,111,"Maison 2 façades de 100 m² à Quaregnon, 2 chambres, état : bon.",2025-09-02,2025-09-02,145000.0
EX0003,exemple fictif,,maison,Avenue des Tilleuls,166,7390,Quaregnon,50.4365,3.86399,1,100,161,2,1,2,2022,Bon,B,111,"Maison 2 façades de 100 m² à Quaregnon, 2 chambres, état : bon.",2025-09-02,2025-10-02,145000.0
EX0003,exemple fictif,,maison,Avenue des Tilleuls,166,7390,Quaregnon,50.4365,3.86399,1,100,161,2,1,2,2022,Bon,B,111,"Maison 2 façades de 100 m² à Quaregnon, 2 chambres, état : bon.",2025-09-02,2025-11-01,145000.0
EX0003,exemple fictif,,maison,Avenue des Tilleuls,166,7390,Quaregnon,50.4365,3.86399,1,100,161,2,1,2,2022,Bon,B,111,"Maison 2 façades de 100 m² à Quaregnon, 2 chambres, état : bon.",2025-09-02,2025-12-01,145000.0
EX0003,exemple fictif,,maison,Avenue des Tilleuls,166,7390,Quaregnon,50.4365,3.86399,1,100,161,2,1,2,2022,Bon,B,111,"Maison 2 façades de 100 m² à Quaregnon, 2 chambres, état : bon.",2025-09-02,2025-12-31,145000.0
EX0003,exemple fictif,,maison,Avenue des Tilleuls,166,7390,Quaregnon,50.4365,3.86399,1,100,161,2,1,2,2022,Bon,B,111,"Maison 2 façades de 100 m² à Quaregnon, 2 chambres, état : bon.",2025-09-02,2026-01-30,145000.0
EX0003,exemple fictif,,maison,Avenue des Tilleuls,166,7390,Quaregnon,50.4365,3.86399,1,100,161,2,1,2,2022,Bon,B,111,"Maison 2 façades de 100 m² à Quaregnon, 2 chambres, état : bon.",2025-09-02,2026-03-01,145000.0
EX0003,exemple fictif,,maison,Avenue des Tilleuls,166,7390,Quaregnon,50.4365,3.86399,1,100,161,2,1,2,2022,Bon,B,111,"Maison 2 façades de 100 m² à Quaregnon, 2 chambres, état : bon.",2025-09-02,2026-03-31,145000.0
EX0003,exemple fictif,,maison,Avenue des Tilleuls,166,7390,Quaregnon,50.4365,3.86399,1,100,161,2,1,2,2022,Bon,B,111,"Maison 2 façades de 100 m² à Quaregnon, 2 chambres, état : bon.",2025-09-02,2026-04-30,145000.0
EX0003,exemple fictif,,maison,Avenue des Tilleuls,166,7390,Quaregnon,50.4365,3.86399,1,100,161,2,1,2,2022,Bon,B,111,"Maison 2 façades de 100 m² à Quaregnon, 2 chambres, état : bon.",2025-09-02,2026-05-30,145000.0
EX0003,exemple fictif,,maison,Avenue des Tilleuls,166,7390,Quaregnon,50.4365,3.86399,1,100,161,2,1,2,2022,Bon,B,111,"Maison 2 façades de 100 m² à Quaregnon, 2 chambres, état : bon.",2025-09-02,2026-06-29,145000.0
EX0003,exemple fictif,,maison,Avenue des Tilleuls,166,7390,Quaregnon,50.4365,3.86399,1,100,161,2,1,2,2022,Bon,B,111,"Maison 2 façades de 100 m² à Quaregnon, 2 chambres, état : bon.",2025-09-02,2026-07-29,145000.0
EX0003,exemple fictif,,maison,Avenue des Tilleuls,166,7390,Quaregnon,50.4365,3.86399,1,100,161,2,1,2,2022,Bon,B,111,"Maison 2 façades de 100 m² à Quaregnon, 2 chambres, état : bon.",2025-09-02,2026-08-28,145000.0
EX0003,exemple fictif,,maison,Avenue des Tilleuls,166,7390,Quaregnon,50.4365,3.86399,1,100,161,2,1,2,2022,Bon,B,111,"Maison 2 façades de 100 m² à Quaregnon, 2 chambres, état : bon.",2025-09-02,2026-09-27,145000.0
EX0004,exemple fictif,,maison,Rue de la Station,132,7050,Jurbise,50.52846,3.9083,1,165,701,4,2,4,1957,À rafraîchir,C,228,"Maison 4 façades de 165 m² à Jurbise, 4 chambres, état : à rafraîchir.",2026-07-08,2026-07-08,371000.0
EX0004,exemple fictif,,maison,Rue de la Station,132,7050,Jurbise,50.52846,3.9083,1,165,701,4,2,4,1957,À rafraîchir,C,228,"Maison 4 façades de 165 m² à Jurbise, 4 chambres, état : à rafraîchir.",2026-07-08,2026-08-07,371000.0
EX0004,exemple fictif,,maison,Rue de la Station,132,7050,Jurbise,50.52846,3.9083,1,165,701,4,2,4,1957,À rafraîchir,C,228,"Maison 4 façades de 165 m² à Jurbise, 4 chambres, état : à rafraîchir.",2026-07-08,2026-09-06,371000.0
EX0004,exemple fictif,,maison,Rue de la Station,132,7050,Jurbise,50.52846,3.9083,1,165,701,4,2,4,1957,À rafraîchir,C,228,"Maison 4 façades de 165 m² à Jurbise, 4 chambres, état : à rafraîchir.",2026-07-08,2026-10-06,371000.0
EX0005,exemple fictif,,maison,Rue de l'Église,20,7340,Colfontaine,50.41787,3.83909,1,118,132,3,1,2,1913,À rafraîchir,F,440,"Maison 2 façades de 118 m² à Colfontaine, 3 chambres, état : à rafraîchir.",2025-06-20,2025-06-20,143000.0
EX0005,exemple fictif,,maison,Rue de l'Église,20,7340,Colfontaine,50.41787,3.83909,1,118,132,3,1,2,1913,À rafraîchir,F,440,"Maison 2 façades de 118 m² à Colfontaine, 3 chambres, état : à rafraîchir.",2025-06-20,2025-07-20,143000.0
EX0005,exemple fictif,,maison,Rue de l'Église,20,7340,Colfontaine,50.41787,3.83909,1,118,132,3,1,2,1913,À rafraîchir,F,440,"Maison 2 façades de 118 m² à Colfontaine, 3 chambres, état : à rafraîchir.",2025-06-20,2025-08-19,143000.0
EX0005,exemple fictif,,maison,Rue de l'Église,20,7340,Colfontaine,50.41787,3.83909,1,118,132,3,1,2,1913,À rafraîchir,F,440,"Maison 2 façades de 118 m² à Colfontaine, 3 chambres, état : à rafraîchir.",2025-06-20,2025-09-18,143000.0
EX0005,exemple fictif,,maison,Rue de l'Église,20,7340,Colfontaine,50.41787,3.83909,1,118,132,3,1,2,1913,À rafraîchir,F,440,"Maison 2 façades de 118 m² à Colfontaine, 3 chambres, état : à rafraîchir.",2025-06-20,2025-10-18,143000.0
EX0005,exemple fictif,,maison,Rue de l'Église,20,7340,Colfontaine,50.41787,3.83909,1,118,132,3,1,2,1913,À rafraîchir,F,440,"Maison 2 façades de 118 m² à Colfontaine, 3 chambres, état : à rafraîchir.",2025-06-20,2025-11-17,143000.0
EX0005,exemple fictif,,maison,Rue de l'Église,20,7340,Colfontaine,50.41787,3.83909,1,118,132,3,1,2,1913,À rafraîchir,F,440,"Maison 2 façades de 118 m² à Colfontaine, 3 chambres, état : à rafraîchir.",2025-06-20,2025-12-17,143000.0
EX0005,exemple fictif,,maison,Rue de l'Église,20,7340,Colfontaine,50.41787,3.83909,1,118,132,3,1,2,1913,À rafraîchir,F,440,"Maison 2 façades de 118 m² à Colfontaine, 3 chambres, état : à rafraîchir.",2025-06-20,2026-01-16,143000.0
EX0005,exemple fictif,,maison,Rue de l'Église,20,7340,Colfontaine,50.41787,3.83909,1,118,132,3,1,2,1913,À rafraîchir,F,440,"Maison 2 façades de 118 m² à Colfontaine, 3 chambres, état : à rafraîchir.",2025-06-20,2026-02-15,143000.0
EX0005,exemple fictif,,maison,Rue de l'Église,20,7340,Colfontaine,50.41787,3.83909,1,118,132,3,1,2,1913,À rafraîchir,F,440,"Maison 2 façades de 118 m² à Colfontaine, 3 chambres, état : à rafraîchir.",2025-06-20,2026-03-17,143000.0
EX0005,exemple fictif,,maison,Rue de l'Église,20,7340,Colfontaine,50.41787,3.83909,1,118,132,3,1,2,1913,À rafraîchir,F,440,"Maison 2 façades de 118 m² à Colfontaine, 3 chambres, état : à rafraîchir.",2025-06-20,2026-04-16,143000.0
EX0005,exemple fictif,,maison,Rue de l'Église,20,7340,Colfontaine,50.41787,3.83909,1,118,132,3,1,2,1913,À rafraîchir,F,440,"Maison 2 façades de 118 m² à Colfontaine, 3 chambres, état : à rafraîchir.",2025-06-20,2026-05-16,143000.0
EX0005,exemple fictif,,maison,Rue de l'Église,20,7340,Colfontaine,50.41787,3.83909,1,118,132,3,1,2,1913,À rafraîchir,F,440,"Maison 2 façades de 118 m² à Colfontaine, 3 chambres, état : à rafraîchir.",2025-06-20,2026-06-15,143000.0
EX0005,exemple fictif,,maison,Rue de l'Église,20,7340,Colfontaine,50.41787,3.83909,1,118,132,3,1,2,1913,À rafraîchir,F,440,"Maison 2 façades de 118 m² à Colfontaine, 3 chambres, état : à rafraîchir.",2025-06-20,2026-07-15,143000.0
EX0005,exemple fictif,,maison,Rue de l'Église,20,7340,Colfontaine,50.41787,3.83909,1,118,132,3,1,2,1913,À rafraîchir,F,440,"Maison 2 façades de 118 m² à Colfontaine, 3 chambres, état : à rafraîchir.",2025-06-20,2026-08-14,143000.0
EX0005,exemple fictif,,maison,Rue de l'Église,20,7340,Colfontaine,50.41787,3.83909,1,118,132,3,1,2,1913,À rafraîchir,F,440,"Maison 2 façades de 118 m² à Colfontaine, 3 chambres, état : à rafraîchir.",2025-06-20,2026-09-13,143000.0
EX0006,exemple fictif,,maison,Avenue des Tilleuls,185,7080,Frameries,50.40618,3.90017,1,159,431,4,1,3,1967,Fraîchement rénové,C,238,"Maison 3 façades de 159 m² à Frameries, 4 chambres, état : fraîchement rénové.",2024-11-30,2024-11-30,373000.0
EX0006,exemple fictif,,maison,Avenue des Tilleuls,185,7080,Frameries,50.40618,3.90017,1,159,431,4,1,3,1967,Fraîchement rénové,C,238,"Maison 3 façades de 159 m² à Frameries, 4 chambres, état : fraîchement rénové.",2024-11-30,2024-12-30,373000.0
EX0006,exemple fictif,,maison,Avenue des Tilleuls,185,7080,Frameries,50.40618,3.90017,1,159,431,4,1,3,1967,Fraîchement rénové,C,238,"Maison 3 façades de 159 m² à Frameries, 4 chambres, état : fraîchement rénové.",2024-11-30,2025-01-29,373000.0
EX0006,exemple fictif,,maison,Avenue des Tilleuls,185,7080,Frameries,50.40618,3.90017,1,159,431,4,1,3,1967,Fraîchement rénové,C,238,"Maison 3 façades de 159 m² à Frameries, 4 chambres, état : fraîchement rénové.",2024-11-30,2025-02-28,373000.0
EX0006,exemple fictif,,maison,Avenue des Tilleuls,185,7080,Frameries,50.40618,3.90017,1,159,431,4,1,3,1967,Fraîchement rénové,C,238,"Maison 3 façades de 159 m² à Frameries, 4 chambres, état : fraîchement rénové.",2024-11-30,2025-03-30,373000.0
EX0006,exemple fictif,,maison,Avenue des Tilleuls,185,7080,Frameries,50.40618,3.90017,1,159,431,4,1,3,1967,Fraîchement rénové,C,238,"Maison 3 façades de 159 m² à Frameries, 4 chambres, état : fraîchement rénové.",2024-11-30,2025-04-29,373000.0
EX0006,exemple fictif,,maison,Avenue des Tilleuls,185,7080,Frameries,50.40618,3.90017,1,159,431,4,1,3,1967,Fraîchement rénové,C,238,"Maison 3 façades de 159 m² à Frameries, 4 chambres, état : fraîchement rénové.",2024-11-30,2025-05-29,373000.0
EX0006,exemple fictif,,maison,Avenue des Tilleuls,185,7080,Frameries,50.40618,3.90017,1,159,431,4,1,3,1967,Fraîchement rénové,C,238,"Maison 3 façades de 159 m² à Frameries, 4 chambres, état : fraîchement rénové.",2024-11-30,2025-06-28,373000.0
EX0006,exemple fictif,,maison,Avenue des Tilleuls,185,7080,Frameries,50.40618,3.90017,1,159,431,4,1,3,1967,Fraîchement rénové,C,238,"Maison 3 façades de 159 m² à Frameries, 4 chambres, état : fraîchement rénové.",2024-11-30,2025-07-28,373000.0
EX0006,exemple fictif,,maison,Avenue des Tilleuls,185,7080,Frameries,50.40618,3.90017,1,159,431,4,1,3,1967,Fraîchement rénové,C,238,"Maison 3 façades de 159 m² à Frameries, 4 chambres, état : fraîchement rénové.",2024-11-30,2025-08-27,373000.0
EX0007,exemple fictif,,maison,Rue de la Station,6,7030,Saint-Symphorien,50.42925,4.01312,1,134,652,4,1,3,2007,Bon,B,124,"Maison 3 façades de 134 m² à Saint-Symphorien, 4 chambres, état : bon.",2025-11-10,2025-11-10,267000.0
EX0007,exemple fictif,,maison,Rue de la Station,6,7030,Saint-Symphorien,50.42925,4.01312,1,134,652,4,1,3,2007,Bon,B,124,"Maison 3 façades de 134 m² à Saint-Symphorien, 4 chambres, état : bon.",2025-11-10,2025-12-10,267000.0
EX0007,exemple fictif,,maison,Rue de la Station,6,7030,Saint-Symphorien,50.42925,4.01312,1,134,652,4,1,3,2007,Bon,B,124,"Maison 3 façades de 134 m² à Saint-Symphorien, 4 chambres, état : bon.",2025-11-10,2026-01-09,267000.0
EX0007,exemple fictif,,maison,Rue de la Station,6,7030,Saint-Symphorien,50.42925,4.01312,1,134,652,4,1,3,2007,Bon,B,124,"Maison 3 façades de 134 m² à Saint-Symphorien, 4 chambres, état : bon.",2025-11-10,2026-02-08,267000.0
EX0007,exemple fictif,,maison,Rue de la Station,6,7030,Saint-Symphorien,50.42925,4.01312,1,134,652,4,1,3,2007,Bon,B,124,"Maison 3 façades de 134 m² à Saint-Symphorien, 4 chambres, état : bon.",2025-11-10,2026-03-10,267000.0
EX0007,exemple fictif,,maison,Rue de la Station,6,7030,Saint-Symphorien,50.42925,4.01312,1,134,652,4,1,3,2007,Bon,B,124,"Maison 3 façades de 134 m² à Saint-Symphorien, 4 chambres, état : bon.",2025-11-10,2026-04-09,267000.0
EX0007,exemple fictif,,maison,Rue de la Station,6,7030,Saint-Symphorien,50.42925,4.01312,1,134,652,4,1,3,2007,Bon,B,124,"Maison 3 façades de 134 m² à Saint-Symphorien, 4 chambres, état : bon.",2025-11-10,2026-05-09,267000.0
EX0007,exemple fictif,,maison,Rue de la Station,6,7030,Saint-Symphorien,50.42925,4.01312,1,134,652,4,1,3,2007,Bon,B,124,"Maison 3 façades de 134 m² à Saint-Symphorien, 4 chambres, état : bon.",2025-11-10,2026-06-08,267000.0
EX0007,exemple fictif,,maison,Rue de la Station,6,7030,Saint-Symphorien,50.42925,4.01312,1,134,652,4,1,3,2007,Bon,B,124,"Maison 3 façades de 134 m² à Saint-Symphorien, 4 chambres, état : bon.",2025-11-10,2026-07-08,267000.0
EX0007,exemple fictif,,maison,Rue de la Station,6,7030,Saint-Symphorien,50.42925,4.01312,1,134,652,4,1,3,2007,Bon,B,124,"Maison 3 façades de 134 m² à Saint-Symphorien, 4 chambres, état : bon.",2025-11-10,2026-08-07,267000.0
EX0007,exemple fictif,,maison,Rue de la Station,6,7030,Saint-Symphorien,50.42925,4.01312,1,134,652,4,1,3,2007,Bon,B,124,"Maison 3 façades de 134 m² à Saint-Symphorien, 4 chambres, état : bon.",2025-11-10,2026-09-06,267000.0
EX0007,exemple fictif,,maison,Rue de la Station,6,7030,Saint-Symphorien,50.42925,4.01312,1,134,652,4,1,3,2007,Bon,B,124,"Maison 3 façades de 134 m² à Saint-Symphorien, 4 chambres, état : bon.",2025-11-10,2026-10-06,267000.0
EX0008,exemple fictif,,maison,Avenue des Tilleuls,181,7012,Jemappes,50.45512,3.8777,1,113,194,3,1,2,1925,À rénover,D,304,"Maison 2 façades de 113 m² à Jemappes, 3 chambres, état : à rénover.",2025-08-12,2025-08-12,129000.0
EX0008,exemple fictif,,maison,Avenue des Tilleuls,181,7012,Jemappes,50.45512,3.8777,1,113,194,3,1,2,1925,À rénover,D,304,"Maison 2 façades de 113 m² à Jemappes, 3 chambres, état : à rénover.",2025-08-12,2025-09-11,129000.0
EX0008,exemple fictif,,maison,Avenue des Tilleuls,181,7012,Jemappes,50.45512,3.8777,1,113,194,3,1,2,1925,À rénover,D,304,"Maison 2 façades de 113 m² à Jemappes, 3 chambres, état : à rénover.",2025-08-12,2025-10-11,129000.0
EX0008,exemple fictif,,maison,Avenue des Tilleuls,181,7012,Jemappes,50.45512,3.8777,1,113,194,3,1,2,1925,À rénover,D,304,"Maison 2 façades de 113 m² à Jemappes, 3 chambres, état : à rénover.",2025-08-12,2025-11-10,129000.0
EX0008,exemple fictif,,maison,Avenue des Tilleuls,181,7012,Jemappes,50.45512,3.8777,1,113,194,3,1,2,1925,À rénover,D,304,"Maison 2 façades de 113 m² à Jemappes, 3 chambres, état : à rénover.",2025-08-12,2025-12-10,129000.0
EX0008,exemple fictif,,maison,Avenue des Tilleuls,181,7012,Jemappes,50.45512,3.8777,1,113,194,3,1,2,1925,À rénover,D,304,"Maison 2 façades de 113 m² à Jemappes, 3 chambres, état : à rénover.",2025-08-12,2026-01-09,129000.0
EX0008,exemple fictif,,maison,Avenue des Tilleuls,181,7012,Jemappes,50.45512,3.8777,1,113,194,3,1,2,1925,À rénover,D,304,"Maison 2 façades de 113 m² à Jemappes, 3 chambres, état : à rénover.",2025-08-12,2026-02-08,129000.0
EX0008,exemple fictif,,maison,Avenue des Tilleuls,181,7012,Jemappes,50.45512,3.8777,1,113,194,3,1,2,1925,À rénover,D,304,"Maison 2 façades de 113 m² à Jemappes, 3 chambres, état : à rénover.",2025-08-12,2026-03-10,129000.0
EX0008,exemple fictif,,maison,Avenue des Tilleuls,181,7012,Jemappes,50.45512,3.8777,1,113,194,3,1,2,1925,À rénover,D,304,"Maison 2 façades de 113 m² à Jemappes, 3 chambres, état : à rénover.",2025-08-12,2026-04-09,129000.0
EX0008,exemple fictif,,maison,Avenue des Tilleuls,181,7012,Jemappes,50.45512,3.8777,1,113,194,3,1,2,1925,À rénover,D,304,"Maison 2 façades de 113 m² à Jemappes, 3 chambres, état : à rénover.",2025-08-12,2026-05-09,129000.0
EX0008,exemple fictif,,maison,Avenue des Tilleuls,181,7012,Jemappes,50.45512,3.8777,1,113,194,3,1,2,1925,À rénover,D,304,"Maison 2 façades de 113 m² à Jemappes, 3 chambres, état : à rénover.",2025-08-12,2026-06-08,129000.0
EX0009,exemple fictif,,maison,Rue de la Station,40,7021,Havré,50.45223,4.05262,1,138,1157,3,1,3,1956,À rénover,B,118,"Maison 3 façades de 138 m² à Havré, 3 chambres, état : à rénover.",2025-11-03,2025-11-03,175000.0
EX0009,exemple fictif,,maison,Rue de la Station,40,7021,Havré,50.45223,4.05262,1,138,1157,3,1,3,1956,À rénover,B,118,"Maison 3 façades de 138 m² à Havré, 3 chambres, état : à rénover.",2025-11-03,2025-12-03,175000.0
EX0009,exemple fictif,,maison,Rue de la Station,40,7021,Havré,50.45223,4.05262,1,138,1157,3,1,3,1956,À rénover,B,118,"Maison 3 façades de 138 m² à Havré, 3 chambres, état : à rénover.",2025-11-03,2026-01-02,175000.0
EX0009,exemple fictif,,maison,Rue de la Station,40,7021,Havré,50.45223,4.05262,1,138,1157,3,1,3,1956,À rénover,B,118,"Maison 3 façades de 138 m² à Havré, 3 chambres, état : à rénover.",2025-11-03,2026-02-01,175000.0
EX0009,exemple fictif,,maison,Rue de la Station,40,7021,Havré,50.45223,4.05262,1,138,1157,3,1,3,1956,À rénover,B,118,"Maison 3 façades de 138 m² à Havré, 3 chambres, état : à rénover.",2025-11-03,2026-03-03,175000.0
EX0009,exemple fictif,,maison,Rue de la Station,40,7021,Havré,50.45223,4.05262,1,138,1157,3,1,3,1956,À rénover,B,118,"Maison 3 façades de 138 m² à Havré, 3 chambres, état : à rénover.",2025-11-03,2026-04-02,175000.0
EX0009,exemple fictif,,maison,Rue de la Station,40,7021,Havré,50.45223,4.05262,1,138,1157,3,1,3,1956,À rénover,B,118,"Maison 3 façades de 138 m² à Havré, 3 chambres, état : à rénover.",2025-11-03,2026-05-02,175000.0
EX0009,exemple fictif,,maison,Rue de la Station,40,7021,Havré,50.45223,4.05262,1,138,1157,3,1,3,1956,À rénover,B,118,"Maison 3 façades de 138 m² à Havré, 3 chambres, état : à rénover.",2025-11-03,2026-06-01,175000.0
EX0009,exemple fictif,,maison,Rue de la Station,40,7021,Havré,50.45223,4.05262,1,138,1157,3,1,3,1956,À rénover,B,118,"Maison 3 façades de 138 m² à Havré, 3 chambres, état : à rénover.",2025-11-03,2026-07-01,175000.0
EX0009,exemple fictif,,maison,Rue de la Station,40,7021,Havré,50.45223,4.05262,1,138,1157,3,1,3,1956,À rénover,B,118,"Maison 3 façades de 138 m² à Havré, 3 chambres, état : à rénover.",2025-11-03,2026-07-31,175000.0
EX0009,exemple fictif,,maison,Rue de la Station,40,7021,Havré,50.45223,4.05262,1,138,1157,3,1,3,1956,À rénover,B,118,"Maison 3 façades de 138 m² à Havré, 3 chambres, état : à rénover.",2025-11-03,2026-08-30,175000.0
EX0009,exemple fictif,,maison,Rue de la Station,40,7021,Havré,50.45223,4.05262,1,138,1157,3,1,3,1956,À rénover,B,118,"Maison 3 façades de 138 m² à Havré, 3 chambres, état : à rénover.",2025-11-03,2026-09-29,175000.0
EX0010,exemple fictif,,maison,Rue des Écoles,116,7012,Jemappes,50.44874,3.88654,1,185,1370,5,2,3,1958,À restaurer,E,392,"Maison 3 façades de 185 m² à Jemappes, 5 chambres, état : à restaurer.",2026-03-01,2026-03-01,184000.0
EX0010,exemple fictif,,maison,Rue des Écoles,116,7012,Jemappes,50.44874,3.88654,1,185,1370,5,2,3,1958,À restaurer,E,392,"Maison 3 façades de 185 m² à Jemappes, 5 chambres, état : à restaurer.",2026-03-01,2026-03-31,184000.0
EX0010,exemple fictif,,maison,Rue des Écoles,116,7012,Jemappes,50.44874,3.88654,1,185,1370,5,2,3,1958,À restaurer,E,392,"Maison 3 façades de 185 m² à Jemappes, 5 chambres, état : à restaurer.",2026-03-01,2026-04-30,184000.0
EX0010,exemple fictif,,maison,Rue des Écoles,116,7012,Jemappes,50.44874,3.88654,1,185,1370,5,2,3,1958,À restaurer,E,392,"Maison 3 façades de 185 m² à Jemappes, 5 chambres, état : à restaurer.",2026-03-01,2026-05-30,184000.0
EX0010,exemple fictif,,maison,Rue des Écoles,116,7012,Jemappes,50.44874,3.88654,1,185,1370,5,2,3,1958,À restaurer,E,392,"Maison 3 façades de 185 m² à Jemappes, 5 chambres, état : à restaurer.",2026-03-01,2026-06-29,184000.0
EX0010,exemple fictif,,maison,Rue des Écoles,116,7012,Jemappes,50.44874,3.88654,1,185,1370,5,2,3,1958,À restaurer,E,392,"Maison 3 façades de 185 m² à Jemappes, 5 chambres, état : à restaurer.",2026-03-01,2026-07-29,184000.0
EX0010,exemple fictif,,maison,Rue des Écoles,116,7012,Jemappes,50.44874,3.88654,1,185,1370,5,2,3,1958,À restaurer,E,392,"Maison 3 façades de 185 m² à Jemappes, 5 chambres, état : à restaurer.",2026-03-01,2026-08-28,184000.0
EX0010,exemple fictif,,maison,Rue des Écoles,116,7012,Jemappes,50.44874,3.88654,1,185,1370,5,2,3,1958,À restaurer,E,392,"Maison 3 façades de 185 m² à Jemappes, 5 chambres, état : à restaurer.",2026-03-01,2026-09-27,184000.0
EX0011,exemple fictif,,maison,Rue de l'Église,96,7080,Frameries,50.39928,3.89512,1,106,1300,4,1,4,1956,Bon,D,277,"Maison 4 façades de 106 m² à Frameries, 4 chambres, état : bon.",2026-01-11,2026-01-11,193000.0
EX0011,exemple fictif,,maison,Rue de l'Église,96,7080,Frameries,50.39928,3.89512,1,106,1300,4,1,4,1956,Bon,D,277,"Maison 4 façades de 106 m² à Frameries, 4 chambres, état : bon.",2026-01-11,2026-02-10,193000.0
EX0011,exemple fictif,,maison,Rue de l'Église,96,7080,Frameries,50.39928,3.89512,1,106,1300,4,1,4,1956,Bon,D,277,"Maison 4 façades de 106 m² à Frameries, 4 chambres, état : bon.",2026-01-11,2026-03-12,193000.0
EX0011,exemple fictif,,maison,Rue de l'Église,96,7080,Frameries,50.39928,3.89512,1,106,1300,4,1,4,1956,Bon,D,277,"Maison 4 façades de 106 m² à Frameries, 4 chambres, état : bon.",2026-01-11,2026-04-11,193000.0
EX0011,exemple fictif,,maison,Rue de l'Église,96,7080,Frameries,50.39928,3.89512,1,106,1300,4,1,4,1956,Bon,D,277,"Maison 4 façades de 106 m² à Frameries, 4 chambres, état : bon.",2026-01-11,2026-05-11,193000.0
EX0011,exemple fictif,,maison,Rue de l'Église,96,7080,Frameries,50.39928,3.89512,1,106,1300,4,1,4,1956,Bon,D,277,"Maison 4 façades de 106 m² à Frameries, 4 chambres, état : bon.",2026-01-11,2026-06-10,193000.0
EX0011,exemple fictif,,maison,Rue de l'Église,96,7080,Frameries,50.39928,3.89512,1,106,1300,4,1,4,1956,Bon,D,277,"Maison 4 façades de 106 m² à Frameries, 4 chambres, état : bon.",2026-01-11,2026-07-10,193000.0
EX0011,exemple fictif,,maison,Rue de l'Église,96,7080,Frameries,50.39928,3.89512,1,106,1300,4,1,4,1956,Bon,D,277,"Maison 4 façades de 106 m² à Frameries, 4 chambres, état : bon.",2026-01-11,2026-08-09,193000.0
EX0011,exemple fictif,,maison,Rue de l'Église,96,7080,Frameries,50.39928,3.89512,1,106,1300,4,1,4,1956,Bon,D,277,"Maison 4 façades de 106 m² à Frameries, 4 chambres, état : bon.",2026-01-11,2026-09-08,193000.0
EX0012,exemple fictif,,maison,Rue de la Station,183,7030,Saint-Symphorien,50.43875,4.0097,1,150,1269,3,1,3,2022,À rafraîchir,C,211,"Maison 3 façades de 150 m² à Saint-Symphorien, 3 chambres, état : à rafraîchir.",2024-12-03,2024-12-03,233000.0
EX0012,exemple fictif,,maison,Rue de la Station,183,7030,Saint-Symphorien,50.43875,4.0097,1,150,1269,3,1,3,2022,À rafraîchir,C,211,"Maison 3 façades de 150 m² à Saint-Symphorien, 3 chambres, état : à rafraîchir.",2024-12-03,2025-01-02,233000.0
EX0012,exemple fictif,,maison,Rue de la Station,183,7030,Saint-Symphorien,50.43875,4.0097,1,150,1269,3,1,3,2022,À rafraîchir,C,211,"Maison 3 façades de 150 m² à Saint-Symphorien, 3 chambres, état : à rafraîchir.",2024-12-03,2025-02-01,233000.0
EX0012,exemple fictif,,maison,Rue de la Station,183,7030,Saint-Symphorien,50.43875,4.0097,1,150,1269,3,1,3,2022,À rafraîchir,C,211,"Maison 3 façades de 150 m² à Saint-Symphorien, 3 chambres, état : à rafraîchir.",2024-12-03,2025-03-03,233000.0
EX0013,exemple fictif,,maison,Rue de la Station,34,7000,Mons,50.46,3.95043,1,176,298,5,2,3,1956,Comme neuf,A,84,"Maison 3 façades de 176 m² à Mons, 5 chambres, état : comme neuf.",2026-03-16,2026-03-16,392000.0
EX0013,exemple fictif,,maison,Rue de la Station,34,7000,Mons,50.46,3.95043,1,176,298,5,2,3,1956,Comme neuf,A,84,"Maison 3 façades de 176 m² à Mons, 5 chambres, état : comme neuf.",2026-03-16,2026-04-15,392000.0
EX0013,exemple fictif,,maison,Rue de la Station,34,7000,Mons,50.46,3.95043,1,176,298,5,2,3,1956,Comme neuf,A,84,"Maison 3 façades de 176 m² à Mons, 5 chambres, état : comme neuf.",2026-03-16,2026-05-15,392000.0
EX0013,exemple fictif,,maison,Rue de la Station,34,7000,Mons,50.46,3.95043,1,176,298,5,2,3,1956,Comme neuf,A,84,"Maison 3 façades de 176 m² à Mons, 5 chambres, état : comme neuf.",2026-03-16,2026-06-14,392000.0
EX0013,exemple fictif,,maison,Rue de la Station,34,7000,Mons,50.46,3.95043,1,176,298,5,2,3,1956,Comme neuf,A,84,"Maison 3 façades de 176 m² à Mons, 5 chambres, état : comme neuf.",2026-03-16,2026-07-14,392000.0
EX0013,exemple fictif,,maison,Rue de la Station,34,7000,Mons,50.46,3.95043,1,176,298,5,2,3,1956,Comme neuf,A,84,"Maison 3 façades de 176 m² à Mons, 5 chambres, état : comme neuf.",2026-03-16,2026-08-13,392000.0
EX0013,exemple fictif,,maison,Rue de la Station,34,7000,Mons,50.46,3.95043,1,176,298,5,2,3,1956,Comme neuf,A,84,"Maison 3 façades de 176 m² à Mons, 5 chambres, état : comme neuf.",2026-03-16,2026-09-12,392000.0
EX0014,exemple fictif,,maison,Rue de l'Église,4,7030,Saint-Symphorien,50.42687,4.01735,1,91,256,3,1,2,1903,À rafraîchir,F,446,"Maison 2 façades de 91 m² à Saint-Symphorien, 3 chambres, état : à rafraîchir.",2024-10-17,2024-10-17,184000.0
EX0014,exemple fictif,,maison,Rue de l'Église,4,7030,Saint-Symphorien,50.42687,4.01735,1,91,256,3,1,2,1903,À rafraîchir,F,446,"Maison 2 façades de 91 m² à Saint-Symphorien, 3 chambres, état : à rafraîchir.",2024-10-17,2024-11-16,184000.0
EX0014,exemple fictif,,maison,Rue de l'Église,4,7030,Saint-Symphorien,50.42687,4.01735,1,91,256,3,1,2,1903,À rafraîchir,F,446,"Maison 2 façades de 91 m² à Saint-Symphorien, 3 chambres, état : à rafraîchir.",2024-10-17,2024-12-16,184000.0
EX0014,exemple fictif,,maison,Rue de l'Église,4,7030,Saint-Symphorien,50.42687,4.01735,1,91,256,3,1,2,1903,À rafraîchir,F,446,"Maison 2 façades de 91 m² à Saint-Symphorien, 3 chambres, état : à rafraîchir.",2024-10-17,2025-01-15,184000.0
EX0014,exemple fictif,,maison,Rue de l'Église,4,7030,Saint-Symphorien,50.42687,4.01735,1,91,256,3,1,2,1903,À rafraîchir,F,446,"Maison 2 façades de 91 m² à Saint-Symphorien, 3 chambres, état : à rafraîchir.",2024-10-17,2025-02-14,184000.0
EX0014,exemple fictif,,maison,Rue de l'Église,4,7030,Saint-Symphorien,50.42687,4.01735,1,91,256,3,1,2,1903,À rafraîchir,F,446,"Maison 2 façades de 91 m² à Saint-Symphorien, 3 chambres, état : à rafraîchir.",2024-10-17,2025-03-16,184000.0
EX0014,exemple fictif,,maison,Rue de l'Église,4,7030,Saint-Symphorien,50.42687,4.01735,1,91,256,3,1,2,1903,À rafraîchir,F,446,"Maison 2 façades de 91 m² à Saint-Symphorien, 3 chambres, état : à rafraîchir.",2024-10-17,2025-04-15,184000.0
EX0014,exemple fictif,,maison,Rue de l'Église,4,7030,Saint-Symphorien,50.42687,4.01735,1,91,256,3,1,2,1903,À rafraîchir,F,446,"Maison 2 façades de 91 m² à Saint-Symphorien, 3 chambres, état : à rafraîchir.",2024-10-17,2025-05-15,184000.0
EX0014,exemple fictif,,maison,Rue de l'Église,4,7030,Saint-Symphorien,50.42687,4.01735,1,91,256,3,1,2,1903,À rafraîchir,F,446,"Maison 2 façades de 91 m² à Saint-Symphorien, 3 chambres, état : à rafraîchir.",2024-10-17,2025-06-14,184000.0
EX0014,exemple fictif,,maison,Rue de l'Église,4,7030,Saint-Symphorien,50.42687,4.01735,1,91,256,3,1,2,1903,À rafraîchir,F,446,"Maison 2 façades de 91 m² à Saint-Symphorien, 3 chambres, état : à rafraîchir.",2024-10-17,2025-07-14,184000.0
EX0014,exemple fictif,,maison,Rue de l'Église,4,7030,Saint-Symphorien,50.42687,4.01735,1,91,256,3,1,2,1903,À rafraîchir,F,446,"Maison 2 façades de 91 m² à Saint-Symphorien, 3 chambres, état : à rafraîchir.",2024-10-17,2025-08-13,184000.0
EX0014,exemple fictif,,maison,Rue de l'Église,4,7030,Saint-Symphorien,50.42687,4.01735,1,91,256,3,1,2,1903,À rafraîchir,F,446,"Maison 2 façades de 91 m² à Saint-Symphorien, 3 chambres, état : à rafraîchir.",2024-10-17,2025-09-12,184000.0
EX0014,exemple fictif,,maison,Rue de l'Église,4,7030,Saint-Symphorien,50.42687,4.01735,1,91,256,3,1,2,1903,À rafraîchir,F,446,"Maison 2 façades de 91 m² à Saint-Symphorien, 3 chambres, état : à rafraîchir.",2024-10-17,2025-10-12,184000.0
EX0014,exemple fictif,,maison,Rue de l'Église,4,7030,Saint-Symphorien,50.42687,4.01735,1,91,256,3,1,2,1903,À rafraîchir,F,446,"Maison 2 façades de 91 m² à Saint-Symphorien, 3 chambres, état : à rafraîchir.",2024-10-17,2025-11-11,184000.0
EX0014,exemple fictif,,maison,Rue de l'Église,4,7030,Saint-Symphorien,50.42687,4.01735,1,91,256,3,1,2,1903,À rafraîchir,F,446,"Maison 2 façades de 91 m² à Saint-Symphorien, 3 chambres, état : à rafraîchir.",2024-10-17,2025-12-11,184000.0
EX0014,exemple fictif,,maison,Rue de l'Église,4,7030,Saint-Symphorien,50.42687,4.01735,1,91,256,3,1,2,1903,À rafraîchir,F,446,"Maison 2 façades de 91 m² à Saint-Symphorien, 3 chambres, état : à rafraîchir.",2024-10-17,2026-01-10,184000.0
EX0014,exemple fictif,,maison,Rue de l'Église,4,7030,Saint-Symphorien,50.42687,4.01735,1,91,256,3,1,2,1903,À rafraîchir,F,446,"Maison 2 façades de 91 m² à Saint-Symphorien, 3 chambres, état : à rafraîchir.",2024-10-17,2026-02-09,184000.0
EX0014,exemple fictif,,maison,Rue de l'Église,4,7030,Saint-Symphorien,50.42687,4.01735,1,91,256,3,1,2,1903,À rafraîchir,F,446,"Maison 2 façades de 91 m² à Saint-Symphorien, 3 chambres, état : à rafraîchir.",2024-10-17,2026-03-11,184000.0
EX0014,exemple fictif,,maison,Rue de l'Église,4,7030,Saint-Symphorien,50.42687,4.01735,1,91,256,3,1,2,1903,À rafraîchir,F,446,"Maison 2 façades de 91 m² à Saint-Symphorien, 3 chambres, état : à rafraîchir.",2024-10-17,2026-04-10,184000.0
EX0014,exemple fictif,,maison,Rue de l'Église,4,7030,Saint-Symphorien,50.42687,4.01735,1,91,256,3,1,2,1903,À rafraîchir,F,446,"Maison 2 façades de 91 m² à Saint-Symphorien, 3 chambres, état : à rafraîchir.",2024-10-17,2026-05-10,184000.0
EX0014,exemple fictif,,maison,Rue de l'Église,4,7030,Saint-Symphorien,50.42687,4.01735,1,91,256,3,1,2,1903,À rafraîchir,F,446,"Maison 2 façades de 91 m² à Saint-Symphorien, 3 chambres, état : à rafraîchir.",2024-10-17,2026-06-09,184000.0
EX0014,exemple fictif,,maison,Rue de l'Église,4,7030,Saint-Symphorien,50.42687,4.01735,1,91,256,3,1,2,1903,À rafraîchir,F,446,"Maison 2 façades de 91 m² à Saint-Symphorien, 3 chambres, état : à rafraîchir.",2024-10-17,2026-07-09,184000.0
EX0014,exemple fictif,,maison,Rue de l'Église,4,7030,Saint-Symphorien,50.42687,4.01735,1,91,256,3,1,2,1903,À rafraîchir,F,446,"Maison 2 façades de 91 m² à Saint-Symphorien, 3 chambres, état : à rafraîchir.",2024-10-17,2026-08-08,184000.0
EX0014,exemple fictif,,maison,Rue de l'Église,4,7030,Saint-Symphorien,50.42687,4.01735,1,91,256,3,1,2,1903,À rafraîchir,F,446,"Maison 2 façades de 91 m² à Saint-Symphorien, 3 chambres, état : à rafraîchir.",2024-10-17,2026-09-07,184000.0
EX0014,exemple fictif,,maison,Rue de l'Église,4,7030,Saint-Symphorien,50.42687,4.01735,1,91,256,3,1,2,1903,À rafraîchir,F,446,"Maison 2 façades de 91 m² à Saint-Symphorien, 3 chambres, état : à rafraîchir.",2024-10-17,2026-10-07,184000.0
EX0015,exemple fictif,,maison,Rue du Moulin,128,7080,Frameries,50.40217,3.88221,1,136,496,3,1,4,1963,À rénover,F,443,"Maison 4 façades de 136 m² à Frameries, 3 chambres, état : à rénover.",2026-01-26,2026-01-26,154000.0
EX0015,exemple fictif,,maison,Rue du Moulin,128,7080,Frameries,50.40217,3.88221,1,136,496,3,1,4,1963,À rénover,F,443,"Maison 4 façades de 136 m² à Frameries, 3 chambres, état : à rénover.",2026-01-26,2026-02-25,154000.0
EX0015,exemple fictif,,maison,Rue du Moulin,128,7080,Frameries,50.40217,3.88221,1,136,496,3,1,4,1963,À rénover,F,443,"Maison 4 façades de 136 m² à Frameries, 3 chambres, état : à rénover.",2026-01-26,2026-03-27,154000.0
EX0015,exemple fictif,,maison,Rue du Moulin,128,7080,Frameries,50.40217,3.88221,1,136,496,3,1,4,1963,À rénover,F,443,"Maison 4 façades de 136 m² à Frameries, 3 chambres, état : à rénover.",2026-01-26,2026-04-26,154000.0
EX0015,exemple fictif,,maison,Rue du Moulin,128,7080,Frameries,50.40217,3.88221,1,136,496,3,1,4,1963,À rénover,F,443,"Maison 4 façades de 136 m² à Frameries, 3 chambres, état : à rénover.",2026-01-26,2026-05-26,154000.0
EX0015,exemple fictif,,maison,Rue du Moulin,128,7080,Frameries,50.40217,3.88221,1,136,496,3,1,4,1963,À rénover,F,443,"Maison 4 façades de 136 m² à Frameries, 3 chambres, état : à rénover.",2026-01-26,2026-06-25,154000.0
EX0015,exemple fictif,,maison,Rue du Moulin,128,7080,Frameries,50.40217,3.88221,1,136,496,3,1,4,1963,À rénover,F,443,"Maison 4 façades de 136 m² à Frameries, 3 chambres, état : à rénover.",2026-01-26,2026-07-25,154000.0
EX0015,exemple fictif,,maison,Rue du Moulin,128,7080,Frameries,50.40217,3.88221,1,136,496,3,1,4,1963,À rénover,F,443,"Maison 4 façades de 136 m² à Frameries, 3 chambres, état : à rénover.",2026-01-26,2026-08-24,154000.0
EX0015,exemple fictif,,maison,Rue du Moulin,128,7080,Frameries,50.40217,3.88221,1,136,496,3,1,4,1963,À rénover,F,443,"Maison 4 façades de 136 m² à Frameries, 3 chambres, état : à rénover.",2026-01-26,2026-09-23,154000.0
EX0016,exemple fictif,,maison,Rue du Moulin,33,7330,Saint-Ghislain,50.45333,3.81719,1,103,85,3,1,2,1973,Bon,F,455,"Maison 2 façades de 103 m² à Saint-Ghislain, 3 chambres, état : bon.",2025-04-24,2025-04-24,165000.0
EX0016,exemple fictif,,maison,Rue du Moulin,33,7330,Saint-Ghislain,50.45333,3.81719,1,103,85,3,1,2,1973,Bon,F,455,"Maison 2 façades de 103 m² à Saint-Ghislain, 3 chambres, état : bon.",2025-04-24,2025-05-24,165000.0
EX0016,exemple fictif,,maison,Rue du Moulin,33,7330,Saint-Ghislain,50.45333,3.81719,1,103,85,3,1,2,1973,Bon,F,455,"Maison 2 façades de 103 m² à Saint-Ghislain, 3 chambres, état : bon.",2025-04-24,2025-06-23,165000.0
EX0016,exemple fictif,,maison,Rue du Moulin,33,7330,Saint-Ghislain,50.45333,3.81719,1,103,85,3,1,2,1973,Bon,F,455,"Maison 2 façades de 103 m² à Saint-Ghislain, 3 chambres, état : bon.",2025-04-24,2025-07-23,165000.0
EX0016,exemple fictif,,maison,Rue du Moulin,33,7330,Saint-Ghislain,50.45333,3.81719,1,103,85,3,1,2,1973,Bon,F,455,"Maison 2 façades de 103 m² à Saint-Ghislain, 3 chambres, état : bon.",2025-04-24,2025-08-22,165000.0
EX0016,exemple fictif,,maison,Rue du Moulin,33,7330,Saint-Ghislain,50.45333,3.81719,1,103,85,3,1,2,1973,Bon,F,455,"Maison 2 façades de 103 m² à Saint-Ghislain, 3 chambres, état : bon.",2025-04-24,2025-09-21,165000.0
EX0016,exemple fictif,,maison,Rue du Moulin,33,7330,Saint-Ghislain,50.45333,3.81719,1,103,85,3,1,2,1973,Bon,F,455,"Maison 2 façades de 103 m² à Saint-Ghislain, 3 chambres, état : bon.",2025-04-24,2025-10-21,165000.0
EX0016,exemple fictif,,maison,Rue du Moulin,33,7330,Saint-Ghislain,50.45333,3.81719,1,103,85,3,1,2,1973,Bon,F,455,"Maison 2 façades de 103 m² à Saint-Ghislain, 3 chambres, état : bon.",2025-04-24,2025-11-20,165000.0
EX0016,exemple fictif,,maison,Rue du Moulin,33,7330,Saint-Ghislain,50.45333,3.81719,1,103,85,3,1,2,1973,Bon,F,455,"Maison 2 façades de 103 m² à Saint-Ghislain, 3 chambres, état : bon.",2025-04-24,2025-12-20,165000.0
EX0016,exemple fictif,,maison,Rue du Moulin,33,7330,Saint-Ghislain,50.45333,3.81719,1,103,85,3,1,2,1973,Bon,F,455,"Maison 2 façades de 103 m² à Saint-Ghislain, 3 chambres, état : bon.",2025-04-24,2026-01-19,165000.0
EX0016,exemple fictif,,maison,Rue du Moulin,33,7330,Saint-Ghislain,50.45333,3.81719,1,103,85,3,1,2,1973,Bon,F,455,"Maison 2 façades de 103 m² à Saint-Ghislain, 3 chambres, état : bon.",2025-04-24,2026-02-18,165000.0
EX0016,exemple fictif,,maison,Rue du Moulin,33,7330,Saint-Ghislain,50.45333,3.81719,1,103,85,3,1,2,1973,Bon,F,455,"Maison 2 façades de 103 m² à Saint-Ghislain, 3 chambres, état : bon.",2025-04-24,2026-03-20,165000.0
EX0016,exemple fictif,,maison,Rue du Moulin,33,7330,Saint-Ghislain,50.45333,3.81719,1,103,85,3,1,2,1973,Bon,F,455,"Maison 2 façades de 103 m² à Saint-Ghislain, 3 chambres, état : bon.",2025-04-24,2026-04-19,165000.0
EX0016,exemple fictif,,maison,Rue du Moulin,33,7330,Saint-Ghislain,50.45333,3.81719,1,103,85,3,1,2,1973,Bon,F,455,"Maison 2 façades de 103 m² à Saint-Ghislain, 3 chambres, état : bon.",2025-04-24,2026-05-19,165000.0
EX0016,exemple fictif,,maison,Rue du Moulin,33,7330,Saint-Ghislain,50.45333,3.81719,1,103,85,3,1,2,1973,Bon,F,455,"Maison 2 façades de 103 m² à Saint-Ghislain, 3 chambres, état : bon.",2025-04-24,2026-06-18,165000.0
EX0016,exemple fictif,,maison,Rue du Moulin,33,7330,Saint-Ghislain,50.45333,3.81719,1,103,85,3,1,2,1973,Bon,F,455,"Maison 2 façades de 103 m² à Saint-Ghislain, 3 chambres, état : bon.",2025-04-24,2026-07-18,165000.0
EX0016,exemple fictif,,maison,Rue du Moulin,33,7330,Saint-Ghislain,50.45333,3.81719,1,103,85,3,1,2,1973,Bon,F,455,"Maison 2 façades de 103 m² à Saint-Ghislain, 3 chambres, état : bon.",2025-04-24,2026-08-17,165000.0
EX0016,exemple fictif,,maison,Rue du Moulin,33,7330,Saint-Ghislain,50.45333,3.81719,1,103,85,3,1,2,1973,Bon,F,455,"Maison 2 façades de 103 m² à Saint-Ghislain, 3 chambres, état : bon.",2025-04-24,2026-09-16,165000.0
EX0017,exemple fictif,,maison,Rue du Moulin,43,7330,Saint-Ghislain,50.42849,3.81323,1,124,161,4,1,2,1971,Bon,C,200,"Maison 2 façades de 124 m² à Saint-Ghislain, 4 chambres, état : bon.",2026-07-14,2026-07-14,179000.0
EX0017,exemple fictif,,maison,Rue du Moulin,43,7330,Saint-Ghislain,50.42849,3.81323,1,124,161,4,1,2,1971,Bon,C,200,"Maison 2 façades de 124 m² à Saint-Ghislain, 4 chambres, état : bon.",2026-07-14,2026-08-13,179000.0
EX0017,exemple fictif,,maison,Rue du Moulin,43,7330,Saint-Ghislain,50.42849,3.81323,1,124,161,4,1,2,1971,Bon,C,200,"Maison 2 façades de 124 m² à Saint-Ghislain, 4 chambres, état : bon.",2026-07-14,2026-09-12,179000.0
EX0018,exemple fictif,,maison,Rue de l'Église,61,7033,Cuesmes,50.44007,3.91584,1,133,279,3,1,2,2008,À rénover,C,181,"Maison 2 façades de 133 m² à Cuesmes, 3 chambres, état : à rénover.",2026-08-02,2026-08-02,153000.0
EX0018,exemple fictif,,maison,Rue de l'Église,61,7033,Cuesmes,50.44007,3.91584,1,133,279,3,1,2,2008,À rénover,C,181,"Maison 2 façades de 133 m² à Cuesmes, 3 chambres, état : à rénover.",2026-08-02,2026-09-01,153000.0
EX0018,exemple fictif,,maison,Rue de l'Église,61,7033,Cuesmes,50.44007,3.91584,1,133,279,3,1,2,2008,À rénover,C,181,"Maison 2 façades de 133 m² à Cuesmes, 3 chambres, état : à rénover.",2026-08-02,2026-10-01,153000.0
EX0019,exemple fictif,,maison,Rue de la Station,46,7080,Frameries,50.4085,3.88731,1,186,1092,4,2,4,1975,Fraîchement rénové,C,195,"Maison 4 façades de 186 m² à Frameries, 4 chambres, état : fraîchement rénové.",2025-03-06,2025-03-06,302000.0
EX0019,exemple fictif,,maison,Rue de la Station,46,7080,Frameries,50.4085,3.88731,1,186,1092,4,2,4,1975,Fraîchement rénové,C,195,"Maison 4 façades de 186 m² à Frameries, 4 chambres, état : fraîchement rénové.",2025-03-06,2025-04-05,302000.0
EX0019,exemple fictif,,maison,Rue de la Station,46,7080,Frameries,50.4085,3.88731,1,186,1092,4,2,4,1975,Fraîchement rénové,C,195,"Maison 4 façades de 186 m² à Frameries, 4 chambres, état : fraîchement rénové.",2025-03-06,2025-05-05,302000.0
EX0019,exemple fictif,,maison,Rue de la Station,46,7080,Frameries,50.4085,3.88731,1,186,1092,4,2,4,1975,Fraîchement rénové,C,195,"Maison 4 façades de 186 m² à Frameries, 4 chambres, état : fraîchement rénové.",2025-03-06,2025-06-04,302000.0
EX0019,exemple fictif,,maison,Rue de la Station,46,7080,Frameries,50.4085,3.88731,1,186,1092,4,2,4,1975,Fraîchement rénové,C,195,"Maison 4 façades de 186 m² à Frameries, 4 chambres, état : fraîchement rénové.",2025-03-06,2025-07-04,302000.0
EX0019,exemple fictif,,maison,Rue de la Station,46,7080,Frameries,50.4085,3.88731,1,186,1092,4,2,4,1975,Fraîchement rénové,C,195,"Maison 4 façades de 186 m² à Frameries, 4 chambres, état : fraîchement rénové.",2025-03-06,2025-08-03,302000.0
EX0019,exemple fictif,,maison,Rue de la Station,46,7080,Frameries,50.4085,3.88731,1,186,1092,4,2,4,1975,Fraîchement rénové,C,195,"Maison 4 façades de 186 m² à Frameries, 4 chambres, état : fraîchement rénové.",2025-03-06,2025-09-02,302000.0
EX0019,exemple fictif,,maison,Rue de la Station,46,7080,Frameries,50.4085,3.88731,1,186,1092,4,2,4,1975,Fraîchement rénové,C,195,"Maison 4 façades de 186 m² à Frameries, 4 chambres, état : fraîchement rénové.",2025-03-06,2025-10-02,302000.0
EX0019,exemple fictif,,maison,Rue de la Station,46,7080,Frameries,50.4085,3.88731,1,186,1092,4,2,4,1975,Fraîchement rénové,C,195,"Maison 4 façades de 186 m² à Frameries, 4 chambres, état : fraîchement rénové.",2025-03-06,2025-11-01,302000.0
EX0019,exemple fictif,,maison,Rue de la Station,46,7080,Frameries,50.4085,3.88731,1,186,1092,4,2,4,1975,Fraîchement rénové,C,195,"Maison 4 façades de 186 m² à Frameries, 4 chambres, état : fraîchement rénové.",2025-03-06,2025-12-01,302000.0
EX0019,exemple fictif,,maison,Rue de la Station,46,7080,Frameries,50.4085,3.88731,1,186,1092,4,2,4,1975,Fraîchement rénové,C,195,"Maison 4 façades de 186 m² à Frameries, 4 chambres, état : fraîchement rénové.",2025-03-06,2025-12-31,302000.0
EX0019,exemple fictif,,maison,Rue de la Station,46,7080,Frameries,50.4085,3.88731,1,186,1092,4,2,4,1975,Fraîchement rénové,C,195,"Maison 4 façades de 186 m² à Frameries, 4 chambres, état : fraîchement rénové.",2025-03-06,2026-01-30,302000.0
EX0019,exemple fictif,,maison,Rue de la Station,46,7080,Frameries,50.4085,3.88731,1,186,1092,4,2,4,1975,Fraîchement rénové,C,195,"Maison 4 façades de 186 m² à Frameries, 4 chambres, état : fraîchement rénové.",2025-03-06,2026-03-01,302000.0
EX0019,exemple fictif,,maison,Rue de la Station,46,7080,Frameries,50.4085,3.88731,1,186,1092,4,2,4,1975,Fraîchement rénové,C,195,"Maison 4 façades de 186 m² à Frameries, 4 chambres, état : fraîchement rénové.",2025-03-06,2026-03-31,302000.0
EX0019,exemple fictif,,maison,Rue de la Station,46,7080,Frameries,50.4085,3.88731,1,186,1092,4,2,4,1975,Fraîchement rénové,C,195,"Maison 4 façades de 186 m² à Frameries, 4 chambres, état : fraîchement rénové.",2025-03-06,2026-04-30,302000.0
EX0019,exemple fictif,,maison,Rue de la Station,46,7080,Frameries,50.4085,3.88731,1,186,1092,4,2,4,1975,Fraîchement rénové,C,195,"Maison 4 façades de 186 m² à Frameries, 4 chambres, état : fraîchement rénové.",2025-03-06,2026-05-30,302000.0
EX0019,exemple fictif,,maison,Rue de la Station,46,7080,Frameries,50.4085,3.88731,1,186,1092,4,2,4,1975,Fraîchement rénové,C,195,"Maison 4 façades de 186 m² à Frameries, 4 chambres, état : fraîchement rénové.",2025-03-06,2026-06-29,302000.0
EX0019,exemple fictif,,maison,Rue de la Station,46,7080,Frameries,50.4085,3.88731,1,186,1092,4,2,4,1975,Fraîchement rénové,C,195,"Maison 4 façades de 186 m² à Frameries, 4 chambres, état : fraîchement rénové.",2025-03-06,2026-07-29,302000.0
EX0019,exemple fictif,,maison,Rue de la Station,46,7080,Frameries,50.4085,3.88731,1,186,1092,4,2,4,1975,Fraîchement rénové,C,195,"Maison 4 façades de 186 m² à Frameries, 4 chambres, état : fraîchement rénové.",2025-03-06,2026-08-28,302000.0
EX0019,exemple fictif,,maison,Rue de la Station,46,7080,Frameries,50.4085,3.88731,1,186,1092,4,2,4,1975,Fraîchement rénové,C,195,"Maison 4 façades de 186 m² à Frameries, 4 chambres, état : fraîchement rénové.",2025-03-06,2026-09-27,302000.0
EX0020,exemple fictif,,maison,Rue de l'Église,158,7330,Saint-Ghislain,50.45201,3.81899,1,188,1151,4,2,3,2011,Fraîchement rénové,C,218,"Maison 3 façades de 188 m² à Saint-Ghislain, 4 chambres, état : fraîchement rénové.",2025-05-15,2025-05-15,482000.0
EX0020,exemple fictif,,maison,Rue de l'Église,158,7330,Saint-Ghislain,50.45201,3.81899,1,188,1151,4,2,3,2011,Fraîchement rénové,C,218,"Maison 3 façades de 188 m² à Saint-Ghislain, 4 chambres, état : fraîchement rénové.",2025-05-15,2025-06-14,482000.0
EX0020,exemple fictif,,maison,Rue de l'Église,158,7330,Saint-Ghislain,50.45201,3.81899,1,188,1151,4,2,3,2011,Fraîchement rénové,C,218,"Maison 3 façades de 188 m² à Saint-Ghislain, 4 chambres, état : fraîchement rénové.",2025-05-15,2025-07-14,482000.0
EX0020,exemple fictif,,maison,Rue de l'Église,158,7330,Saint-Ghislain,50.45201,3.81899,1,188,1151,4,2,3,2011,Fraîchement rénové,C,218,"Maison 3 façades de 188 m² à Saint-Ghislain, 4 chambres, état : fraîchement rénové.",2025-05-15,2025-08-13,482000.0
EX0020,exemple fictif,,maison,Rue de l'Église,158,7330,Saint-Ghislain,50.45201,3.81899,1,188,1151,4,2,3,2011,Fraîchement rénové,C,218,"Maison 3 façades de 188 m² à Saint-Ghislain, 4 chambres, état : fraîchement rénové.",2025-05-15,2025-09-12,482000.0
EX0020,exemple fictif,,maison,Rue de l'Église,158,7330,Saint-Ghislain,50.45201,3.81899,1,188,1151,4,2,3,2011,Fraîchement rénové,C,218,"Maison 3 façades de 188 m² à Saint-Ghislain, 4 chambres, état : fraîchement rénové.",2025-05-15,2025-10-12,482000.0
EX0020,exemple fictif,,maison,Rue de l'Église,158,7330,Saint-Ghislain,50.45201,3.81899,1,188,1151,4,2,3,2011,Fraîchement rénové,C,218,"Maison 3 façades de 188 m² à Saint-Ghislain, 4 chambres, état : fraîchement rénové.",2025-05-15,2025-11-11,447000.0
EX0020,exemple fictif,,maison,Rue de l'Église,158,7330,Saint-Ghislain,50.45201,3.81899,1,188,1151,4,2,3,2011,Fraîchement rénové,C,218,"Maison 3 façades de 188 m² à Saint-Ghislain, 4 chambres, état : fraîchement rénové.",2025-05-15,2025-12-11,447000.0
EX0020,exemple fictif,,maison,Rue de l'Église,158,7330,Saint-Ghislain,50.45201,3.81899,1,188,1151,4,2,3,2011,Fraîchement rénové,C,218,"Maison 3 façades de 188 m² à Saint-Ghislain, 4 chambres, état : fraîchement rénové.",2025-05-15,2026-01-10,447000.0
EX0020,exemple fictif,,maison,Rue de l'Église,158,7330,Saint-Ghislain,50.45201,3.81899,1,188,1151,4,2,3,2011,Fraîchement rénové,C,218,"Maison 3 façades de 188 m² à Saint-Ghislain, 4 chambres, état : fraîchement rénové.",2025-05-15,2026-02-09,447000.0
EX0020,exemple fictif,,maison,Rue de l'Église,158,7330,Saint-Ghislain,50.45201,3.81899,1,188,1151,4,2,3,2011,Fraîchement rénové,C,218,"Maison 3 façades de 188 m² à Saint-Ghislain, 4 chambres, état : fraîchement rénové.",2025-05-15,2026-03-11,447000.0
EX0020,exemple fictif,,maison,Rue de l'Église,158,7330,Saint-Ghislain,50.45201,3.81899,1,188,1151,4,2,3,2011,Fraîchement rénové,C,218,"Maison 3 façades de 188 m² à Saint-Ghislain, 4 chambres, état : fraîchement rénové.",2025-05-15,2026-04-10,447000.0
EX0020,exemple fictif,,maison,Rue de l'Église,158,7330,Saint-Ghislain,50.45201,3.81899,1,188,1151,4,2,3,2011,Fraîchement rénové,C,218,"Maison 3 façades de 188 m² à Saint-Ghislain, 4 chambres, état : fraîchement rénové.",2025-05-15,2026-05-10,447000.0
EX0020,exemple fictif,,maison,Rue de l'Église,158,7330,Saint-Ghislain,50.45201,3.81899,1,188,1151,4,2,3,2011,Fraîchement rénové,C,218,"Maison 3 façades de 188 m² à Saint-Ghislain, 4 chambres, état : fraîchement rénové.",2025-05-15,2026-06-09,447000.0
EX0020,exemple fictif,,maison,Rue de l'Église,158,7330,Saint-Ghislain,50.45201,3.81899,1,188,1151,4,2,3,2011,Fraîchement rénové,C,218,"Maison 3 façades de 188 m² à Saint-Ghislain, 4 chambres, état : fraîchement rénové.",2025-05-15,2026-07-09,447000.0
EX0020,exemple fictif,,maison,Rue de l'Église,158,7330,Saint-Ghislain,50.45201,3.81899,1,188,1151,4,2,3,2011,Fraîchement rénové,C,218,"Maison 3 façades de 188 m² à Saint-Ghislain, 4 chambres, état : fraîchement rénové.",2025-05-15,2026-08-08,416000.0
EX0020,exemple fictif,,maison,Rue de l'Église,158,7330,Saint-Ghislain,50.45201,3.81899,1,188,1151,4,2,3,2011,Fraîchement rénové,C,218,"Maison 3 façades de 188 m² à Saint-Ghislain, 4 chambres, état : fraîchement rénové.",2025-05-15,2026-09-07,416000.0
EX0020,exemple fictif,,maison,Rue de l'Église,158,7330,Saint-Ghislain,50.45201,3.81899,1,188,1151,4,2,3,2011,Fraîchement rénové,C,218,"Maison 3 façades de 188 m² à Saint-Ghislain, 4 chambres, état : fraîchement rénové.",2025-05-15,2026-10-07,389000.0
EX0021,exemple fictif,,maison,Rue des Écoles,185,7340,Colfontaine,50.40504,3.85515,1,86,118,3,1,2,2005,Fraîchement rénové,C,193,"Maison 2 façades de 86 m² à Colfontaine, 3 chambres, état : fraîchement rénové.",2024-09-07,2024-09-07,136000.0
EX0021,exemple fictif,,maison,Rue des Écoles,185,7340,Colfontaine,50.40504,3.85515,1,86,118,3,1,2,2005,Fraîchement rénové,C,193,"Maison 2 façades de 86 m² à Colfontaine, 3 chambres, état : fraîchement rénové.",2024-09-07,2024-10-07,136000.0
EX0021,exemple fictif,,maison,Rue des Écoles,185,7340,Colfontaine,50.40504,3.85515,1,86,118,3,1,2,2005,Fraîchement rénové,C,193,"Maison 2 façades de 86 m² à Colfontaine, 3 chambres, état : fraîchement rénové.",2024-09-07,2024-11-06,136000.0
EX0021,exemple fictif,,maison,Rue des Écoles,185,7340,Colfontaine,50.40504,3.85515,1,86,118,3,1,2,2005,Fraîchement rénové,C,193,"Maison 2 façades de 86 m² à Colfontaine, 3 chambres, état : fraîchement rénové.",2024-09-07,2024-12-06,136000.0
EX0021,exemple fictif,,maison,Rue des Écoles,185,7340,Colfontaine,50.40504,3.85515,1,86,118,3,1,2,2005,Fraîchement rénové,C,193,"Maison 2 façades de 86 m² à Colfontaine, 3 chambres, état : fraîchement rénové.",2024-09-07,2025-01-05,136000.0
EX0022,exemple fictif,,maison,Rue du Moulin,177,7040,Quévy,50.38332,3.95757,1,96,92,3,1,2,1907,Comme neuf,A,94,"Maison 2 façades de 96 m² à Quévy, 3 chambres, état : comme neuf.",2026-01-26,2026-01-26,314000.0
EX0022,exemple fictif,,maison,Rue du Moulin,177,7040,Quévy,50.38332,3.95757,1,96,92,3,1,2,1907,Comme neuf,A,94,"Maison 2 façades de 96 m² à Quévy, 3 chambres, état : comme neuf.",2026-01-26,2026-02-25,314000.0
EX0022,exemple fictif,,maison,Rue du Moulin,177,7040,Quévy,50.38332,3.95757,1,96,92,3,1,2,1907,Comme neuf,A,94,"Maison 2 façades de 96 m² à Quévy, 3 chambres, état : comme neuf.",2026-01-26,2026-03-27,301000.0
EX0022,exemple fictif,,maison,Rue du Moulin,177,7040,Quévy,50.38332,3.95757,1,96,92,3,1,2,1907,Comme neuf,A,94,"Maison 2 façades de 96 m² à Quévy, 3 chambres, état : comme neuf.",2026-01-26,2026-04-26,301000.0
EX0023,exemple fictif,,maison,Rue de l'Église,79,7030,Saint-Symphorien,50.44002,4.02684,1,142,1035,4,1,3,1953,À rafraîchir,D,285,"Maison 3 façades de 142 m² à Saint-Symphorien, 4 chambres, état : à rafraîchir.",2026-05-09,2026-05-09,284000.0
EX0023,exemple fictif,,maison,Rue de l'Église,79,7030,Saint-Symphorien,50.44002,4.02684,1,142,1035,4,1,3,1953,À rafraîchir,D,285,"Maison 3 façades de 142 m² à Saint-Symphorien, 4 chambres, état : à rafraîchir.",2026-05-09,2026-06-08,284000.0
EX0023,exemple fictif,,maison,Rue de l'Église,79,7030,Saint-Symphorien,50.44002,4.02684,1,142,1035,4,1,3,1953,À rafraîchir,D,285,"Maison 3 façades de 142 m² à Saint-Symphorien, 4 chambres, état : à rafraîchir.",2026-05-09,2026-07-08,262000.0
EX0023,exemple fictif,,maison,Rue de l'Église,79,7030,Saint-Symphorien,50.44002,4.02684,1,142,1035,4,1,3,1953,À rafraîchir,D,285,"Maison 3 façades de 142 m² à Saint-Symphorien, 4 chambres, état : à rafraîchir.",2026-05-09,2026-08-07,248000.0
EX0023,exemple fictif,,maison,Rue de l'Église,79,7030,Saint-Symphorien,50.44002,4.02684,1,142,1035,4,1,3,1953,À rafraîchir,D,285,"Maison 3 façades de 142 m² à Saint-Symphorien, 4 chambres, état : à rafraîchir.",2026-05-09,2026-09-06,248000.0
EX0023,exemple fictif,,maison,Rue de l'Église,79,7030,Saint-Symphorien,50.44002,4.02684,1,142,1035,4,1,3,1953,À rafraîchir,D,285,"Maison 3 façades de 142 m² à Saint-Symphorien, 4 chambres, état : à rafraîchir.",2026-05-09,2026-10-06,248000.0
EX0024,exemple fictif,,maison,Avenue des Tilleuls,166,7012,Jemappes,50.45867,3.89656,1,107,1201,2,1,4,2009,À rafraîchir,C,224,"Maison 4 façades de 107 m² à Jemappes, 2 chambres, état : à rafraîchir.",2024-08-08,2024-08-08,160000.0
EX0024,exemple fictif,,maison,Avenue des Tilleuls,166,7012,Jemappes,50.45867,3.89656,1,107,1201,2,1,4,2009,À rafraîchir,C,224,"Maison 4 façades de 107 m² à Jemappes, 2 chambres, état : à rafraîchir.",2024-08-08,2024-09-07,148000.0
EX0024,exemple fictif,,maison,Avenue des Tilleuls,166,7012,Jemappes,50.45867,3.89656,1,107,1201,2,1,4,2009,À rafraîchir,C,224,"Maison 4 façades de 107 m² à Jemappes, 2 chambres, état : à rafraîchir.",2024-08-08,2024-10-07,148000.0
EX0025,exemple fictif,,maison,Rue du Moulin,117,7020,Nimy,50.47918,3.95589,1,142,969,4,1,4,2006,À restaurer,C,237,"Maison 4 façades de 142 m² à Nimy, 4 chambres, état : à restaurer.",2026-07-14,2026-07-14,167000.0
EX0025,exemple fictif,,maison,Rue du Moulin,117,7020,Nimy,50.47918,3.95589,1,142,969,4,1,4,2006,À restaurer,C,237,"Maison 4 façades de 142 m² à Nimy, 4 chambres, état : à restaurer.",2026-07-14,2026-08-13,167000.0
EX0026,exemple fictif,,maison,Avenue des Tilleuls,159,7011,Ghlin,50.49653,3.90017,1,155,1211,5,1,3,1909,À rénover,D,294,"Maison 3 façades de 155 m² à Ghlin, 5 chambres, état : à rénover.",2025-02-24,2025-02-24,196000.0
EX0026,exemple fictif,,maison,Avenue des Tilleuls,159,7011,Ghlin,50.49653,3.90017,1,155,1211,5,1,3,1909,À rénover,D,294,"Maison 3 façades de 155 m² à Ghlin, 5 chambres, état : à rénover.",2025-02-24,2025-03-26,196000.0
EX0026,exemple fictif,,maison,Avenue des Tilleuls,159,7011,Ghlin,50.49653,3.90017,1,155,1211,5,1,3,1909,À rénover,D,294,"Maison 3 façades de 155 m² à Ghlin, 5 chambres, état : à rénover.",2025-02-24,2025-04-25,196000.0
EX0026,exemple fictif,,maison,Avenue des Tilleuls,159,7011,Ghlin,50.49653,3.90017,1,155,1211,5,1,3,1909,À rénover,D,294,"Maison 3 façades de 155 m² à Ghlin, 5 chambres, état : à rénover.",2025-02-24,2025-05-25,196000.0
EX0026,exemple fictif,,maison,Avenue des Tilleuls,159,7011,Ghlin,50.49653,3.90017,1,155,1211,5,1,3,1909,À rénover,D,294,"Maison 3 façades de 155 m² à Ghlin, 5 chambres, état : à rénover.",2025-02-24,2025-06-24,196000.0
EX0026,exemple fictif,,maison,Avenue des Tilleuls,159,7011,Ghlin,50.49653,3.90017,1,155,1211,5,1,3,1909,À rénover,D,294,"Maison 3 façades de 155 m² à Ghlin, 5 chambres, état : à rénover.",2025-02-24,2025-07-24,196000.0
EX0026,exemple fictif,,maison,Avenue des Tilleuls,159,7011,Ghlin,50.49653,3.90017,1,155,1211,5,1,3,1909,À rénover,D,294,"Maison 3 façades de 155 m² à Ghlin, 5 chambres, état : à rénover.",2025-02-24,2025-08-23,196000.0
EX0026,exemple fictif,,maison,Avenue des Tilleuls,159,7011,Ghlin,50.49653,3.90017,1,155,1211,5,1,3,1909,À rénover,D,294,"Maison 3 façades de 155 m² à Ghlin, 5 chambres, état : à rénover.",2025-02-24,2025-09-22,196000.0
EX0026,exemple fictif,,maison,Avenue des Tilleuls,159,7011,Ghlin,50.49653,3.90017,1,155,1211,5,1,3,1909,À rénover,D,294,"Maison 3 façades de 155 m² à Ghlin, 5 chambres, état : à rénover.",2025-02-24,2025-10-22,196000.0
EX0026,exemple fictif,,maison,Avenue des Tilleuls,159,7011,Ghlin,50.49653,3.90017,1,155,1211,5,1,3,1909,À rénover,D,294,"Maison 3 façades de 155 m² à Ghlin, 5 chambres, état : à rénover.",2025-02-24,2025-11-21,196000.0
EX0026,exemple fictif,,maison,Avenue des Tilleuls,159,7011,Ghlin,50.49653,3.90017,1,155,1211,5,1,3,1909,À rénover,D,294,"Maison 3 façades de 155 m² à Ghlin, 5 chambres, état : à rénover.",2025-02-24,2025-12-21,196000.0
EX0026,exemple fictif,,maison,Avenue des Tilleuls,159,7011,Ghlin,50.49653,3.90017,1,155,1211,5,1,3,1909,À rénover,D,294,"Maison 3 façades de 155 m² à Ghlin, 5 chambres, état : à rénover.",2025-02-24,2026-01-20,196000.0
EX0026,exemple fictif,,maison,Avenue des Tilleuls,159,7011,Ghlin,50.49653,3.90017,1,155,1211,5,1,3,1909,À rénover,D,294,"Maison 3 façades de 155 m² à Ghlin, 5 chambres, état : à rénover.",2025-02-24,2026-02-19,196000.0
EX0026,exemple fictif,,maison,Avenue des Tilleuls,159,7011,Ghlin,50.49653,3.90017,1,155,1211,5,1,3,1909,À rénover,D,294,"Maison 3 façades de 155 m² à Ghlin, 5 chambres, état : à rénover.",2025-02-24,2026-03-21,196000.0
EX0027,exemple fictif,,maison,Rue de la Station,110,7020,Nimy,50.46804,3.95126,1,146,179,3,1,2,1929,Fraîchement rénové,C,180,"Maison 2 façades de 146 m² à Nimy, 3 chambres, état : fraîchement rénové.",2025-07-12,2025-07-12,305000.0
EX0027,exemple fictif,,maison,Rue de la Station,110,7020,Nimy,50.46804,3.95126,1,146,179,3,1,2,1929,Fraîchement rénové,C,180,"Maison 2 façades de 146 m² à Nimy, 3 chambres, état : fraîchement rénové.",2025-07-12,2025-08-11,305000.0
EX0027,exemple fictif,,maison,Rue de la Station,110,7020,Nimy,50.46804,3.95126,1,146,179,3,1,2,1929,Fraîchement rénové,C,180,"Maison 2 façades de 146 m² à Nimy, 3 chambres, état : fraîchement rénové.",2025-07-12,2025-09-10,305000.0
EX0027,exemple fictif,,maison,Rue de la Station,110,7020,Nimy,50.46804,3.95126,1,146,179,3,1,2,1929,Fraîchement rénové,C,180,"Maison 2 façades de 146 m² à Nimy, 3 chambres, état : fraîchement rénové.",2025-07-12,2025-10-10,305000.0
EX0028,exemple fictif,,maison,Rue du Moulin,135,7020,Nimy,50.47164,3.94721,1,100,216,3,1,2,1911,À rénover,F,457,"Maison 2 façades de 100 m² à Nimy, 3 chambres, état : à rénover.",2025-10-06,2025-10-06,121000.0
EX0028,exemple fictif,,maison,Rue du Moulin,135,7020,Nimy,50.47164,3.94721,1,100,216,3,1,2,1911,À rénover,F,457,"Maison 2 façades de 100 m² à Nimy, 3 chambres, état : à rénover.",2025-10-06,2025-11-05,121000.0
EX0028,exemple fictif,,maison,Rue du Moulin,135,7020,Nimy,50.47164,3.94721,1,100,216,3,1,2,1911,À rénover,F,457,"Maison 2 façades de 100 m² à Nimy, 3 chambres, état : à rénover.",2025-10-06,2025-12-05,121000.0
EX0028,exemple fictif,,maison,Rue du Moulin,135,7020,Nimy,50.47164,3.94721,1,100,216,3,1,2,1911,À rénover,F,457,"Maison 2 façades de 100 m² à Nimy, 3 chambres, état : à rénover.",2025-10-06,2026-01-04,121000.0
EX0028,exemple fictif,,maison,Rue du Moulin,135,7020,Nimy,50.47164,3.94721,1,100,216,3,1,2,1911,À rénover,F,457,"Maison 2 façades de 100 m² à Nimy, 3 chambres, état : à rénover.",2025-10-06,2026-02-03,121000.0
EX0028,exemple fictif,,maison,Rue du Moulin,135,7020,Nimy,50.47164,3.94721,1,100,216,3,1,2,1911,À rénover,F,457,"Maison 2 façades de 100 m² à Nimy, 3 chambres, état : à rénover.",2025-10-06,2026-03-05,121000.0
EX0028,exemple fictif,,maison,Rue du Moulin,135,7020,Nimy,50.47164,3.94721,1,100,216,3,1,2,1911,À rénover,F,457,"Maison 2 façades de 100 m² à Nimy, 3 chambres, état : à rénover.",2025-10-06,2026-04-04,121000.0
EX0029,exemple fictif,,maison,Rue de l'Église,90,7340,Colfontaine,50.40016,3.85047,1,168,265,4,2,2,2022,À rénover,E,367,"Maison 2 façades de 168 m² à Colfontaine, 4 chambres, état : à rénover.",2025-09-27,2025-09-27,188000.0
EX0029,exemple fictif,,maison,Rue de l'Église,90,7340,Colfontaine,50.40016,3.85047,1,168,265,4,2,2,2022,À rénover,E,367,"Maison 2 façades de 168 m² à Colfontaine, 4 chambres, état : à rénover.",2025-09-27,2025-10-27,188000.0
EX0029,exemple fictif,,maison,Rue de l'Église,90,7340,Colfontaine,50.40016,3.85047,1,168,265,4,2,2,2022,À rénover,E,367,"Maison 2 façades de 168 m² à Colfontaine, 4 chambres, état : à rénover.",2025-09-27,2025-11-26,188000.0
EX0029,exemple fictif,,maison,Rue de l'Église,90,7340,Colfontaine,50.40016,3.85047,1,168,265,4,2,2,2022,À rénover,E,367,"Maison 2 façades de 168 m² à Colfontaine, 4 chambres, état : à rénover.",2025-09-27,2025-12-26,188000.0
EX0029,exemple fictif,,maison,Rue de l'Église,90,7340,Colfontaine,50.40016,3.85047,1,168,265,4,2,2,2022,À rénover,E,367,"Maison 2 façades de 168 m² à Colfontaine, 4 chambres, état : à rénover.",2025-09-27,2026-01-25,188000.0
EX0029,exemple fictif,,maison,Rue de l'Église,90,7340,Colfontaine,50.40016,3.85047,1,168,265,4,2,2,2022,À rénover,E,367,"Maison 2 façades de 168 m² à Colfontaine, 4 chambres, état : à rénover.",2025-09-27,2026-02-24,188000.0
EX0029,exemple fictif,,maison,Rue de l'Église,90,7340,Colfontaine,50.40016,3.85047,1,168,265,4,2,2,2022,À rénover,E,367,"Maison 2 façades de 168 m² à Colfontaine, 4 chambres, état : à rénover.",2025-09-27,2026-03-26,188000.0
EX0029,exemple fictif,,maison,Rue de l'Église,90,7340,Colfontaine,50.40016,3.85047,1,168,265,4,2,2,2022,À rénover,E,367,"Maison 2 façades de 168 m² à Colfontaine, 4 chambres, état : à rénover.",2025-09-27,2026-04-25,188000.0
EX0029,exemple fictif,,maison,Rue de l'Église,90,7340,Colfontaine,50.40016,3.85047,1,168,265,4,2,2,2022,À rénover,E,367,"Maison 2 façades de 168 m² à Colfontaine, 4 chambres, état : à rénover.",2025-09-27,2026-05-25,188000.0
EX0029,exemple fictif,,maison,Rue de l'Église,90,7340,Colfontaine,50.40016,3.85047,1,168,265,4,2,2,2022,À rénover,E,367,"Maison 2 façades de 168 m² à Colfontaine, 4 chambres, état : à rénover.",2025-09-27,2026-06-24,188000.0
EX0029,exemple fictif,,maison,Rue de l'Église,90,7340,Colfontaine,50.40016,3.85047,1,168,265,4,2,2,2022,À rénover,E,367,"Maison 2 façades de 168 m² à Colfontaine, 4 chambres, état : à rénover.",2025-09-27,2026-07-24,188000.0
EX0029,exemple fictif,,maison,Rue de l'Église,90,7340,Colfontaine,50.40016,3.85047,1,168,265,4,2,2,2022,À rénover,E,367,"Maison 2 façades de 168 m² à Colfontaine, 4 chambres, état : à rénover.",2025-09-27,2026-08-23,188000.0
EX0029,exemple fictif,,maison,Rue de l'Église,90,7340,Colfontaine,50.40016,3.85047,1,168,265,4,2,2,2022,À rénover,E,367,"Maison 2 façades de 168 m² à Colfontaine, 4 chambres, état : à rénover.",2025-09-27,2026-09-22,188000.0
EX0030,exemple fictif,,maison,Rue de l'Église,102,7330,Saint-Ghislain,50.44073,3.80148,1,106,144,2,1,2,1954,À rafraîchir,E,384,"Maison 2 façades de 106 m² à Saint-Ghislain, 2 chambres, état : à rafraîchir.",2025-07-08,2025-07-08,151000.0
EX0030,exemple fictif,,maison,Rue de l'Église,102,7330,Saint-Ghislain,50.44073,3.80148,1,106,144,2,1,2,1954,À rafraîchir,E,384,"Maison 2 façades de 106 m² à Saint-Ghislain, 2 chambres, état : à rafraîchir.",2025-07-08,2025-08-07,151000.0
EX0030,exemple fictif,,maison,Rue de l'Église,102,7330,Saint-Ghislain,50.44073,3.80148,1,106,144,2,1,2,1954,À rafraîchir,E,384,"Maison 2 façades de 106 m² à Saint-Ghislain, 2 chambres, état : à rafraîchir.",2025-07-08,2025-09-06,151000.0
EX0030,exemple fictif,,maison,Rue de l'Église,102,7330,Saint-Ghislain,50.44073,3.80148,1,106,144,2,1,2,1954,À rafraîchir,E,384,"Maison 2 façades de 106 m² à Saint-Ghislain, 2 chambres, état : à rafraîchir.",2025-07-08,2025-10-06,151000.0
EX0030,exemple fictif,,maison,Rue de l'Église,102,7330,Saint-Ghislain,50.44073,3.80148,1,106,144,2,1,2,1954,À rafraîchir,E,384,"Maison 2 façades de 106 m² à Saint-Ghislain, 2 chambres, état : à rafraîchir.",2025-07-08,2025-11-05,151000.0
EX0030,exemple fictif,,maison,Rue de l'Église,102,7330,Saint-Ghislain,50.44073,3.80148,1,106,144,2,1,2,1954,À rafraîchir,E,384,"Maison 2 façades de 106 m² à Saint-Ghislain, 2 chambres, état : à rafraîchir.",2025-07-08,2025-12-05,151000.0
EX0030,exemple fictif,,maison,Rue de l'Église,102,7330,Saint-Ghislain,50.44073,3.80148,1,106,144,2,1,2,1954,À rafraîchir,E,384,"Maison 2 façades de 106 m² à Saint-Ghislain, 2 chambres, état : à rafraîchir.",2025-07-08,2026-01-04,151000.0
EX0030,exemple fictif,,maison,Rue de l'Église,102,7330,Saint-Ghislain,50.44073,3.80148,1,106,144,2,1,2,1954,À rafraîchir,E,384,"Maison 2 façades de 106 m² à Saint-Ghislain, 2 chambres, état : à rafraîchir.",2025-07-08,2026-02-03,151000.0
EX0030,exemple fictif,,maison,Rue de l'Église,102,7330,Saint-Ghislain,50.44073,3.80148,1,106,144,2,1,2,1954,À rafraîchir,E,384,"Maison 2 façades de 106 m² à Saint-Ghislain, 2 chambres, état : à rafraîchir.",2025-07-08,2026-03-05,151000.0
EX0030,exemple fictif,,maison,Rue de l'Église,102,7330,Saint-Ghislain,50.44073,3.80148,1,106,144,2,1,2,1954,À rafraîchir,E,384,"Maison 2 façades de 106 m² à Saint-Ghislain, 2 chambres, état : à rafraîchir.",2025-07-08,2026-04-04,151000.0
EX0030,exemple fictif,,maison,Rue de l'Église,102,7330,Saint-Ghislain,50.44073,3.80148,1,106,144,2,1,2,1954,À rafraîchir,E,384,"Maison 2 façades de 106 m² à Saint-Ghislain, 2 chambres, état : à rafraîchir.",2025-07-08,2026-05-04,151000.0
EX0030,exemple fictif,,maison,Rue de l'Église,102,7330,Saint-Ghislain,50.44073,3.80148,1,106,144,2,1,2,1954,À rafraîchir,E,384,"Maison 2 façades de 106 m² à Saint-Ghislain, 2 chambres, état : à rafraîchir.",2025-07-08,2026-06-03,151000.0
EX0030,exemple fictif,,maison,Rue de l'Église,102,7330,Saint-Ghislain,50.44073,3.80148,1,106,144,2,1,2,1954,À rafraîchir,E,384,"Maison 2 façades de 106 m² à Saint-Ghislain, 2 chambres, état : à rafraîchir.",2025-07-08,2026-07-03,151000.0
EX0030,exemple fictif,,maison,Rue de l'Église,102,7330,Saint-Ghislain,50.44073,3.80148,1,106,144,2,1,2,1954,À rafraîchir,E,384,"Maison 2 façades de 106 m² à Saint-Ghislain, 2 chambres, état : à rafraîchir.",2025-07-08,2026-08-02,151000.0
EX0030,exemple fictif,,maison,Rue de l'Église,102,7330,Saint-Ghislain,50.44073,3.80148,1,106,144,2,1,2,1954,À rafraîchir,E,384,"Maison 2 façades de 106 m² à Saint-Ghislain, 2 chambres, état : à rafraîchir.",2025-07-08,2026-09-01,151000.0
EX0030,exemple fictif,,maison,Rue de l'Église,102,7330,Saint-Ghislain,50.44073,3.80148,1,106,144,2,1,2,1954,À rafraîchir,E,384,"Maison 2 façades de 106 m² à Saint-Ghislain, 2 chambres, état : à rafraîchir.",2025-07-08,2026-10-01,151000.0
EX0031,exemple fictif,,maison,Rue des Écoles,99,7021,Havré,50.45699,4.05172,1,201,270,4,2,2,1941,Bon,G,597,"Maison 2 façades de 201 m² à Havré, 4 chambres, état : bon.",2025-12-07,2025-12-07,319000.0
EX0031,exemple fictif,,maison,Rue des Écoles,99,7021,Havré,50.45699,4.05172,1,201,270,4,2,2,1941,Bon,G,597,"Maison 2 façades de 201 m² à Havré, 4 chambres, état : bon.",2025-12-07,2026-01-06,319000.0
EX0031,exemple fictif,,maison,Rue des Écoles,99,7021,Havré,50.45699,4.05172,1,201,270,4,2,2,1941,Bon,G,597,"Maison 2 façades de 201 m² à Havré, 4 chambres, état : bon.",2025-12-07,2026-02-05,319000.0
EX0031,exemple fictif,,maison,Rue des Écoles,99,7021,Havré,50.45699,4.05172,1,201,270,4,2,2,1941,Bon,G,597,"Maison 2 façades de 201 m² à Havré, 4 chambres, état : bon.",2025-12-07,2026-03-07,319000.0
EX0031,exemple fictif,,maison,Rue des Écoles,99,7021,Havré,50.45699,4.05172,1,201,270,4,2,2,1941,Bon,G,597,"Maison 2 façades de 201 m² à Havré, 4 chambres, état : bon.",2025-12-07,2026-04-06,319000.0
EX0031,exemple fictif,,maison,Rue des Écoles,99,7021,Havré,50.45699,4.05172,1,201,270,4,2,2,1941,Bon,G,597,"Maison 2 façades de 201 m² à Havré, 4 chambres, état : bon.",2025-12-07,2026-05-06,319000.0
EX0031,exemple fictif,,maison,Rue des Écoles,99,7021,Havré,50.45699,4.05172,1,201,270,4,2,2,1941,Bon,G,597,"Maison 2 façades de 201 m² à Havré, 4 chambres, état : bon.",2025-12-07,2026-06-05,319000.0
EX0031,exemple fictif,,maison,Rue des Écoles,99,7021,Havré,50.45699,4.05172,1,201,270,4,2,2,1941,Bon,G,597,"Maison 2 façades de 201 m² à Havré, 4 chambres, état : bon.",2025-12-07,2026-07-05,319000.0
EX0031,exemple fictif,,maison,Rue des Écoles,99,7021,Havré,50.45699,4.05172,1,201,270,4,2,2,1941,Bon,G,597,"Maison 2 façades de 201 m² à Havré, 4 chambres, état : bon.",2025-12-07,2026-08-04,319000.0
EX0031,exemple fictif,,maison,Rue des Écoles,99,7021,Havré,50.45699,4.05172,1,201,270,4,2,2,1941,Bon,G,597,"Maison 2 façades de 201 m² à Havré, 4 chambres, état : bon.",2025-12-07,2026-09-03,319000.0
EX0031,exemple fictif,,maison,Rue des Écoles,99,7021,Havré,50.45699,4.05172,1,201,270,4,2,2,1941,Bon,G,597,"Maison 2 façades de 201 m² à Havré, 4 chambres, état : bon.",2025-12-07,2026-10-03,319000.0
EX0032,exemple fictif,,maison,Rue de la Station,36,7021,Havré,50.47332,4.05239,1,153,235,3,1,2,1994,Bon,D,273,"Maison 2 façades de 153 m² à Havré, 3 chambres, état : bon.",2025-08-23,2025-08-23,268000.0
EX0032,exemple fictif,,maison,Rue de la Station,36,7021,Havré,50.47332,4.05239,1,153,235,3,1,2,1994,Bon,D,273,"Maison 2 façades de 153 m² à Havré, 3 chambres, état : bon.",2025-08-23,2025-09-22,268000.0
EX0032,exemple fictif,,maison,Rue de la Station,36,7021,Havré,50.47332,4.05239,1,153,235,3,1,2,1994,Bon,D,273,"Maison 2 façades de 153 m² à Havré, 3 chambres, état : bon.",2025-08-23,2025-10-22,268000.0
EX0032,exemple fictif,,maison,Rue de la Station,36,7021,Havré,50.47332,4.05239,1,153,235,3,1,2,1994,Bon,D,273,"Maison 2 façades de 153 m² à Havré, 3 chambres, état : bon.",2025-08-23,2025-11-21,268000.0
EX0032,exemple fictif,,maison,Rue de la Station,36,7021,Havré,50.47332,4.05239,1,153,235,3,1,2,1994,Bon,D,273,"Maison 2 façades de 153 m² à Havré, 3 chambres, état : bon.",2025-08-23,2025-12-21,268000.0
EX0032,exemple fictif,,maison,Rue de la Station,36,7021,Havré,50.47332,4.05239,1,153,235,3,1,2,1994,Bon,D,273,"Maison 2 façades de 153 m² à Havré, 3 chambres, état : bon.",2025-08-23,2026-01-20,268000.0
EX0033,exemple fictif,,maison,Rue de l'Église,69,7011,Ghlin,50.4824,3.90542,1,131,1038,3,1,3,1932,Bon,F,444,"Maison 3 façades de 131 m² à Ghlin, 3 chambres, état : bon.",2026-08-03,2026-08-03,282000.0
EX0033,exemple fictif,,maison,Rue de l'Église,69,7011,Ghlin,50.4824,3.90542,1,131,1038,3,1,3,1932,Bon,F,444,"Maison 3 façades de 131 m² à Ghlin, 3 chambres, état : bon.",2026-08-03,2026-09-02,282000.0
EX0033,exemple fictif,,maison,Rue de l'Église,69,7011,Ghlin,50.4824,3.90542,1,131,1038,3,1,3,1932,Bon,F,444,"Maison 3 façades de 131 m² à Ghlin, 3 chambres, état : bon.",2026-08-03,2026-10-02,282000.0
EX0034,exemple fictif,,maison,Avenue des Tilleuls,119,7340,Colfontaine,50.4124,3.85096,1,131,860,3,1,3,1971,Fraîchement rénové,C,200,"Maison 3 façades de 131 m² à Colfontaine, 3 chambres, état : fraîchement rénové.",2026-02-21,2026-02-21,235000.0
EX0034,exemple fictif,,maison,Avenue des Tilleuls,119,7340,Colfontaine,50.4124,3.85096,1,131,860,3,1,3,1971,Fraîchement rénové,C,200,"Maison 3 façades de 131 m² à Colfontaine, 3 chambres, état : fraîchement rénové.",2026-02-21,2026-03-23,223000.0
EX0035,exemple fictif,,maison,Rue des Écoles,33,7040,Quévy,50.37278,3.94212,1,120,282,3,1,4,1909,Fraîchement rénové,C,189,"Maison 4 façades de 120 m² à Quévy, 3 chambres, état : fraîchement rénové.",2026-06-15,2026-06-15,336000.0
EX0035,exemple fictif,,maison,Rue des Écoles,33,7040,Quévy,50.37278,3.94212,1,120,282,3,1,4,1909,Fraîchement rénové,C,189,"Maison 4 façades de 120 m² à Quévy, 3 chambres, état : fraîchement rénové.",2026-06-15,2026-07-15,316000.0
EX0035,exemple fictif,,maison,Rue des Écoles,33,7040,Quévy,50.37278,3.94212,1,120,282,3,1,4,1909,Fraîchement rénové,C,189,"Maison 4 façades de 120 m² à Quévy, 3 chambres, état : fraîchement rénové.",2026-06-15,2026-08-14,316000.0
EX0035,exemple fictif,,maison,Rue des Écoles,33,7040,Quévy,50.37278,3.94212,1,120,282,3,1,4,1909,Fraîchement rénové,C,189,"Maison 4 façades de 120 m² à Quévy, 3 chambres, état : fraîchement rénové.",2026-06-15,2026-09-13,316000.0
EX0036,exemple fictif,,maison,Rue du Moulin,154,7033,Cuesmes,50.44402,3.93109,1,125,225,4,1,2,1917,Fraîchement rénové,B,108,"Maison 2 façades de 125 m² à Cuesmes, 4 chambres, état : fraîchement rénové.",2024-09-28,2024-09-28,216000.0
EX0036,exemple fictif,,maison,Rue du Moulin,154,7033,Cuesmes,50.44402,3.93109,1,125,225,4,1,2,1917,Fraîchement rénové,B,108,"Maison 2 façades de 125 m² à Cuesmes, 4 chambres, état : fraîchement rénové.",2024-09-28,2024-10-28,216000.0
EX0036,exemple fictif,,maison,Rue du Moulin,154,7033,Cuesmes,50.44402,3.93109,1,125,225,4,1,2,1917,Fraîchement rénové,B,108,"Maison 2 façades de 125 m² à Cuesmes, 4 chambres, état : fraîchement rénové.",2024-09-28,2024-11-27,216000.0
EX0037,exemple fictif,,maison,Rue du Moulin,4,7340,Colfontaine,50.40343,3.84475,1,122,669,3,1,3,1978,À rafraîchir,F,483,"Maison 3 façades de 122 m² à Colfontaine, 3 chambres, état : à rafraîchir.",2025-06-03,2025-06-03,156000.0
EX0037,exemple fictif,,maison,Rue du Moulin,4,7340,Colfontaine,50.40343,3.84475,1,122,669,3,1,3,1978,À rafraîchir,F,483,"Maison 3 façades de 122 m² à Colfontaine, 3 chambres, état : à rafraîchir.",2025-06-03,2025-07-03,156000.0
EX0037,exemple fictif,,maison,Rue du Moulin,4,7340,Colfontaine,50.40343,3.84475,1,122,669,3,1,3,1978,À rafraîchir,F,483,"Maison 3 façades de 122 m² à Colfontaine, 3 chambres, état : à rafraîchir.",2025-06-03,2025-08-02,156000.0
EX0037,exemple fictif,,maison,Rue du Moulin,4,7340,Colfontaine,50.40343,3.84475,1,122,669,3,1,3,1978,À rafraîchir,F,483,"Maison 3 façades de 122 m² à Colfontaine, 3 chambres, état : à rafraîchir.",2025-06-03,2025-09-01,156000.0
EX0037,exemple fictif,,maison,Rue du Moulin,4,7340,Colfontaine,50.40343,3.84475,1,122,669,3,1,3,1978,À rafraîchir,F,483,"Maison 3 façades de 122 m² à Colfontaine, 3 chambres, état : à rafraîchir.",2025-06-03,2025-10-01,156000.0
EX0037,exemple fictif,,maison,Rue du Moulin,4,7340,Colfontaine,50.40343,3.84475,1,122,669,3,1,3,1978,À rafraîchir,F,483,"Maison 3 façades de 122 m² à Colfontaine, 3 chambres, état : à rafraîchir.",2025-06-03,2025-10-31,156000.0
EX0037,exemple fictif,,maison,Rue du Moulin,4,7340,Colfontaine,50.40343,3.84475,1,122,669,3,1,3,1978,À rafraîchir,F,483,"Maison 3 façades de 122 m² à Colfontaine, 3 chambres, état : à rafraîchir.",2025-06-03,2025-11-30,156000.0
EX0037,exemple fictif,,maison,Rue du Moulin,4,7340,Colfontaine,50.40343,3.84475,1,122,669,3,1,3,1978,À rafraîchir,F,483,"Maison 3 façades de 122 m² à Colfontaine, 3 chambres, état : à rafraîchir.",2025-06-03,2025-12-30,156000.0
EX0037,exemple fictif,,maison,Rue du Moulin,4,7340,Colfontaine,50.40343,3.84475,1,122,669,3,1,3,1978,À rafraîchir,F,483,"Maison 3 façades de 122 m² à Colfontaine, 3 chambres, état : à rafraîchir.",2025-06-03,2026-01-29,156000.0
EX0037,exemple fictif,,maison,Rue du Moulin,4,7340,Colfontaine,50.40343,3.84475,1,122,669,3,1,3,1978,À rafraîchir,F,483,"Maison 3 façades de 122 m² à Colfontaine, 3 chambres, état : à rafraîchir.",2025-06-03,2026-02-28,156000.0
EX0037,exemple fictif,,maison,Rue du Moulin,4,7340,Colfontaine,50.40343,3.84475,1,122,669,3,1,3,1978,À rafraîchir,F,483,"Maison 3 façades de 122 m² à Colfontaine, 3 chambres, état : à rafraîchir.",2025-06-03,2026-03-30,156000.0
EX0037,exemple fictif,,maison,Rue du Moulin,4,7340,Colfontaine,50.40343,3.84475,1,122,669,3,1,3,1978,À rafraîchir,F,483,"Maison 3 façades de 122 m² à Colfontaine, 3 chambres, état : à rafraîchir.",2025-06-03,2026-04-29,156000.0
EX0037,exemple fictif,,maison,Rue du Moulin,4,7340,Colfontaine,50.40343,3.84475,1,122,669,3,1,3,1978,À rafraîchir,F,483,"Maison 3 façades de 122 m² à Colfontaine, 3 chambres, état : à rafraîchir.",2025-06-03,2026-05-29,156000.0
EX0038,exemple fictif,,maison,Rue de l'Église,144,7050,Jurbise,50.51516,3.91523,1,160,284,4,1,2,1997,Fraîchement rénové,A,50,"Maison 2 façades de 160 m² à Jurbise, 4 chambres, état : fraîchement rénové.",2025-10-30,2025-10-30,400000.0
EX0038,exemple fictif,,maison,Rue de l'Église,144,7050,Jurbise,50.51516,3.91523,1,160,284,4,1,2,1997,Fraîchement rénové,A,50,"Maison 2 façades de 160 m² à Jurbise, 4 chambres, état : fraîchement rénové.",2025-10-30,2025-11-29,400000.0
EX0038,exemple fictif,,maison,Rue de l'Église,144,7050,Jurbise,50.51516,3.91523,1,160,284,4,1,2,1997,Fraîchement rénové,A,50,"Maison 2 façades de 160 m² à Jurbise, 4 chambres, état : fraîchement rénové.",2025-10-30,2025-12-29,400000.0
EX0039,exemple fictif,,maison,Rue de la Station,63,7012,Jemappes,50.43544,3.88588,1,65,585,1,1,4,1996,À rénover,F,442,"Maison 4 façades de 65 m² à Jemappes, 1 chambres, état : à rénover.",2025-10-31,2025-10-31,78000.0
EX0039,exemple fictif,,maison,Rue de la Station,63,7012,Jemappes,50.43544,3.88588,1,65,585,1,1,4,1996,À rénover,F,442,"Maison 4 façades de 65 m² à Jemappes, 1 chambres, état : à rénover.",2025-10-31,2025-11-30,78000.0
EX0039,exemple fictif,,maison,Rue de la Station,63,7012,Jemappes,50.43544,3.88588,1,65,585,1,1,4,1996,À rénover,F,442,"Maison 4 façades de 65 m² à Jemappes, 1 chambres, état : à rénover.",2025-10-31,2025-12-30,78000.0
EX0039,exemple fictif,,maison,Rue de la Station,63,7012,Jemappes,50.43544,3.88588,1,65,585,1,1,4,1996,À rénover,F,442,"Maison 4 façades de 65 m² à Jemappes, 1 chambres, état : à rénover.",2025-10-31,2026-01-29,78000.0
EX0039,exemple fictif,,maison,Rue de la Station,63,7012,Jemappes,50.43544,3.88588,1,65,585,1,1,4,1996,À rénover,F,442,"Maison 4 façades de 65 m² à Jemappes, 1 chambres, état : à rénover.",2025-10-31,2026-02-28,78000.0
EX0039,exemple fictif,,maison,Rue de la Station,63,7012,Jemappes,50.43544,3.88588,1,65,585,1,1,4,1996,À rénover,F,442,"Maison 4 façades de 65 m² à Jemappes, 1 chambres, état : à rénover.",2025-10-31,2026-03-30,78000.0
EX0039,exemple fictif,,maison,Rue de la Station,63,7012,Jemappes,50.43544,3.88588,1,65,585,1,1,4,1996,À rénover,F,442,"Maison 4 façades de 65 m² à Jemappes, 1 chambres, état : à rénover.",2025-10-31,2026-04-29,78000.0
EX0039,exemple fictif,,maison,Rue de la Station,63,7012,Jemappes,50.43544,3.88588,1,65,585,1,1,4,1996,À rénover,F,442,"Maison 4 façades de 65 m² à Jemappes, 1 chambres, état : à rénover.",2025-10-31,2026-05-29,78000.0
EX0039,exemple fictif,,maison,Rue de la Station,63,7012,Jemappes,50.43544,3.88588,1,65,585,1,1,4,1996,À rénover,F,442,"Maison 4 façades de 65 m² à Jemappes, 1 chambres, état : à rénover.",2025-10-31,2026-06-28,78000.0
EX0039,exemple fictif,,maison,Rue de la Station,63,7012,Jemappes,50.43544,3.88588,1,65,585,1,1,4,1996,À rénover,F,442,"Maison 4 façades de 65 m² à Jemappes, 1 chambres, état : à rénover.",2025-10-31,2026-07-28,78000.0
EX0039,exemple fictif,,maison,Rue de la Station,63,7012,Jemappes,50.43544,3.88588,1,65,585,1,1,4,1996,À rénover,F,442,"Maison 4 façades de 65 m² à Jemappes, 1 chambres, état : à rénover.",2025-10-31,2026-08-27,78000.0
EX0039,exemple fictif,,maison,Rue de la Station,63,7012,Jemappes,50.43544,3.88588,1,65,585,1,1,4,1996,À rénover,F,442,"Maison 4 façades de 65 m² à Jemappes, 1 chambres, état : à rénover.",2025-10-31,2026-09-26,78000.0
EX0040,exemple fictif,,maison,Rue de l'Église,59,7050,Jurbise,50.52471,3.91179,1,162,818,4,2,3,1939,Bon,F,450,"Maison 3 façades de 162 m² à Jurbise, 4 chambres, état : bon.",2026-07-27,2026-07-27,445000.0
EX0040,exemple fictif,,maison,Rue de l'Église,59,7050,Jurbise,50.52471,3.91179,1,162,818,4,2,3,1939,Bon,F,450,"Maison 3 façades de 162 m² à Jurbise, 4 chambres, état : bon.",2026-07-27,2026-08-26,445000.0
EX0040,exemple fictif,,maison,Rue de l'Église,59,7050,Jurbise,50.52471,3.91179,1,162,818,4,2,3,1939,Bon,F,450,"Maison 3 façades de 162 m² à Jurbise, 4 chambres, état : bon.",2026-07-27,2026-09-25,445000.0
EX0041,exemple fictif,,maison,Rue des Écoles,11,7340,Colfontaine,50.41723,3.85545,1,162,240,5,2,2,2017,Bon,B,118,"Maison 2 façades de 162 m² à Colfontaine, 5 chambres, état : bon.",2024-11-16,2024-11-16,263000.0
EX0041,exemple fictif,,maison,Rue des Écoles,11,7340,Colfontaine,50.41723,3.85545,1,162,240,5,2,2,2017,Bon,B,118,"Maison 2 façades de 162 m² à Colfontaine, 5 chambres, état : bon.",2024-11-16,2024-12-16,254000.0
EX0041,exemple fictif,,maison,Rue des Écoles,11,7340,Colfontaine,50.41723,3.85545,1,162,240,5,2,2,2017,Bon,B,118,"Maison 2 façades de 162 m² à Colfontaine, 5 chambres, état : bon.",2024-11-16,2025-01-15,254000.0
EX0041,exemple fictif,,maison,Rue des Écoles,11,7340,Colfontaine,50.41723,3.85545,1,162,240,5,2,2,2017,Bon,B,118,"Maison 2 façades de 162 m² à Colfontaine, 5 chambres, état : bon.",2024-11-16,2025-02-14,237000.0
EX0041,exemple fictif,,maison,Rue des Écoles,11,7340,Colfontaine,50.41723,3.85545,1,162,240,5,2,2,2017,Bon,B,118,"Maison 2 façades de 162 m² à Colfontaine, 5 chambres, état : bon.",2024-11-16,2025-03-16,237000.0
EX0041,exemple fictif,,maison,Rue des Écoles,11,7340,Colfontaine,50.41723,3.85545,1,162,240,5,2,2,2017,Bon,B,118,"Maison 2 façades de 162 m² à Colfontaine, 5 chambres, état : bon.",2024-11-16,2025-04-15,237000.0
EX0041,exemple fictif,,maison,Rue des Écoles,11,7340,Colfontaine,50.41723,3.85545,1,162,240,5,2,2,2017,Bon,B,118,"Maison 2 façades de 162 m² à Colfontaine, 5 chambres, état : bon.",2024-11-16,2025-05-15,237000.0
EX0041,exemple fictif,,maison,Rue des Écoles,11,7340,Colfontaine,50.41723,3.85545,1,162,240,5,2,2,2017,Bon,B,118,"Maison 2 façades de 162 m² à Colfontaine, 5 chambres, état : bon.",2024-11-16,2025-06-14,237000.0
EX0041,exemple fictif,,maison,Rue des Écoles,11,7340,Colfontaine,50.41723,3.85545,1,162,240,5,2,2,2017,Bon,B,118,"Maison 2 façades de 162 m² à Colfontaine, 5 chambres, état : bon.",2024-11-16,2025-07-14,229000.0
EX0042,exemple fictif,,maison,Rue des Écoles,47,7390,Quaregnon,50.43925,3.85621,1,119,1333,4,1,4,1957,Bon,G,585,"Maison 4 façades de 119 m² à Quaregnon, 4 chambres, état : bon.",2025-09-09,2025-09-09,191000.0
EX0042,exemple fictif,,maison,Rue des Écoles,47,7390,Quaregnon,50.43925,3.85621,1,119,1333,4,1,4,1957,Bon,G,585,"Maison 4 façades de 119 m² à Quaregnon, 4 chambres, état : bon.",2025-09-09,2025-10-09,191000.0
EX0042,exemple fictif,,maison,Rue des Écoles,47,7390,Quaregnon,50.43925,3.85621,1,119,1333,4,1,4,1957,Bon,G,585,"Maison 4 façades de 119 m² à Quaregnon, 4 chambres, état : bon.",2025-09-09,2025-11-08,191000.0
EX0042,exemple fictif,,maison,Rue des Écoles,47,7390,Quaregnon,50.43925,3.85621,1,119,1333,4,1,4,1957,Bon,G,585,"Maison 4 façades de 119 m² à Quaregnon, 4 chambres, état : bon.",2025-09-09,2025-12-08,191000.0
EX0042,exemple fictif,,maison,Rue des Écoles,47,7390,Quaregnon,50.43925,3.85621,1,119,1333,4,1,4,1957,Bon,G,585,"Maison 4 façades de 119 m² à Quaregnon, 4 chambres, état : bon.",2025-09-09,2026-01-07,191000.0
EX0042,exemple fictif,,maison,Rue des Écoles,47,7390,Quaregnon,50.43925,3.85621,1,119,1333,4,1,4,1957,Bon,G,585,"Maison 4 façades de 119 m² à Quaregnon, 4 chambres, état : bon.",2025-09-09,2026-02-06,191000.0
EX0042,exemple fictif,,maison,Rue des Écoles,47,7390,Quaregnon,50.43925,3.85621,1,119,1333,4,1,4,1957,Bon,G,585,"Maison 4 façades de 119 m² à Quaregnon, 4 chambres, état : bon.",2025-09-09,2026-03-08,191000.0
EX0042,exemple fictif,,maison,Rue des Écoles,47,7390,Quaregnon,50.43925,3.85621,1,119,1333,4,1,4,1957,Bon,G,585,"Maison 4 façades de 119 m² à Quaregnon, 4 chambres, état : bon.",2025-09-09,2026-04-07,191000.0
EX0042,exemple fictif,,maison,Rue des Écoles,47,7390,Quaregnon,50.43925,3.85621,1,119,1333,4,1,4,1957,Bon,G,585,"Maison 4 façades de 119 m² à Quaregnon, 4 chambres, état : bon.",2025-09-09,2026-05-07,191000.0
EX0042,exemple fictif,,maison,Rue des Écoles,47,7390,Quaregnon,50.43925,3.85621,1,119,1333,4,1,4,1957,Bon,G,585,"Maison 4 façades de 119 m² à Quaregnon, 4 chambres, état : bon.",2025-09-09,2026-06-06,191000.0
EX0042,exemple fictif,,maison,Rue des Écoles,47,7390,Quaregnon,50.43925,3.85621,1,119,1333,4,1,4,1957,Bon,G,585,"Maison 4 façades de 119 m² à Quaregnon, 4 chambres, état : bon.",2025-09-09,2026-07-06,191000.0
EX0042,exemple fictif,,maison,Rue des Écoles,47,7390,Quaregnon,50.43925,3.85621,1,119,1333,4,1,4,1957,Bon,G,585,"Maison 4 façades de 119 m² à Quaregnon, 4 chambres, état : bon.",2025-09-09,2026-08-05,191000.0
EX0042,exemple fictif,,maison,Rue des Écoles,47,7390,Quaregnon,50.43925,3.85621,1,119,1333,4,1,4,1957,Bon,G,585,"Maison 4 façades de 119 m² à Quaregnon, 4 chambres, état : bon.",2025-09-09,2026-09-04,191000.0
EX0042,exemple fictif,,maison,Rue des Écoles,47,7390,Quaregnon,50.43925,3.85621,1,119,1333,4,1,4,1957,Bon,G,585,"Maison 4 façades de 119 m² à Quaregnon, 4 chambres, état : bon.",2025-09-09,2026-10-04,191000.0
EX0043,exemple fictif,,maison,Rue de l'Église,114,7040,Quévy,50.37783,3.93078,1,108,98,3,1,2,1982,À restaurer,D,304,"Maison 2 façades de 108 m² à Quévy, 3 chambres, état : à restaurer.",2026-03-31,2026-03-31,125000.0
EX0043,exemple fictif,,maison,Rue de l'Église,114,7040,Quévy,50.37783,3.93078,1,108,98,3,1,2,1982,À restaurer,D,304,"Maison 2 façades de 108 m² à Quévy, 3 chambres, état : à restaurer.",2026-03-31,2026-04-30,125000.0
EX0044,exemple fictif,,maison,Rue de la Station,165,7021,Havré,50.47734,4.0429,1,79,216,1,1,2,1978,À rafraîchir,C,196,"Maison 2 façades de 79 m² à Havré, 1 chambres, état : à rafraîchir.",2025-06-29,2025-06-29,138000.0
EX0044,exemple fictif,,maison,Rue de la Station,165,7021,Havré,50.47734,4.0429,1,79,216,1,1,2,1978,À rafraîchir,C,196,"Maison 2 façades de 79 m² à Havré, 1 chambres, état : à rafraîchir.",2025-06-29,2025-07-29,138000.0
EX0044,exemple fictif,,maison,Rue de la Station,165,7021,Havré,50.47734,4.0429,1,79,216,1,1,2,1978,À rafraîchir,C,196,"Maison 2 façades de 79 m² à Havré, 1 chambres, état : à rafraîchir.",2025-06-29,2025-08-28,138000.0
EX0044,exemple fictif,,maison,Rue de la Station,165,7021,Havré,50.47734,4.0429,1,79,216,1,1,2,1978,À rafraîchir,C,196,"Maison 2 façades de 79 m² à Havré, 1 chambres, état : à rafraîchir.",2025-06-29,2025-09-27,138000.0
EX0044,exemple fictif,,maison,Rue de la Station,165,7021,Havré,50.47734,4.0429,1,79,216,1,1,2,1978,À rafraîchir,C,196,"Maison 2 façades de 79 m² à Havré, 1 chambres, état : à rafraîchir.",2025-06-29,2025-10-27,138000.0
EX0044,exemple fictif,,maison,Rue de la Station,165,7021,Havré,50.47734,4.0429,1,79,216,1,1,2,1978,À rafraîchir,C,196,"Maison 2 façades de 79 m² à Havré, 1 chambres, état : à rafraîchir.",2025-06-29,2025-11-26,138000.0
EX0044,exemple fictif,,maison,Rue de la Station,165,7021,Havré,50.47734,4.0429,1,79,216,1,1,2,1978,À rafraîchir,C,196,"Maison 2 façades de 79 m² à Havré, 1 chambres, état : à rafraîchir.",2025-06-29,2025-12-26,138000.0
EX0045,exemple fictif,,maison,Rue de l'Église,37,7011,Ghlin,50.4896,3.91214,1,194,134,5,2,2,2018,À rafraîchir,C,191,"Maison 2 façades de 194 m² à Ghlin, 5 chambres, état : à rafraîchir.",2025-06-10,2025-06-10,286000.0
EX0045,exemple fictif,,maison,Rue de l'Église,37,7011,Ghlin,50.4896,3.91214,1,194,134,5,2,2,2018,À rafraîchir,C,191,"Maison 2 façades de 194 m² à Ghlin, 5 chambres, état : à rafraîchir.",2025-06-10,2025-07-10,286000.0
EX0045,exemple fictif,,maison,Rue de l'Église,37,7011,Ghlin,50.4896,3.91214,1,194,134,5,2,2,2018,À rafraîchir,C,191,"Maison 2 façades de 194 m² à Ghlin, 5 chambres, état : à rafraîchir.",2025-06-10,2025-08-09,286000.0
EX0045,exemple fictif,,maison,Rue de l'Église,37,7011,Ghlin,50.4896,3.91214,1,194,134,5,2,2,2018,À rafraîchir,C,191,"Maison 2 façades de 194 m² à Ghlin, 5 chambres, état : à rafraîchir.",2025-06-10,2025-09-08,286000.0
EX0045,exemple fictif,,maison,Rue de l'Église,37,7011,Ghlin,50.4896,3.91214,1,194,134,5,2,2,2018,À rafraîchir,C,191,"Maison 2 façades de 194 m² à Ghlin, 5 chambres, état : à rafraîchir.",2025-06-10,2025-10-08,286000.0
EX0045,exemple fictif,,maison,Rue de l'Église,37,7011,Ghlin,50.4896,3.91214,1,194,134,5,2,2,2018,À rafraîchir,C,191,"Maison 2 façades de 194 m² à Ghlin, 5 chambres, état : à rafraîchir.",2025-06-10,2025-11-07,286000.0
EX0045,exemple fictif,,maison,Rue de l'Église,37,7011,Ghlin,50.4896,3.91214,1,194,134,5,2,2,2018,À rafraîchir,C,191,"Maison 2 façades de 194 m² à Ghlin, 5 chambres, état : à rafraîchir.",2025-06-10,2025-12-07,286000.0
EX0045,exemple fictif,,maison,Rue de l'Église,37,7011,Ghlin,50.4896,3.91214,1,194,134,5,2,2,2018,À rafraîchir,C,191,"Maison 2 façades de 194 m² à Ghlin, 5 chambres, état : à rafraîchir.",2025-06-10,2026-01-06,286000.0
EX0045,exemple fictif,,maison,Rue de l'Église,37,7011,Ghlin,50.4896,3.91214,1,194,134,5,2,2,2018,À rafraîchir,C,191,"Maison 2 façades de 194 m² à Ghlin, 5 chambres, état : à rafraîchir.",2025-06-10,2026-02-05,286000.0
EX0045,exemple fictif,,maison,Rue de l'Église,37,7011,Ghlin,50.4896,3.91214,1,194,134,5,2,2,2018,À rafraîchir,C,191,"Maison 2 façades de 194 m² à Ghlin, 5 chambres, état : à rafraîchir.",2025-06-10,2026-03-07,286000.0
EX0045,exemple fictif,,maison,Rue de l'Église,37,7011,Ghlin,50.4896,3.91214,1,194,134,5,2,2,2018,À rafraîchir,C,191,"Maison 2 façades de 194 m² à Ghlin, 5 chambres, état : à rafraîchir.",2025-06-10,2026-04-06,286000.0
EX0045,exemple fictif,,maison,Rue de l'Église,37,7011,Ghlin,50.4896,3.91214,1,194,134,5,2,2,2018,À rafraîchir,C,191,"Maison 2 façades de 194 m² à Ghlin, 5 chambres, état : à rafraîchir.",2025-06-10,2026-05-06,286000.0
EX0045,exemple fictif,,maison,Rue de l'Église,37,7011,Ghlin,50.4896,3.91214,1,194,134,5,2,2,2018,À rafraîchir,C,191,"Maison 2 façades de 194 m² à Ghlin, 5 chambres, état : à rafraîchir.",2025-06-10,2026-06-05,286000.0
EX0045,exemple fictif,,maison,Rue de l'Église,37,7011,Ghlin,50.4896,3.91214,1,194,134,5,2,2,2018,À rafraîchir,C,191,"Maison 2 façades de 194 m² à Ghlin, 5 chambres, état : à rafraîchir.",2025-06-10,2026-07-05,286000.0
EX0045,exemple fictif,,maison,Rue de l'Église,37,7011,Ghlin,50.4896,3.91214,1,194,134,5,2,2,2018,À rafraîchir,C,191,"Maison 2 façades de 194 m² à Ghlin, 5 chambres, état : à rafraîchir.",2025-06-10,2026-08-04,286000.0
EX0045,exemple fictif,,maison,Rue de l'Église,37,7011,Ghlin,50.4896,3.91214,1,194,134,5,2,2,2018,À rafraîchir,C,191,"Maison 2 façades de 194 m² à Ghlin, 5 chambres, état : à rafraîchir.",2025-06-10,2026-09-03,286000.0
EX0045,exemple fictif,,maison,Rue de l'Église,37,7011,Ghlin,50.4896,3.91214,1,194,134,5,2,2,2018,À rafraîchir,C,191,"Maison 2 façades de 194 m² à Ghlin, 5 chambres, état : à rafraîchir.",2025-06-10,2026-10-03,286000.0
EX0046,exemple fictif,,maison,Rue du Moulin,118,7030,Saint-Symphorien,50.43714,3.99378,1,113,797,3,1,3,2013,Fraîchement rénové,A,98,"Maison 3 façades de 113 m² à Saint-Symphorien, 3 chambres, état : fraîchement rénové.",2024-11-02,2024-11-02,310000.0
EX0046,exemple fictif,,maison,Rue du Moulin,118,7030,Saint-Symphorien,50.43714,3.99378,1,113,797,3,1,3,2013,Fraîchement rénové,A,98,"Maison 3 façades de 113 m² à Saint-Symphorien, 3 chambres, état : fraîchement rénové.",2024-11-02,2024-12-02,287000.0
EX0046,exemple fictif,,maison,Rue du Moulin,118,7030,Saint-Symphorien,50.43714,3.99378,1,113,797,3,1,3,2013,Fraîchement rénové,A,98,"Maison 3 façades de 113 m² à Saint-Symphorien, 3 chambres, état : fraîchement rénové.",2024-11-02,2025-01-01,272000.0
EX0046,exemple fictif,,maison,Rue du Moulin,118,7030,Saint-Symphorien,50.43714,3.99378,1,113,797,3,1,3,2013,Fraîchement rénové,A,98,"Maison 3 façades de 113 m² à Saint-Symphorien, 3 chambres, état : fraîchement rénové.",2024-11-02,2025-01-31,272000.0
EX0046,exemple fictif,,maison,Rue du Moulin,118,7030,Saint-Symphorien,50.43714,3.99378,1,113,797,3,1,3,2013,Fraîchement rénové,A,98,"Maison 3 façades de 113 m² à Saint-Symphorien, 3 chambres, état : fraîchement rénové.",2024-11-02,2025-03-02,272000.0
EX0046,exemple fictif,,maison,Rue du Moulin,118,7030,Saint-Symphorien,50.43714,3.99378,1,113,797,3,1,3,2013,Fraîchement rénové,A,98,"Maison 3 façades de 113 m² à Saint-Symphorien, 3 chambres, état : fraîchement rénové.",2024-11-02,2025-04-01,262000.0
EX0046,exemple fictif,,maison,Rue du Moulin,118,7030,Saint-Symphorien,50.43714,3.99378,1,113,797,3,1,3,2013,Fraîchement rénové,A,98,"Maison 3 façades de 113 m² à Saint-Symphorien, 3 chambres, état : fraîchement rénové.",2024-11-02,2025-05-01,262000.0
EX0046,exemple fictif,,maison,Rue du Moulin,118,7030,Saint-Symphorien,50.43714,3.99378,1,113,797,3,1,3,2013,Fraîchement rénové,A,98,"Maison 3 façades de 113 m² à Saint-Symphorien, 3 chambres, état : fraîchement rénové.",2024-11-02,2025-05-31,251000.0
EX0046,exemple fictif,,maison,Rue du Moulin,118,7030,Saint-Symphorien,50.43714,3.99378,1,113,797,3,1,3,2013,Fraîchement rénové,A,98,"Maison 3 façades de 113 m² à Saint-Symphorien, 3 chambres, état : fraîchement rénové.",2024-11-02,2025-06-30,238000.0
EX0046,exemple fictif,,maison,Rue du Moulin,118,7030,Saint-Symphorien,50.43714,3.99378,1,113,797,3,1,3,2013,Fraîchement rénové,A,98,"Maison 3 façades de 113 m² à Saint-Symphorien, 3 chambres, état : fraîchement rénové.",2024-11-02,2025-07-30,238000.0
EX0046,exemple fictif,,maison,Rue du Moulin,118,7030,Saint-Symphorien,50.43714,3.99378,1,113,797,3,1,3,2013,Fraîchement rénové,A,98,"Maison 3 façades de 113 m² à Saint-Symphorien, 3 chambres, état : fraîchement rénové.",2024-11-02,2025-08-29,238000.0
EX0046,exemple fictif,,maison,Rue du Moulin,118,7030,Saint-Symphorien,50.43714,3.99378,1,113,797,3,1,3,2013,Fraîchement rénové,A,98,"Maison 3 façades de 113 m² à Saint-Symphorien, 3 chambres, état : fraîchement rénové.",2024-11-02,2025-09-28,238000.0
EX0046,exemple fictif,,maison,Rue du Moulin,118,7030,Saint-Symphorien,50.43714,3.99378,1,113,797,3,1,3,2013,Fraîchement rénové,A,98,"Maison 3 façades de 113 m² à Saint-Symphorien, 3 chambres, état : fraîchement rénové.",2024-11-02,2025-10-28,227000.0
EX0046,exemple fictif,,maison,Rue du Moulin,118,7030,Saint-Symphorien,50.43714,3.99378,1,113,797,3,1,3,2013,Fraîchement rénové,A,98,"Maison 3 façades de 113 m² à Saint-Symphorien, 3 chambres, état : fraîchement rénové.",2024-11-02,2025-11-27,227000.0
EX0046,exemple fictif,,maison,Rue du Moulin,118,7030,Saint-Symphorien,50.43714,3.99378,1,113,797,3,1,3,2013,Fraîchement rénové,A,98,"Maison 3 façades de 113 m² à Saint-Symphorien, 3 chambres, état : fraîchement rénové.",2024-11-02,2025-12-27,227000.0
EX0046,exemple fictif,,maison,Rue du Moulin,118,7030,Saint-Symphorien,50.43714,3.99378,1,113,797,3,1,3,2013,Fraîchement rénové,A,98,"Maison 3 façades de 113 m² à Saint-Symphorien, 3 chambres, état : fraîchement rénové.",2024-11-02,2026-01-26,227000.0
EX0046,exemple fictif,,maison,Rue du Moulin,118,7030,Saint-Symphorien,50.43714,3.99378,1,113,797,3,1,3,2013,Fraîchement rénové,A,98,"Maison 3 façades de 113 m² à Saint-Symphorien, 3 chambres, état : fraîchement rénové.",2024-11-02,2026-02-25,227000.0
EX0046,exemple fictif,,maison,Rue du Moulin,118,7030,Saint-Symphorien,50.43714,3.99378,1,113,797,3,1,3,2013,Fraîchement rénové,A,98,"Maison 3 façades de 113 m² à Saint-Symphorien, 3 chambres, état : fraîchement rénové.",2024-11-02,2026-03-27,227000.0
EX0046,exemple fictif,,maison,Rue du Moulin,118,7030,Saint-Symphorien,50.43714,3.99378,1,113,797,3,1,3,2013,Fraîchement rénové,A,98,"Maison 3 façades de 113 m² à Saint-Symphorien, 3 chambres, état : fraîchement rénové.",2024-11-02,2026-04-26,227000.0
EX0046,exemple fictif,,maison,Rue du Moulin,118,7030,Saint-Symphorien,50.43714,3.99378,1,113,797,3,1,3,2013,Fraîchement rénové,A,98,"Maison 3 façades de 113 m² à Saint-Symphorien, 3 chambres, état : fraîchement rénové.",2024-11-02,2026-05-26,227000.0
EX0046,exemple fictif,,maison,Rue du Moulin,118,7030,Saint-Symphorien,50.43714,3.99378,1,113,797,3,1,3,2013,Fraîchement rénové,A,98,"Maison 3 façades de 113 m² à Saint-Symphorien, 3 chambres, état : fraîchement rénové.",2024-11-02,2026-06-25,227000.0
EX0046,exemple fictif,,maison,Rue du Moulin,118,7030,Saint-Symphorien,50.43714,3.99378,1,113,797,3,1,3,2013,Fraîchement rénové,A,98,"Maison 3 façades de 113 m² à Saint-Symphorien, 3 chambres, état : fraîchement rénové.",2024-11-02,2026-07-25,227000.0
EX0046,exemple fictif,,maison,Rue du Moulin,118,7030,Saint-Symphorien,50.43714,3.99378,1,113,797,3,1,3,2013,Fraîchement rénové,A,98,"Maison 3 façades de 113 m² à Saint-Symphorien, 3 chambres, état : fraîchement rénové.",2024-11-02,2026-08-24,227000.0
EX0046,exemple fictif,,maison,Rue du Moulin,118,7030,Saint-Symphorien,50.43714,3.99378,1,113,797,3,1,3,2013,Fraîchement rénové,A,98,"Maison 3 façades de 113 m² à Saint-Symphorien, 3 chambres, état : fraîchement rénové.",2024-11-02,2026-09-23,215000.0
EX0047,exemple fictif,,maison,Rue de la Station,32,7021,Havré,50.47394,4.02743,1,167,293,4,2,2,2021,Fraîchement rénové,C,199,"Maison 2 façades de 167 m² à Havré, 4 chambres, état : fraîchement rénové.",2026-04-18,2026-04-18,337000.0
EX0047,exemple fictif,,maison,Rue de la Station,32,7021,Havré,50.47394,4.02743,1,167,293,4,2,2,2021,Fraîchement rénové,C,199,"Maison 2 façades de 167 m² à Havré, 4 chambres, état : fraîchement rénové.",2026-04-18,2026-05-18,337000.0
EX0047,exemple fictif,,maison,Rue de la Station,32,7021,Havré,50.47394,4.02743,1,167,293,4,2,2,2021,Fraîchement rénové,C,199,"Maison 2 façades de 167 m² à Havré, 4 chambres, état : fraîchement rénové.",2026-04-18,2026-06-17,337000.0
EX0047,exemple fictif,,maison,Rue de la Station,32,7021,Havré,50.47394,4.02743,1,167,293,4,2,2,2021,Fraîchement rénové,C,199,"Maison 2 façades de 167 m² à Havré, 4 chambres, état : fraîchement rénové.",2026-04-18,2026-07-17,337000.0
EX0047,exemple fictif,,maison,Rue de la Station,32,7021,Havré,50.47394,4.02743,1,167,293,4,2,2,2021,Fraîchement rénové,C,199,"Maison 2 façades de 167 m² à Havré, 4 chambres, état : fraîchement rénové.",2026-04-18,2026-08-16,337000.0
EX0047,exemple fictif,,maison,Rue de la Station,32,7021,Havré,50.47394,4.02743,1,167,293,4,2,2,2021,Fraîchement rénové,C,199,"Maison 2 façades de 167 m² à Havré, 4 chambres, état : fraîchement rénové.",2026-04-18,2026-09-15,337000.0
EX0048,exemple fictif,,maison,Rue de l'Église,120,7022,Hyon,50.43201,3.96416,1,161,1171,4,2,3,1913,À rafraîchir,C,226,"Maison 3 façades de 161 m² à Hyon, 4 chambres, état : à rafraîchir.",2025-05-28,2025-05-28,285000.0
EX0048,exemple fictif,,maison,Rue de l'Église,120,7022,Hyon,50.43201,3.96416,1,161,1171,4,2,3,1913,À rafraîchir,C,226,"Maison 3 façades de 161 m² à Hyon, 4 chambres, état : à rafraîchir.",2025-05-28,2025-06-27,285000.0
EX0048,exemple fictif,,maison,Rue de l'Église,120,7022,Hyon,50.43201,3.96416,1,161,1171,4,2,3,1913,À rafraîchir,C,226,"Maison 3 façades de 161 m² à Hyon, 4 chambres, état : à rafraîchir.",2025-05-28,2025-07-27,285000.0
EX0048,exemple fictif,,maison,Rue de l'Église,120,7022,Hyon,50.43201,3.96416,1,161,1171,4,2,3,1913,À rafraîchir,C,226,"Maison 3 façades de 161 m² à Hyon, 4 chambres, état : à rafraîchir.",2025-05-28,2025-08-26,285000.0
EX0048,exemple fictif,,maison,Rue de l'Église,120,7022,Hyon,50.43201,3.96416,1,161,1171,4,2,3,1913,À rafraîchir,C,226,"Maison 3 façades de 161 m² à Hyon, 4 chambres, état : à rafraîchir.",2025-05-28,2025-09-25,285000.0
EX0048,exemple fictif,,maison,Rue de l'Église,120,7022,Hyon,50.43201,3.96416,1,161,1171,4,2,3,1913,À rafraîchir,C,226,"Maison 3 façades de 161 m² à Hyon, 4 chambres, état : à rafraîchir.",2025-05-28,2025-10-25,285000.0
EX0048,exemple fictif,,maison,Rue de l'Église,120,7022,Hyon,50.43201,3.96416,1,161,1171,4,2,3,1913,À rafraîchir,C,226,"Maison 3 façades de 161 m² à Hyon, 4 chambres, état : à rafraîchir.",2025-05-28,2025-11-24,285000.0
EX0048,exemple fictif,,maison,Rue de l'Église,120,7022,Hyon,50.43201,3.96416,1,161,1171,4,2,3,1913,À rafraîchir,C,226,"Maison 3 façades de 161 m² à Hyon, 4 chambres, état : à rafraîchir.",2025-05-28,2025-12-24,285000.0
EX0048,exemple fictif,,maison,Rue de l'Église,120,7022,Hyon,50.43201,3.96416,1,161,1171,4,2,3,1913,À rafraîchir,C,226,"Maison 3 façades de 161 m² à Hyon, 4 chambres, état : à rafraîchir.",2025-05-28,2026-01-23,285000.0
EX0048,exemple fictif,,maison,Rue de l'Église,120,7022,Hyon,50.43201,3.96416,1,161,1171,4,2,3,1913,À rafraîchir,C,226,"Maison 3 façades de 161 m² à Hyon, 4 chambres, état : à rafraîchir.",2025-05-28,2026-02-22,285000.0
EX0048,exemple fictif,,maison,Rue de l'Église,120,7022,Hyon,50.43201,3.96416,1,161,1171,4,2,3,1913,À rafraîchir,C,226,"Maison 3 façades de 161 m² à Hyon, 4 chambres, état : à rafraîchir.",2025-05-28,2026-03-24,285000.0
EX0048,exemple fictif,,maison,Rue de l'Église,120,7022,Hyon,50.43201,3.96416,1,161,1171,4,2,3,1913,À rafraîchir,C,226,"Maison 3 façades de 161 m² à Hyon, 4 chambres, état : à rafraîchir.",2025-05-28,2026-04-23,285000.0
EX0048,exemple fictif,,maison,Rue de l'Église,120,7022,Hyon,50.43201,3.96416,1,161,1171,4,2,3,1913,À rafraîchir,C,226,"Maison 3 façades de 161 m² à Hyon, 4 chambres, état : à rafraîchir.",2025-05-28,2026-05-23,285000.0
EX0048,exemple fictif,,maison,Rue de l'Église,120,7022,Hyon,50.43201,3.96416,1,161,1171,4,2,3,1913,À rafraîchir,C,226,"Maison 3 façades de 161 m² à Hyon, 4 chambres, état : à rafraîchir.",2025-05-28,2026-06-22,285000.0
EX0048,exemple fictif,,maison,Rue de l'Église,120,7022,Hyon,50.43201,3.96416,1,161,1171,4,2,3,1913,À rafraîchir,C,226,"Maison 3 façades de 161 m² à Hyon, 4 chambres, état : à rafraîchir.",2025-05-28,2026-07-22,285000.0
EX0048,exemple fictif,,maison,Rue de l'Église,120,7022,Hyon,50.43201,3.96416,1,161,1171,4,2,3,1913,À rafraîchir,C,226,"Maison 3 façades de 161 m² à Hyon, 4 chambres, état : à rafraîchir.",2025-05-28,2026-08-21,285000.0
EX0048,exemple fictif,,maison,Rue de l'Église,120,7022,Hyon,50.43201,3.96416,1,161,1171,4,2,3,1913,À rafraîchir,C,226,"Maison 3 façades de 161 m² à Hyon, 4 chambres, état : à rafraîchir.",2025-05-28,2026-09-20,285000.0
EX0049,exemple fictif,,maison,Rue des Écoles,90,7040,Quévy,50.37933,3.94321,1,102,757,2,1,4,1992,Bon,G,579,"Maison 4 façades de 102 m² à Quévy, 2 chambres, état : bon.",2026-03-05,2026-03-05,184000.0
EX0049,exemple fictif,,maison,Rue des Écoles,90,7040,Quévy,50.37933,3.94321,1,102,757,2,1,4,1992,Bon,G,579,"Maison 4 façades de 102 m² à Quévy, 2 chambres, état : bon.",2026-03-05,2026-04-04,184000.0
EX0050,exemple fictif,,maison,Rue des Écoles,65,7040,Quévy,50.38063,3.9291,1,84,247,2,1,2,1927,À rénover,D,329,"Maison 2 façades de 84 m² à Quévy, 2 chambres, état : à rénover.",2025-04-16,2025-04-16,110000.0
EX0050,exemple fictif,,maison,Rue des Écoles,65,7040,Quévy,50.38063,3.9291,1,84,247,2,1,2,1927,À rénover,D,329,"Maison 2 façades de 84 m² à Quévy, 2 chambres, état : à rénover.",2025-04-16,2025-05-16,110000.0
EX0050,exemple fictif,,maison,Rue des Écoles,65,7040,Quévy,50.38063,3.9291,1,84,247,2,1,2,1927,À rénover,D,329,"Maison 2 façades de 84 m² à Quévy, 2 chambres, état : à rénover.",2025-04-16,2025-06-15,110000.0
EX0050,exemple fictif,,maison,Rue des Écoles,65,7040,Quévy,50.38063,3.9291,1,84,247,2,1,2,1927,À rénover,D,329,"Maison 2 façades de 84 m² à Quévy, 2 chambres, état : à rénover.",2025-04-16,2025-07-15,110000.0
EX0050,exemple fictif,,maison,Rue des Écoles,65,7040,Quévy,50.38063,3.9291,1,84,247,2,1,2,1927,À rénover,D,329,"Maison 2 façades de 84 m² à Quévy, 2 chambres, état : à rénover.",2025-04-16,2025-08-14,110000.0
EX0050,exemple fictif,,maison,Rue des Écoles,65,7040,Quévy,50.38063,3.9291,1,84,247,2,1,2,1927,À rénover,D,329,"Maison 2 façades de 84 m² à Quévy, 2 chambres, état : à rénover.",2025-04-16,2025-09-13,110000.0
EX0050,exemple fictif,,maison,Rue des Écoles,65,7040,Quévy,50.38063,3.9291,1,84,247,2,1,2,1927,À rénover,D,329,"Maison 2 façades de 84 m² à Quévy, 2 chambres, état : à rénover.",2025-04-16,2025-10-13,110000.0
EX0050,exemple fictif,,maison,Rue des Écoles,65,7040,Quévy,50.38063,3.9291,1,84,247,2,1,2,1927,À rénover,D,329,"Maison 2 façades de 84 m² à Quévy, 2 chambres, état : à rénover.",2025-04-16,2025-11-12,110000.0
EX0050,exemple fictif,,maison,Rue des Écoles,65,7040,Quévy,50.38063,3.9291,1,84,247,2,1,2,1927,À rénover,D,329,"Maison 2 façades de 84 m² à Quévy, 2 chambres, état : à rénover.",2025-04-16,2025-12-12,110000.0
EX0050,exemple fictif,,maison,Rue des Écoles,65,7040,Quévy,50.38063,3.9291,1,84,247,2,1,2,1927,À rénover,D,329,"Maison 2 façades de 84 m² à Quévy, 2 chambres, état : à rénover.",2025-04-16,2026-01-11,110000.0
EX0050,exemple fictif,,maison,Rue des Écoles,65,7040,Quévy,50.38063,3.9291,1,84,247,2,1,2,1927,À rénover,D,329,"Maison 2 façades de 84 m² à Quévy, 2 chambres, état : à rénover.",2025-04-16,2026-02-10,110000.0
EX0051,exemple fictif,,maison,Rue des Écoles,152,7040,Quévy,50.37496,3.94706,1,154,156,3,1,2,1911,Comme neuf,B,158,"Maison 2 façades de 154 m² à Quévy, 3 chambres, état : comme neuf.",2025-02-11,2025-02-11,558000.0
EX0051,exemple fictif,,maison,Rue des Écoles,152,7040,Quévy,50.37496,3.94706,1,154,156,3,1,2,1911,Comme neuf,B,158,"Maison 2 façades de 154 m² à Quévy, 3 chambres, état : comme neuf.",2025-02-11,2025-03-13,558000.0
EX0051,exemple fictif,,maison,Rue des Écoles,152,7040,Quévy,50.37496,3.94706,1,154,156,3,1,2,1911,Comme neuf,B,158,"Maison 2 façades de 154 m² à Quévy, 3 chambres, état : comme neuf.",2025-02-11,2025-04-12,558000.0
EX0051,exemple fictif,,maison,Rue des Écoles,152,7040,Quévy,50.37496,3.94706,1,154,156,3,1,2,1911,Comme neuf,B,158,"Maison 2 façades de 154 m² à Quévy, 3 chambres, état : comme neuf.",2025-02-11,2025-05-12,558000.0
EX0051,exemple fictif,,maison,Rue des Écoles,152,7040,Quévy,50.37496,3.94706,1,154,156,3,1,2,1911,Comme neuf,B,158,"Maison 2 façades de 154 m² à Quévy, 3 chambres, état : comme neuf.",2025-02-11,2025-06-11,558000.0
EX0051,exemple fictif,,maison,Rue des Écoles,152,7040,Quévy,50.37496,3.94706,1,154,156,3,1,2,1911,Comme neuf,B,158,"Maison 2 façades de 154 m² à Quévy, 3 chambres, état : comme neuf.",2025-02-11,2025-07-11,558000.0
EX0051,exemple fictif,,maison,Rue des Écoles,152,7040,Quévy,50.37496,3.94706,1,154,156,3,1,2,1911,Comme neuf,B,158,"Maison 2 façades de 154 m² à Quévy, 3 chambres, état : comme neuf.",2025-02-11,2025-08-10,526000.0
EX0051,exemple fictif,,maison,Rue des Écoles,152,7040,Quévy,50.37496,3.94706,1,154,156,3,1,2,1911,Comme neuf,B,158,"Maison 2 façades de 154 m² à Quévy, 3 chambres, état : comme neuf.",2025-02-11,2025-09-09,526000.0
EX0051,exemple fictif,,maison,Rue des Écoles,152,7040,Quévy,50.37496,3.94706,1,154,156,3,1,2,1911,Comme neuf,B,158,"Maison 2 façades de 154 m² à Quévy, 3 chambres, état : comme neuf.",2025-02-11,2025-10-09,526000.0
EX0051,exemple fictif,,maison,Rue des Écoles,152,7040,Quévy,50.37496,3.94706,1,154,156,3,1,2,1911,Comme neuf,B,158,"Maison 2 façades de 154 m² à Quévy, 3 chambres, état : comme neuf.",2025-02-11,2025-11-08,526000.0
EX0051,exemple fictif,,maison,Rue des Écoles,152,7040,Quévy,50.37496,3.94706,1,154,156,3,1,2,1911,Comme neuf,B,158,"Maison 2 façades de 154 m² à Quévy, 3 chambres, état : comme neuf.",2025-02-11,2025-12-08,526000.0
EX0051,exemple fictif,,maison,Rue des Écoles,152,7040,Quévy,50.37496,3.94706,1,154,156,3,1,2,1911,Comme neuf,B,158,"Maison 2 façades de 154 m² à Quévy, 3 chambres, état : comme neuf.",2025-02-11,2026-01-07,510000.0
EX0052,exemple fictif,,maison,Rue de l'Église,41,7033,Cuesmes,50.43339,3.92058,1,106,283,4,1,2,1974,Comme neuf,C,203,"Maison 2 façades de 106 m² à Cuesmes, 4 chambres, état : comme neuf.",2026-04-25,2026-04-25,189000.0
EX0052,exemple fictif,,maison,Rue de l'Église,41,7033,Cuesmes,50.43339,3.92058,1,106,283,4,1,2,1974,Comme neuf,C,203,"Maison 2 façades de 106 m² à Cuesmes, 4 chambres, état : comme neuf.",2026-04-25,2026-05-25,189000.0
EX0052,exemple fictif,,maison,Rue de l'Église,41,7033,Cuesmes,50.43339,3.92058,1,106,283,4,1,2,1974,Comme neuf,C,203,"Maison 2 façades de 106 m² à Cuesmes, 4 chambres, état : comme neuf.",2026-04-25,2026-06-24,189000.0
EX0052,exemple fictif,,maison,Rue de l'Église,41,7033,Cuesmes,50.43339,3.92058,1,106,283,4,1,2,1974,Comme neuf,C,203,"Maison 2 façades de 106 m² à Cuesmes, 4 chambres, état : comme neuf.",2026-04-25,2026-07-24,189000.0
EX0052,exemple fictif,,maison,Rue de l'Église,41,7033,Cuesmes,50.43339,3.92058,1,106,283,4,1,2,1974,Comme neuf,C,203,"Maison 2 façades de 106 m² à Cuesmes, 4 chambres, état : comme neuf.",2026-04-25,2026-08-23,189000.0
EX0052,exemple fictif,,maison,Rue de l'Église,41,7033,Cuesmes,50.43339,3.92058,1,106,283,4,1,2,1974,Comme neuf,C,203,"Maison 2 façades de 106 m² à Cuesmes, 4 chambres, état : comme neuf.",2026-04-25,2026-09-22,189000.0
EX0053,exemple fictif,,maison,Rue du Moulin,20,7030,Saint-Symphorien,50.4389,4.01732,1,117,107,2,1,2,1956,Fraîchement rénové,C,211,"Maison 2 façades de 117 m² à Saint-Symphorien, 2 chambres, état : fraîchement rénové.",2026-01-23,2026-01-23,302000.0
EX0053,exemple fictif,,maison,Rue du Moulin,20,7030,Saint-Symphorien,50.4389,4.01732,1,117,107,2,1,2,1956,Fraîchement rénové,C,211,"Maison 2 façades de 117 m² à Saint-Symphorien, 2 chambres, état : fraîchement rénové.",2026-01-23,2026-02-22,302000.0
EX0053,exemple fictif,,maison,Rue du Moulin,20,7030,Saint-Symphorien,50.4389,4.01732,1,117,107,2,1,2,1956,Fraîchement rénové,C,211,"Maison 2 façades de 117 m² à Saint-Symphorien, 2 chambres, état : fraîchement rénové.",2026-01-23,2026-03-24,302000.0
EX0053,exemple fictif,,maison,Rue du Moulin,20,7030,Saint-Symphorien,50.4389,4.01732,1,117,107,2,1,2,1956,Fraîchement rénové,C,211,"Maison 2 façades de 117 m² à Saint-Symphorien, 2 chambres, état : fraîchement rénové.",2026-01-23,2026-04-23,302000.0
EX0053,exemple fictif,,maison,Rue du Moulin,20,7030,Saint-Symphorien,50.4389,4.01732,1,117,107,2,1,2,1956,Fraîchement rénové,C,211,"Maison 2 façades de 117 m² à Saint-Symphorien, 2 chambres, état : fraîchement rénové.",2026-01-23,2026-05-23,289000.0
EX0053,exemple fictif,,maison,Rue du Moulin,20,7030,Saint-Symphorien,50.4389,4.01732,1,117,107,2,1,2,1956,Fraîchement rénové,C,211,"Maison 2 façades de 117 m² à Saint-Symphorien, 2 chambres, état : fraîchement rénové.",2026-01-23,2026-06-22,289000.0
EX0053,exemple fictif,,maison,Rue du Moulin,20,7030,Saint-Symphorien,50.4389,4.01732,1,117,107,2,1,2,1956,Fraîchement rénové,C,211,"Maison 2 façades de 117 m² à Saint-Symphorien, 2 chambres, état : fraîchement rénové.",2026-01-23,2026-07-22,289000.0
EX0053,exemple fictif,,maison,Rue du Moulin,20,7030,Saint-Symphorien,50.4389,4.01732,1,117,107,2,1,2,1956,Fraîchement rénové,C,211,"Maison 2 façades de 117 m² à Saint-Symphorien, 2 chambres, état : fraîchement rénové.",2026-01-23,2026-08-21,289000.0
EX0053,exemple fictif,,maison,Rue du Moulin,20,7030,Saint-Symphorien,50.4389,4.01732,1,117,107,2,1,2,1956,Fraîchement rénové,C,211,"Maison 2 façades de 117 m² à Saint-Symphorien, 2 chambres, état : fraîchement rénové.",2026-01-23,2026-09-20,289000.0
EX0054,exemple fictif,,maison,Rue du Moulin,91,7080,Frameries,50.40158,3.89864,1,95,1265,2,1,3,1942,Comme neuf,A,69,"Maison 3 façades de 95 m² à Frameries, 2 chambres, état : comme neuf.",2024-10-24,2024-10-24,218000.0
EX0054,exemple fictif,,maison,Rue du Moulin,91,7080,Frameries,50.40158,3.89864,1,95,1265,2,1,3,1942,Comme neuf,A,69,"Maison 3 façades de 95 m² à Frameries, 2 chambres, état : comme neuf.",2024-10-24,2024-11-23,218000.0
EX0054,exemple fictif,,maison,Rue du Moulin,91,7080,Frameries,50.40158,3.89864,1,95,1265,2,1,3,1942,Comme neuf,A,69,"Maison 3 façades de 95 m² à Frameries, 2 chambres, état : comme neuf.",2024-10-24,2024-12-23,218000.0
EX0054,exemple fictif,,maison,Rue du Moulin,91,7080,Frameries,50.40158,3.89864,1,95,1265,2,1,3,1942,Comme neuf,A,69,"Maison 3 façades de 95 m² à Frameries, 2 chambres, état : comme neuf.",2024-10-24,2025-01-22,218000.0
EX0054,exemple fictif,,maison,Rue du Moulin,91,7080,Frameries,50.40158,3.89864,1,95,1265,2,1,3,1942,Comme neuf,A,69,"Maison 3 façades de 95 m² à Frameries, 2 chambres, état : comme neuf.",2024-10-24,2025-02-21,207000.0
EX0054,exemple fictif,,maison,Rue du Moulin,91,7080,Frameries,50.40158,3.89864,1,95,1265,2,1,3,1942,Comme neuf,A,69,"Maison 3 façades de 95 m² à Frameries, 2 chambres, état : comme neuf.",2024-10-24,2025-03-23,193000.0
EX0054,exemple fictif,,maison,Rue du Moulin,91,7080,Frameries,50.40158,3.89864,1,95,1265,2,1,3,1942,Comme neuf,A,69,"Maison 3 façades de 95 m² à Frameries, 2 chambres, état : comme neuf.",2024-10-24,2025-04-22,193000.0
EX0054,exemple fictif,,maison,Rue du Moulin,91,7080,Frameries,50.40158,3.89864,1,95,1265,2,1,3,1942,Comme neuf,A,69,"Maison 3 façades de 95 m² à Frameries, 2 chambres, état : comme neuf.",2024-10-24,2025-05-22,193000.0
EX0054,exemple fictif,,maison,Rue du Moulin,91,7080,Frameries,50.40158,3.89864,1,95,1265,2,1,3,1942,Comme neuf,A,69,"Maison 3 façades de 95 m² à Frameries, 2 chambres, état : comme neuf.",2024-10-24,2025-06-21,193000.0
EX0054,exemple fictif,,maison,Rue du Moulin,91,7080,Frameries,50.40158,3.89864,1,95,1265,2,1,3,1942,Comme neuf,A,69,"Maison 3 façades de 95 m² à Frameries, 2 chambres, état : comme neuf.",2024-10-24,2025-07-21,193000.0
EX0054,exemple fictif,,maison,Rue du Moulin,91,7080,Frameries,50.40158,3.89864,1,95,1265,2,1,3,1942,Comme neuf,A,69,"Maison 3 façades de 95 m² à Frameries, 2 chambres, état : comme neuf.",2024-10-24,2025-08-20,193000.0
EX0054,exemple fictif,,maison,Rue du Moulin,91,7080,Frameries,50.40158,3.89864,1,95,1265,2,1,3,1942,Comme neuf,A,69,"Maison 3 façades de 95 m² à Frameries, 2 chambres, état : comme neuf.",2024-10-24,2025-09-19,193000.0
EX0054,exemple fictif,,maison,Rue du Moulin,91,7080,Frameries,50.40158,3.89864,1,95,1265,2,1,3,1942,Comme neuf,A,69,"Maison 3 façades de 95 m² à Frameries, 2 chambres, état : comme neuf.",2024-10-24,2025-10-19,193000.0
EX0054,exemple fictif,,maison,Rue du Moulin,91,7080,Frameries,50.40158,3.89864,1,95,1265,2,1,3,1942,Comme neuf,A,69,"Maison 3 façades de 95 m² à Frameries, 2 chambres, état : comme neuf.",2024-10-24,2025-11-18,187000.0
EX0054,exemple fictif,,maison,Rue du Moulin,91,7080,Frameries,50.40158,3.89864,1,95,1265,2,1,3,1942,Comme neuf,A,69,"Maison 3 façades de 95 m² à Frameries, 2 chambres, état : comme neuf.",2024-10-24,2025-12-18,187000.0
EX0054,exemple fictif,,maison,Rue du Moulin,91,7080,Frameries,50.40158,3.89864,1,95,1265,2,1,3,1942,Comme neuf,A,69,"Maison 3 façades de 95 m² à Frameries, 2 chambres, état : comme neuf.",2024-10-24,2026-01-17,187000.0
EX0054,exemple fictif,,maison,Rue du Moulin,91,7080,Frameries,50.40158,3.89864,1,95,1265,2,1,3,1942,Comme neuf,A,69,"Maison 3 façades de 95 m² à Frameries, 2 chambres, état : comme neuf.",2024-10-24,2026-02-16,177000.0
EX0054,exemple fictif,,maison,Rue du Moulin,91,7080,Frameries,50.40158,3.89864,1,95,1265,2,1,3,1942,Comme neuf,A,69,"Maison 3 façades de 95 m² à Frameries, 2 chambres, état : comme neuf.",2024-10-24,2026-03-18,177000.0
EX0054,exemple fictif,,maison,Rue du Moulin,91,7080,Frameries,50.40158,3.89864,1,95,1265,2,1,3,1942,Comme neuf,A,69,"Maison 3 façades de 95 m² à Frameries, 2 chambres, état : comme neuf.",2024-10-24,2026-04-17,177000.0
EX0054,exemple fictif,,maison,Rue du Moulin,91,7080,Frameries,50.40158,3.89864,1,95,1265,2,1,3,1942,Comme neuf,A,69,"Maison 3 façades de 95 m² à Frameries, 2 chambres, état : comme neuf.",2024-10-24,2026-05-17,177000.0
EX0054,exemple fictif,,maison,Rue du Moulin,91,7080,Frameries,50.40158,3.89864,1,95,1265,2,1,3,1942,Comme neuf,A,69,"Maison 3 façades de 95 m² à Frameries, 2 chambres, état : comme neuf.",2024-10-24,2026-06-16,177000.0
EX0054,exemple fictif,,maison,Rue du Moulin,91,7080,Frameries,50.40158,3.89864,1,95,1265,2,1,3,1942,Comme neuf,A,69,"Maison 3 façades de 95 m² à Frameries, 2 chambres, état : comme neuf.",2024-10-24,2026-07-16,170000.0
EX0054,exemple fictif,,maison,Rue du Moulin,91,7080,Frameries,50.40158,3.89864,1,95,1265,2,1,3,1942,Comme neuf,A,69,"Maison 3 façades de 95 m² à Frameries, 2 chambres, état : comme neuf.",2024-10-24,2026-08-15,170000.0
EX0054,exemple fictif,,maison,Rue du Moulin,91,7080,Frameries,50.40158,3.89864,1,95,1265,2,1,3,1942,Comme neuf,A,69,"Maison 3 façades de 95 m² à Frameries, 2 chambres, état : comme neuf.",2024-10-24,2026-09-14,170000.0
EX0055,exemple fictif,,maison,Rue des Écoles,98,7030,Saint-Symphorien,50.43444,4.01366,1,96,233,3,1,2,2012,À rafraîchir,E,375,"Maison 2 façades de 96 m² à Saint-Symphorien, 3 chambres, état : à rafraîchir.",2026-01-29,2026-01-29,155000.0
EX0055,exemple fictif,,maison,Rue des Écoles,98,7030,Saint-Symphorien,50.43444,4.01366,1,96,233,3,1,2,2012,À rafraîchir,E,375,"Maison 2 façades de 96 m² à Saint-Symphorien, 3 chambres, état : à rafraîchir.",2026-01-29,2026-02-28,155000.0
EX0055,exemple fictif,,maison,Rue des Écoles,98,7030,Saint-Symphorien,50.43444,4.01366,1,96,233,3,1,2,2012,À rafraîchir,E,375,"Maison 2 façades de 96 m² à Saint-Symphorien, 3 chambres, état : à rafraîchir.",2026-01-29,2026-03-30,155000.0
EX0055,exemple fictif,,maison,Rue des Écoles,98,7030,Saint-Symphorien,50.43444,4.01366,1,96,233,3,1,2,2012,À rafraîchir,E,375,"Maison 2 façades de 96 m² à Saint-Symphorien, 3 chambres, état : à rafraîchir.",2026-01-29,2026-04-29,155000.0
EX0055,exemple fictif,,maison,Rue des Écoles,98,7030,Saint-Symphorien,50.43444,4.01366,1,96,233,3,1,2,2012,À rafraîchir,E,375,"Maison 2 façades de 96 m² à Saint-Symphorien, 3 chambres, état : à rafraîchir.",2026-01-29,2026-05-29,155000.0
EX0055,exemple fictif,,maison,Rue des Écoles,98,7030,Saint-Symphorien,50.43444,4.01366,1,96,233,3,1,2,2012,À rafraîchir,E,375,"Maison 2 façades de 96 m² à Saint-Symphorien, 3 chambres, état : à rafraîchir.",2026-01-29,2026-06-28,155000.0
EX0055,exemple fictif,,maison,Rue des Écoles,98,7030,Saint-Symphorien,50.43444,4.01366,1,96,233,3,1,2,2012,À rafraîchir,E,375,"Maison 2 façades de 96 m² à Saint-Symphorien, 3 chambres, état : à rafraîchir.",2026-01-29,2026-07-28,155000.0
EX0055,exemple fictif,,maison,Rue des Écoles,98,7030,Saint-Symphorien,50.43444,4.01366,1,96,233,3,1,2,2012,À rafraîchir,E,375,"Maison 2 façades de 96 m² à Saint-Symphorien, 3 chambres, état : à rafraîchir.",2026-01-29,2026-08-27,155000.0
EX0056,exemple fictif,,maison,Rue des Écoles,181,7390,Quaregnon,50.44531,3.87582,1,137,224,3,1,2,1999,Comme neuf,C,219,"Maison 2 façades de 137 m² à Quaregnon, 3 chambres, état : comme neuf.",2025-07-30,2025-07-30,311000.0
EX0056,exemple fictif,,maison,Rue des Écoles,181,7390,Quaregnon,50.44531,3.87582,1,137,224,3,1,2,1999,Comme neuf,C,219,"Maison 2 façades de 137 m² à Quaregnon, 3 chambres, état : comme neuf.",2025-07-30,2025-08-29,311000.0
EX0056,exemple fictif,,maison,Rue des Écoles,181,7390,Quaregnon,50.44531,3.87582,1,137,224,3,1,2,1999,Comme neuf,C,219,"Maison 2 façades de 137 m² à Quaregnon, 3 chambres, état : comme neuf.",2025-07-30,2025-09-28,311000.0
EX0056,exemple fictif,,maison,Rue des Écoles,181,7390,Quaregnon,50.44531,3.87582,1,137,224,3,1,2,1999,Comme neuf,C,219,"Maison 2 façades de 137 m² à Quaregnon, 3 chambres, état : comme neuf.",2025-07-30,2025-10-28,311000.0
EX0056,exemple fictif,,maison,Rue des Écoles,181,7390,Quaregnon,50.44531,3.87582,1,137,224,3,1,2,1999,Comme neuf,C,219,"Maison 2 façades de 137 m² à Quaregnon, 3 chambres, état : comme neuf.",2025-07-30,2025-11-27,311000.0
EX0056,exemple fictif,,maison,Rue des Écoles,181,7390,Quaregnon,50.44531,3.87582,1,137,224,3,1,2,1999,Comme neuf,C,219,"Maison 2 façades de 137 m² à Quaregnon, 3 chambres, état : comme neuf.",2025-07-30,2025-12-27,311000.0
EX0056,exemple fictif,,maison,Rue des Écoles,181,7390,Quaregnon,50.44531,3.87582,1,137,224,3,1,2,1999,Comme neuf,C,219,"Maison 2 façades de 137 m² à Quaregnon, 3 chambres, état : comme neuf.",2025-07-30,2026-01-26,289000.0
EX0056,exemple fictif,,maison,Rue des Écoles,181,7390,Quaregnon,50.44531,3.87582,1,137,224,3,1,2,1999,Comme neuf,C,219,"Maison 2 façades de 137 m² à Quaregnon, 3 chambres, état : comme neuf.",2025-07-30,2026-02-25,289000.0
EX0056,exemple fictif,,maison,Rue des Écoles,181,7390,Quaregnon,50.44531,3.87582,1,137,224,3,1,2,1999,Comme neuf,C,219,"Maison 2 façades de 137 m² à Quaregnon, 3 chambres, état : comme neuf.",2025-07-30,2026-03-27,289000.0
EX0056,exemple fictif,,maison,Rue des Écoles,181,7390,Quaregnon,50.44531,3.87582,1,137,224,3,1,2,1999,Comme neuf,C,219,"Maison 2 façades de 137 m² à Quaregnon, 3 chambres, état : comme neuf.",2025-07-30,2026-04-26,289000.0
EX0056,exemple fictif,,maison,Rue des Écoles,181,7390,Quaregnon,50.44531,3.87582,1,137,224,3,1,2,1999,Comme neuf,C,219,"Maison 2 façades de 137 m² à Quaregnon, 3 chambres, état : comme neuf.",2025-07-30,2026-05-26,277000.0
EX0056,exemple fictif,,maison,Rue des Écoles,181,7390,Quaregnon,50.44531,3.87582,1,137,224,3,1,2,1999,Comme neuf,C,219,"Maison 2 façades de 137 m² à Quaregnon, 3 chambres, état : comme neuf.",2025-07-30,2026-06-25,277000.0
EX0056,exemple fictif,,maison,Rue des Écoles,181,7390,Quaregnon,50.44531,3.87582,1,137,224,3,1,2,1999,Comme neuf,C,219,"Maison 2 façades de 137 m² à Quaregnon, 3 chambres, état : comme neuf.",2025-07-30,2026-07-25,259000.0
EX0056,exemple fictif,,maison,Rue des Écoles,181,7390,Quaregnon,50.44531,3.87582,1,137,224,3,1,2,1999,Comme neuf,C,219,"Maison 2 façades de 137 m² à Quaregnon, 3 chambres, état : comme neuf.",2025-07-30,2026-08-24,259000.0
EX0056,exemple fictif,,maison,Rue des Écoles,181,7390,Quaregnon,50.44531,3.87582,1,137,224,3,1,2,1999,Comme neuf,C,219,"Maison 2 façades de 137 m² à Quaregnon, 3 chambres, état : comme neuf.",2025-07-30,2026-09-23,259000.0
EX0057,exemple fictif,,maison,Rue du Moulin,10,7022,Hyon,50.44729,3.97016,1,103,1347,2,1,4,1976,À rénover,C,187,"Maison 4 façades de 103 m² à Hyon, 2 chambres, état : à rénover.",2025-06-08,2025-06-08,188000.0
EX0057,exemple fictif,,maison,Rue du Moulin,10,7022,Hyon,50.44729,3.97016,1,103,1347,2,1,4,1976,À rénover,C,187,"Maison 4 façades de 103 m² à Hyon, 2 chambres, état : à rénover.",2025-06-08,2025-07-08,188000.0
EX0057,exemple fictif,,maison,Rue du Moulin,10,7022,Hyon,50.44729,3.97016,1,103,1347,2,1,4,1976,À rénover,C,187,"Maison 4 façades de 103 m² à Hyon, 2 chambres, état : à rénover.",2025-06-08,2025-08-07,188000.0
EX0057,exemple fictif,,maison,Rue du Moulin,10,7022,Hyon,50.44729,3.97016,1,103,1347,2,1,4,1976,À rénover,C,187,"Maison 4 façades de 103 m² à Hyon, 2 chambres, état : à rénover.",2025-06-08,2025-09-06,188000.0
EX0057,exemple fictif,,maison,Rue du Moulin,10,7022,Hyon,50.44729,3.97016,1,103,1347,2,1,4,1976,À rénover,C,187,"Maison 4 façades de 103 m² à Hyon, 2 chambres, état : à rénover.",2025-06-08,2025-10-06,188000.0
EX0057,exemple fictif,,maison,Rue du Moulin,10,7022,Hyon,50.44729,3.97016,1,103,1347,2,1,4,1976,À rénover,C,187,"Maison 4 façades de 103 m² à Hyon, 2 chambres, état : à rénover.",2025-06-08,2025-11-05,188000.0
EX0057,exemple fictif,,maison,Rue du Moulin,10,7022,Hyon,50.44729,3.97016,1,103,1347,2,1,4,1976,À rénover,C,187,"Maison 4 façades de 103 m² à Hyon, 2 chambres, état : à rénover.",2025-06-08,2025-12-05,188000.0
EX0057,exemple fictif,,maison,Rue du Moulin,10,7022,Hyon,50.44729,3.97016,1,103,1347,2,1,4,1976,À rénover,C,187,"Maison 4 façades de 103 m² à Hyon, 2 chambres, état : à rénover.",2025-06-08,2026-01-04,188000.0
EX0057,exemple fictif,,maison,Rue du Moulin,10,7022,Hyon,50.44729,3.97016,1,103,1347,2,1,4,1976,À rénover,C,187,"Maison 4 façades de 103 m² à Hyon, 2 chambres, état : à rénover.",2025-06-08,2026-02-03,188000.0
EX0057,exemple fictif,,maison,Rue du Moulin,10,7022,Hyon,50.44729,3.97016,1,103,1347,2,1,4,1976,À rénover,C,187,"Maison 4 façades de 103 m² à Hyon, 2 chambres, état : à rénover.",2025-06-08,2026-03-05,188000.0
EX0057,exemple fictif,,maison,Rue du Moulin,10,7022,Hyon,50.44729,3.97016,1,103,1347,2,1,4,1976,À rénover,C,187,"Maison 4 façades de 103 m² à Hyon, 2 chambres, état : à rénover.",2025-06-08,2026-04-04,188000.0
EX0057,exemple fictif,,maison,Rue du Moulin,10,7022,Hyon,50.44729,3.97016,1,103,1347,2,1,4,1976,À rénover,C,187,"Maison 4 façades de 103 m² à Hyon, 2 chambres, état : à rénover.",2025-06-08,2026-05-04,188000.0
EX0057,exemple fictif,,maison,Rue du Moulin,10,7022,Hyon,50.44729,3.97016,1,103,1347,2,1,4,1976,À rénover,C,187,"Maison 4 façades de 103 m² à Hyon, 2 chambres, état : à rénover.",2025-06-08,2026-06-03,188000.0
EX0057,exemple fictif,,maison,Rue du Moulin,10,7022,Hyon,50.44729,3.97016,1,103,1347,2,1,4,1976,À rénover,C,187,"Maison 4 façades de 103 m² à Hyon, 2 chambres, état : à rénover.",2025-06-08,2026-07-03,188000.0
EX0057,exemple fictif,,maison,Rue du Moulin,10,7022,Hyon,50.44729,3.97016,1,103,1347,2,1,4,1976,À rénover,C,187,"Maison 4 façades de 103 m² à Hyon, 2 chambres, état : à rénover.",2025-06-08,2026-08-02,188000.0
EX0057,exemple fictif,,maison,Rue du Moulin,10,7022,Hyon,50.44729,3.97016,1,103,1347,2,1,4,1976,À rénover,C,187,"Maison 4 façades de 103 m² à Hyon, 2 chambres, état : à rénover.",2025-06-08,2026-09-01,188000.0
EX0057,exemple fictif,,maison,Rue du Moulin,10,7022,Hyon,50.44729,3.97016,1,103,1347,2,1,4,1976,À rénover,C,187,"Maison 4 façades de 103 m² à Hyon, 2 chambres, état : à rénover.",2025-06-08,2026-10-01,188000.0
EX0058,exemple fictif,,maison,Rue des Écoles,138,7020,Nimy,50.47515,3.95752,1,129,208,3,1,2,1940,Comme neuf,A,73,"Maison 2 façades de 129 m² à Nimy, 3 chambres, état : comme neuf.",2026-07-03,2026-07-03,271000.0
EX0058,exemple fictif,,maison,Rue des Écoles,138,7020,Nimy,50.47515,3.95752,1,129,208,3,1,2,1940,Comme neuf,A,73,"Maison 2 façades de 129 m² à Nimy, 3 chambres, état : comme neuf.",2026-07-03,2026-08-02,271000.0
EX0058,exemple fictif,,maison,Rue des Écoles,138,7020,Nimy,50.47515,3.95752,1,129,208,3,1,2,1940,Comme neuf,A,73,"Maison 2 façades de 129 m² à Nimy, 3 chambres, état : comme neuf.",2026-07-03,2026-09-01,271000.0
EX0058,exemple fictif,,maison,Rue des Écoles,138,7020,Nimy,50.47515,3.95752,1,129,208,3,1,2,1940,Comme neuf,A,73,"Maison 2 façades de 129 m² à Nimy, 3 chambres, état : comme neuf.",2026-07-03,2026-10-01,271000.0
EX0059,exemple fictif,,maison,Rue de l'Église,19,7030,Saint-Symphorien,50.43565,3.99004,1,121,1346,3,1,3,1925,À rafraîchir,D,312,"Maison 3 façades de 121 m² à Saint-Symphorien, 3 chambres, état : à rafraîchir.",2026-03-21,2026-03-21,206000.0
EX0059,exemple fictif,,maison,Rue de l'Église,19,7030,Saint-Symphorien,50.43565,3.99004,1,121,1346,3,1,3,1925,À rafraîchir,D,312,"Maison 3 façades de 121 m² à Saint-Symphorien, 3 chambres, état : à rafraîchir.",2026-03-21,2026-04-20,206000.0
EX0059,exemple fictif,,maison,Rue de l'Église,19,7030,Saint-Symphorien,50.43565,3.99004,1,121,1346,3,1,3,1925,À rafraîchir,D,312,"Maison 3 façades de 121 m² à Saint-Symphorien, 3 chambres, état : à rafraîchir.",2026-03-21,2026-05-20,206000.0
EX0059,exemple fictif,,maison,Rue de l'Église,19,7030,Saint-Symphorien,50.43565,3.99004,1,121,1346,3,1,3,1925,À rafraîchir,D,312,"Maison 3 façades de 121 m² à Saint-Symphorien, 3 chambres, état : à rafraîchir.",2026-03-21,2026-06-19,206000.0
EX0059,exemple fictif,,maison,Rue de l'Église,19,7030,Saint-Symphorien,50.43565,3.99004,1,121,1346,3,1,3,1925,À rafraîchir,D,312,"Maison 3 façades de 121 m² à Saint-Symphorien, 3 chambres, état : à rafraîchir.",2026-03-21,2026-07-19,206000.0
EX0060,exemple fictif,,maison,Rue des Écoles,161,7011,Ghlin,50.47877,3.90869,1,97,103,1,1,2,1935,Bon,C,184,"Maison 2 façades de 97 m² à Ghlin, 1 chambres, état : bon.",2026-05-27,2026-05-27,157000.0
EX0060,exemple fictif,,maison,Rue des Écoles,161,7011,Ghlin,50.47877,3.90869,1,97,103,1,1,2,1935,Bon,C,184,"Maison 2 façades de 97 m² à Ghlin, 1 chambres, état : bon.",2026-05-27,2026-06-26,157000.0
EX0060,exemple fictif,,maison,Rue des Écoles,161,7011,Ghlin,50.47877,3.90869,1,97,103,1,1,2,1935,Bon,C,184,"Maison 2 façades de 97 m² à Ghlin, 1 chambres, état : bon.",2026-05-27,2026-07-26,157000.0
EX0060,exemple fictif,,maison,Rue des Écoles,161,7011,Ghlin,50.47877,3.90869,1,97,103,1,1,2,1935,Bon,C,184,"Maison 2 façades de 97 m² à Ghlin, 1 chambres, état : bon.",2026-05-27,2026-08-25,157000.0
EX0060,exemple fictif,,maison,Rue des Écoles,161,7011,Ghlin,50.47877,3.90869,1,97,103,1,1,2,1935,Bon,C,184,"Maison 2 façades de 97 m² à Ghlin, 1 chambres, état : bon.",2026-05-27,2026-09-24,157000.0
EX0061,exemple fictif,,maison,Rue de l'Église,103,7330,Saint-Ghislain,50.44622,3.82593,1,100,1164,3,1,3,2007,Bon,E,396,"Maison 3 façades de 100 m² à Saint-Ghislain, 3 chambres, état : bon.",2024-12-28,2024-12-28,181000.0
EX0061,exemple fictif,,maison,Rue de l'Église,103,7330,Saint-Ghislain,50.44622,3.82593,1,100,1164,3,1,3,2007,Bon,E,396,"Maison 3 façades de 100 m² à Saint-Ghislain, 3 chambres, état : bon.",2024-12-28,2025-01-27,181000.0
EX0061,exemple fictif,,maison,Rue de l'Église,103,7330,Saint-Ghislain,50.44622,3.82593,1,100,1164,3,1,3,2007,Bon,E,396,"Maison 3 façades de 100 m² à Saint-Ghislain, 3 chambres, état : bon.",2024-12-28,2025-02-26,181000.0
EX0061,exemple fictif,,maison,Rue de l'Église,103,7330,Saint-Ghislain,50.44622,3.82593,1,100,1164,3,1,3,2007,Bon,E,396,"Maison 3 façades de 100 m² à Saint-Ghislain, 3 chambres, état : bon.",2024-12-28,2025-03-28,181000.0
EX0061,exemple fictif,,maison,Rue de l'Église,103,7330,Saint-Ghislain,50.44622,3.82593,1,100,1164,3,1,3,2007,Bon,E,396,"Maison 3 façades de 100 m² à Saint-Ghislain, 3 chambres, état : bon.",2024-12-28,2025-04-27,181000.0
EX0061,exemple fictif,,maison,Rue de l'Église,103,7330,Saint-Ghislain,50.44622,3.82593,1,100,1164,3,1,3,2007,Bon,E,396,"Maison 3 façades de 100 m² à Saint-Ghislain, 3 chambres, état : bon.",2024-12-28,2025-05-27,181000.0
EX0061,exemple fictif,,maison,Rue de l'Église,103,7330,Saint-Ghislain,50.44622,3.82593,1,100,1164,3,1,3,2007,Bon,E,396,"Maison 3 façades de 100 m² à Saint-Ghislain, 3 chambres, état : bon.",2024-12-28,2025-06-26,181000.0
EX0061,exemple fictif,,maison,Rue de l'Église,103,7330,Saint-Ghislain,50.44622,3.82593,1,100,1164,3,1,3,2007,Bon,E,396,"Maison 3 façades de 100 m² à Saint-Ghislain, 3 chambres, état : bon.",2024-12-28,2025-07-26,181000.0
EX0061,exemple fictif,,maison,Rue de l'Église,103,7330,Saint-Ghislain,50.44622,3.82593,1,100,1164,3,1,3,2007,Bon,E,396,"Maison 3 façades de 100 m² à Saint-Ghislain, 3 chambres, état : bon.",2024-12-28,2025-08-25,181000.0
EX0061,exemple fictif,,maison,Rue de l'Église,103,7330,Saint-Ghislain,50.44622,3.82593,1,100,1164,3,1,3,2007,Bon,E,396,"Maison 3 façades de 100 m² à Saint-Ghislain, 3 chambres, état : bon.",2024-12-28,2025-09-24,181000.0
EX0061,exemple fictif,,maison,Rue de l'Église,103,7330,Saint-Ghislain,50.44622,3.82593,1,100,1164,3,1,3,2007,Bon,E,396,"Maison 3 façades de 100 m² à Saint-Ghislain, 3 chambres, état : bon.",2024-12-28,2025-10-24,181000.0
EX0061,exemple fictif,,maison,Rue de l'Église,103,7330,Saint-Ghislain,50.44622,3.82593,1,100,1164,3,1,3,2007,Bon,E,396,"Maison 3 façades de 100 m² à Saint-Ghislain, 3 chambres, état : bon.",2024-12-28,2025-11-23,181000.0
EX0061,exemple fictif,,maison,Rue de l'Église,103,7330,Saint-Ghislain,50.44622,3.82593,1,100,1164,3,1,3,2007,Bon,E,396,"Maison 3 façades de 100 m² à Saint-Ghislain, 3 chambres, état : bon.",2024-12-28,2025-12-23,181000.0
EX0061,exemple fictif,,maison,Rue de l'Église,103,7330,Saint-Ghislain,50.44622,3.82593,1,100,1164,3,1,3,2007,Bon,E,396,"Maison 3 façades de 100 m² à Saint-Ghislain, 3 chambres, état : bon.",2024-12-28,2026-01-22,167000.0
EX0061,exemple fictif,,maison,Rue de l'Église,103,7330,Saint-Ghislain,50.44622,3.82593,1,100,1164,3,1,3,2007,Bon,E,396,"Maison 3 façades de 100 m² à Saint-Ghislain, 3 chambres, état : bon.",2024-12-28,2026-02-21,167000.0
EX0061,exemple fictif,,maison,Rue de l'Église,103,7330,Saint-Ghislain,50.44622,3.82593,1,100,1164,3,1,3,2007,Bon,E,396,"Maison 3 façades de 100 m² à Saint-Ghislain, 3 chambres, état : bon.",2024-12-28,2026-03-23,158000.0
EX0061,exemple fictif,,maison,Rue de l'Église,103,7330,Saint-Ghislain,50.44622,3.82593,1,100,1164,3,1,3,2007,Bon,E,396,"Maison 3 façades de 100 m² à Saint-Ghislain, 3 chambres, état : bon.",2024-12-28,2026-04-22,149000.0
EX0061,exemple fictif,,maison,Rue de l'Église,103,7330,Saint-Ghislain,50.44622,3.82593,1,100,1164,3,1,3,2007,Bon,E,396,"Maison 3 façades de 100 m² à Saint-Ghislain, 3 chambres, état : bon.",2024-12-28,2026-05-22,142000.0
EX0061,exemple fictif,,maison,Rue de l'Église,103,7330,Saint-Ghislain,50.44622,3.82593,1,100,1164,3,1,3,2007,Bon,E,396,"Maison 3 façades de 100 m² à Saint-Ghislain, 3 chambres, état : bon.",2024-12-28,2026-06-21,142000.0
EX0061,exemple fictif,,maison,Rue de l'Église,103,7330,Saint-Ghislain,50.44622,3.82593,1,100,1164,3,1,3,2007,Bon,E,396,"Maison 3 façades de 100 m² à Saint-Ghislain, 3 chambres, état : bon.",2024-12-28,2026-07-21,142000.0
EX0061,exemple fictif,,maison,Rue de l'Église,103,7330,Saint-Ghislain,50.44622,3.82593,1,100,1164,3,1,3,2007,Bon,E,396,"Maison 3 façades de 100 m² à Saint-Ghislain, 3 chambres, état : bon.",2024-12-28,2026-08-20,142000.0
EX0061,exemple fictif,,maison,Rue de l'Église,103,7330,Saint-Ghislain,50.44622,3.82593,1,100,1164,3,1,3,2007,Bon,E,396,"Maison 3 façades de 100 m² à Saint-Ghislain, 3 chambres, état : bon.",2024-12-28,2026-09-19,142000.0
EX0062,exemple fictif,,maison,Rue du Moulin,53,7011,Ghlin,50.48863,3.90408,1,78,271,3,1,2,2009,Comme neuf,B,104,"Maison 2 façades de 78 m² à Ghlin, 3 chambres, état : comme neuf.",2026-02-08,2026-02-08,192000.0
EX0062,exemple fictif,,maison,Rue du Moulin,53,7011,Ghlin,50.48863,3.90408,1,78,271,3,1,2,2009,Comme neuf,B,104,"Maison 2 façades de 78 m² à Ghlin, 3 chambres, état : comme neuf.",2026-02-08,2026-03-10,192000.0
EX0062,exemple fictif,,maison,Rue du Moulin,53,7011,Ghlin,50.48863,3.90408,1,78,271,3,1,2,2009,Comme neuf,B,104,"Maison 2 façades de 78 m² à Ghlin, 3 chambres, état : comme neuf.",2026-02-08,2026-04-09,181000.0
EX0062,exemple fictif,,maison,Rue du Moulin,53,7011,Ghlin,50.48863,3.90408,1,78,271,3,1,2,2009,Comme neuf,B,104,"Maison 2 façades de 78 m² à Ghlin, 3 chambres, état : comme neuf.",2026-02-08,2026-05-09,181000.0
EX0062,exemple fictif,,maison,Rue du Moulin,53,7011,Ghlin,50.48863,3.90408,1,78,271,3,1,2,2009,Comme neuf,B,104,"Maison 2 façades de 78 m² à Ghlin, 3 chambres, état : comme neuf.",2026-02-08,2026-06-08,181000.0
EX0062,exemple fictif,,maison,Rue du Moulin,53,7011,Ghlin,50.48863,3.90408,1,78,271,3,1,2,2009,Comme neuf,B,104,"Maison 2 façades de 78 m² à Ghlin, 3 chambres, état : comme neuf.",2026-02-08,2026-07-08,181000.0
EX0062,exemple fictif,,maison,Rue du Moulin,53,7011,Ghlin,50.48863,3.90408,1,78,271,3,1,2,2009,Comme neuf,B,104,"Maison 2 façades de 78 m² à Ghlin, 3 chambres, état : comme neuf.",2026-02-08,2026-08-07,181000.0
EX0062,exemple fictif,,maison,Rue du Moulin,53,7011,Ghlin,50.48863,3.90408,1,78,271,3,1,2,2009,Comme neuf,B,104,"Maison 2 façades de 78 m² à Ghlin, 3 chambres, état : comme neuf.",2026-02-08,2026-09-06,170000.0
EX0062,exemple fictif,,maison,Rue du Moulin,53,7011,Ghlin,50.48863,3.90408,1,78,271,3,1,2,2009,Comme neuf,B,104,"Maison 2 façades de 78 m² à Ghlin, 3 chambres, état : comme neuf.",2026-02-08,2026-10-06,170000.0
EX0063,exemple fictif,,maison,Avenue des Tilleuls,177,7000,Mons,50.45181,3.94773,1,162,1336,4,2,3,1938,Fraîchement rénové,C,215,"Maison 3 façades de 162 m² à Mons, 4 chambres, état : fraîchement rénové.",2026-07-18,2026-07-18,390000.0
EX0063,exemple fictif,,maison,Avenue des Tilleuls,177,7000,Mons,50.45181,3.94773,1,162,1336,4,2,3,1938,Fraîchement rénové,C,215,"Maison 3 façades de 162 m² à Mons, 4 chambres, état : fraîchement rénové.",2026-07-18,2026-08-17,390000.0
EX0063,exemple fictif,,maison,Avenue des Tilleuls,177,7000,Mons,50.45181,3.94773,1,162,1336,4,2,3,1938,Fraîchement rénové,C,215,"Maison 3 façades de 162 m² à Mons, 4 chambres, état : fraîchement rénové.",2026-07-18,2026-09-16,390000.0
EX0064,exemple fictif,,maison,Avenue des Tilleuls,154,7022,Hyon,50.43449,3.98207,1,147,889,4,1,3,1933,Fraîchement rénové,A,102,"Maison 3 façades de 147 m² à Hyon, 4 chambres, état : fraîchement rénové.",2026-08-22,2026-08-22,384000.0
EX0064,exemple fictif,,maison,Avenue des Tilleuls,154,7022,Hyon,50.43449,3.98207,1,147,889,4,1,3,1933,Fraîchement rénové,A,102,"Maison 3 façades de 147 m² à Hyon, 4 chambres, état : fraîchement rénové.",2026-08-22,2026-09-21,384000.0
EX0065,exemple fictif,,maison,Rue de l'Église,34,7040,Quévy,50.38389,3.92796,1,174,169,4,2,2,1992,Bon,E,379,"Maison 2 façades de 174 m² à Quévy, 4 chambres, état : bon.",2024-10-27,2024-10-27,285000.0
EX0065,exemple fictif,,maison,Rue de l'Église,34,7040,Quévy,50.38389,3.92796,1,174,169,4,2,2,1992,Bon,E,379,"Maison 2 façades de 174 m² à Quévy, 4 chambres, état : bon.",2024-10-27,2024-11-26,285000.0
EX0066,exemple fictif,,maison,Rue de la Station,92,7012,Jemappes,50.45231,3.87848,1,220,358,6,2,3,2008,À rénover,D,277,"Maison 3 façades de 220 m² à Jemappes, 6 chambres, état : à rénover.",2026-02-04,2026-02-04,286000.0
EX0066,exemple fictif,,maison,Rue de la Station,92,7012,Jemappes,50.45231,3.87848,1,220,358,6,2,3,2008,À rénover,D,277,"Maison 3 façades de 220 m² à Jemappes, 6 chambres, état : à rénover.",2026-02-04,2026-03-06,286000.0
EX0066,exemple fictif,,maison,Rue de la Station,92,7012,Jemappes,50.45231,3.87848,1,220,358,6,2,3,2008,À rénover,D,277,"Maison 3 façades de 220 m² à Jemappes, 6 chambres, état : à rénover.",2026-02-04,2026-04-05,286000.0
EX0066,exemple fictif,,maison,Rue de la Station,92,7012,Jemappes,50.45231,3.87848,1,220,358,6,2,3,2008,À rénover,D,277,"Maison 3 façades de 220 m² à Jemappes, 6 chambres, état : à rénover.",2026-02-04,2026-05-05,286000.0
EX0066,exemple fictif,,maison,Rue de la Station,92,7012,Jemappes,50.45231,3.87848,1,220,358,6,2,3,2008,À rénover,D,277,"Maison 3 façades de 220 m² à Jemappes, 6 chambres, état : à rénover.",2026-02-04,2026-06-04,286000.0
EX0066,exemple fictif,,maison,Rue de la Station,92,7012,Jemappes,50.45231,3.87848,1,220,358,6,2,3,2008,À rénover,D,277,"Maison 3 façades de 220 m² à Jemappes, 6 chambres, état : à rénover.",2026-02-04,2026-07-04,286000.0
EX0066,exemple fictif,,maison,Rue de la Station,92,7012,Jemappes,50.45231,3.87848,1,220,358,6,2,3,2008,À rénover,D,277,"Maison 3 façades de 220 m² à Jemappes, 6 chambres, état : à rénover.",2026-02-04,2026-08-03,286000.0
EX0066,exemple fictif,,maison,Rue de la Station,92,7012,Jemappes,50.45231,3.87848,1,220,358,6,2,3,2008,À rénover,D,277,"Maison 3 façades de 220 m² à Jemappes, 6 chambres, état : à rénover.",2026-02-04,2026-09-02,286000.0
EX0067,exemple fictif,,maison,Rue des Écoles,158,7012,Jemappes,50.44644,3.89183,1,130,1251,3,1,4,1969,Bon,D,300,"Maison 4 façades de 130 m² à Jemappes, 3 chambres, état : bon.",2025-05-09,2025-05-09,211000.0
EX0067,exemple fictif,,maison,Rue des Écoles,158,7012,Jemappes,50.44644,3.89183,1,130,1251,3,1,4,1969,Bon,D,300,"Maison 4 façades de 130 m² à Jemappes, 3 chambres, état : bon.",2025-05-09,2025-06-08,211000.0
EX0067,exemple fictif,,maison,Rue des Écoles,158,7012,Jemappes,50.44644,3.89183,1,130,1251,3,1,4,1969,Bon,D,300,"Maison 4 façades de 130 m² à Jemappes, 3 chambres, état : bon.",2025-05-09,2025-07-08,211000.0
EX0067,exemple fictif,,maison,Rue des Écoles,158,7012,Jemappes,50.44644,3.89183,1,130,1251,3,1,4,1969,Bon,D,300,"Maison 4 façades de 130 m² à Jemappes, 3 chambres, état : bon.",2025-05-09,2025-08-07,211000.0
EX0067,exemple fictif,,maison,Rue des Écoles,158,7012,Jemappes,50.44644,3.89183,1,130,1251,3,1,4,1969,Bon,D,300,"Maison 4 façades de 130 m² à Jemappes, 3 chambres, état : bon.",2025-05-09,2025-09-06,211000.0
EX0067,exemple fictif,,maison,Rue des Écoles,158,7012,Jemappes,50.44644,3.89183,1,130,1251,3,1,4,1969,Bon,D,300,"Maison 4 façades de 130 m² à Jemappes, 3 chambres, état : bon.",2025-05-09,2025-10-06,211000.0
EX0067,exemple fictif,,maison,Rue des Écoles,158,7012,Jemappes,50.44644,3.89183,1,130,1251,3,1,4,1969,Bon,D,300,"Maison 4 façades de 130 m² à Jemappes, 3 chambres, état : bon.",2025-05-09,2025-11-05,211000.0
EX0067,exemple fictif,,maison,Rue des Écoles,158,7012,Jemappes,50.44644,3.89183,1,130,1251,3,1,4,1969,Bon,D,300,"Maison 4 façades de 130 m² à Jemappes, 3 chambres, état : bon.",2025-05-09,2025-12-05,211000.0
EX0067,exemple fictif,,maison,Rue des Écoles,158,7012,Jemappes,50.44644,3.89183,1,130,1251,3,1,4,1969,Bon,D,300,"Maison 4 façades de 130 m² à Jemappes, 3 chambres, état : bon.",2025-05-09,2026-01-04,211000.0
EX0067,exemple fictif,,maison,Rue des Écoles,158,7012,Jemappes,50.44644,3.89183,1,130,1251,3,1,4,1969,Bon,D,300,"Maison 4 façades de 130 m² à Jemappes, 3 chambres, état : bon.",2025-05-09,2026-02-03,211000.0
EX0067,exemple fictif,,maison,Rue des Écoles,158,7012,Jemappes,50.44644,3.89183,1,130,1251,3,1,4,1969,Bon,D,300,"Maison 4 façades de 130 m² à Jemappes, 3 chambres, état : bon.",2025-05-09,2026-03-05,211000.0
EX0067,exemple fictif,,maison,Rue des Écoles,158,7012,Jemappes,50.44644,3.89183,1,130,1251,3,1,4,1969,Bon,D,300,"Maison 4 façades de 130 m² à Jemappes, 3 chambres, état : bon.",2025-05-09,2026-04-04,211000.0
EX0068,exemple fictif,,maison,Rue du Moulin,165,7390,Quaregnon,50.43775,3.85773,1,126,98,2,1,2,2009,À rafraîchir,D,285,"Maison 2 façades de 126 m² à Quaregnon, 2 chambres, état : à rafraîchir.",2026-09-06,2026-09-06,144000.0
EX0068,exemple fictif,,maison,Rue du Moulin,165,7390,Quaregnon,50.43775,3.85773,1,126,98,2,1,2,2009,À rafraîchir,D,285,"Maison 2 façades de 126 m² à Quaregnon, 2 chambres, état : à rafraîchir.",2026-09-06,2026-10-06,144000.0
EX0069,exemple fictif,,maison,Avenue des Tilleuls,124,7030,Saint-Symphorien,50.43596,4.01743,1,166,697,4,2,4,1904,À rénover,G,603,"Maison 4 façades de 166 m² à Saint-Symphorien, 4 chambres, état : à rénover.",2025-12-14,2025-12-14,292000.0
EX0069,exemple fictif,,maison,Avenue des Tilleuls,124,7030,Saint-Symphorien,50.43596,4.01743,1,166,697,4,2,4,1904,À rénover,G,603,"Maison 4 façades de 166 m² à Saint-Symphorien, 4 chambres, état : à rénover.",2025-12-14,2026-01-13,292000.0
EX0069,exemple fictif,,maison,Avenue des Tilleuls,124,7030,Saint-Symphorien,50.43596,4.01743,1,166,697,4,2,4,1904,À rénover,G,603,"Maison 4 façades de 166 m² à Saint-Symphorien, 4 chambres, état : à rénover.",2025-12-14,2026-02-12,292000.0
EX0069,exemple fictif,,maison,Avenue des Tilleuls,124,7030,Saint-Symphorien,50.43596,4.01743,1,166,697,4,2,4,1904,À rénover,G,603,"Maison 4 façades de 166 m² à Saint-Symphorien, 4 chambres, état : à rénover.",2025-12-14,2026-03-14,292000.0
EX0069,exemple fictif,,maison,Avenue des Tilleuls,124,7030,Saint-Symphorien,50.43596,4.01743,1,166,697,4,2,4,1904,À rénover,G,603,"Maison 4 façades de 166 m² à Saint-Symphorien, 4 chambres, état : à rénover.",2025-12-14,2026-04-13,292000.0
EX0069,exemple fictif,,maison,Avenue des Tilleuls,124,7030,Saint-Symphorien,50.43596,4.01743,1,166,697,4,2,4,1904,À rénover,G,603,"Maison 4 façades de 166 m² à Saint-Symphorien, 4 chambres, état : à rénover.",2025-12-14,2026-05-13,292000.0
EX0069,exemple fictif,,maison,Avenue des Tilleuls,124,7030,Saint-Symphorien,50.43596,4.01743,1,166,697,4,2,4,1904,À rénover,G,603,"Maison 4 façades de 166 m² à Saint-Symphorien, 4 chambres, état : à rénover.",2025-12-14,2026-06-12,292000.0
EX0069,exemple fictif,,maison,Avenue des Tilleuls,124,7030,Saint-Symphorien,50.43596,4.01743,1,166,697,4,2,4,1904,À rénover,G,603,"Maison 4 façades de 166 m² à Saint-Symphorien, 4 chambres, état : à rénover.",2025-12-14,2026-07-12,292000.0
EX0069,exemple fictif,,maison,Avenue des Tilleuls,124,7030,Saint-Symphorien,50.43596,4.01743,1,166,697,4,2,4,1904,À rénover,G,603,"Maison 4 façades de 166 m² à Saint-Symphorien, 4 chambres, état : à rénover.",2025-12-14,2026-08-11,292000.0
EX0069,exemple fictif,,maison,Avenue des Tilleuls,124,7030,Saint-Symphorien,50.43596,4.01743,1,166,697,4,2,4,1904,À rénover,G,603,"Maison 4 façades de 166 m² à Saint-Symphorien, 4 chambres, état : à rénover.",2025-12-14,2026-09-10,292000.0
EX0070,exemple fictif,,maison,Rue du Moulin,2,7021,Havré,50.46386,4.03752,1,74,281,1,1,2,1963,À restaurer,G,612,"Maison 2 façades de 74 m² à Havré, 1 chambres, état : à restaurer.",2026-02-19,2026-02-19,99000.0
EX0070,exemple fictif,,maison,Rue du Moulin,2,7021,Havré,50.46386,4.03752,1,74,281,1,1,2,1963,À restaurer,G,612,"Maison 2 façades de 74 m² à Havré, 1 chambres, état : à restaurer.",2026-02-19,2026-03-21,99000.0
EX0070,exemple fictif,,maison,Rue du Moulin,2,7021,Havré,50.46386,4.03752,1,74,281,1,1,2,1963,À restaurer,G,612,"Maison 2 façades de 74 m² à Havré, 1 chambres, état : à restaurer.",2026-02-19,2026-04-20,93000.0
EX0070,exemple fictif,,maison,Rue du Moulin,2,7021,Havré,50.46386,4.03752,1,74,281,1,1,2,1963,À restaurer,G,612,"Maison 2 façades de 74 m² à Havré, 1 chambres, état : à restaurer.",2026-02-19,2026-05-20,93000.0
EX0070,exemple fictif,,maison,Rue du Moulin,2,7021,Havré,50.46386,4.03752,1,74,281,1,1,2,1963,À restaurer,G,612,"Maison 2 façades de 74 m² à Havré, 1 chambres, état : à restaurer.",2026-02-19,2026-06-19,93000.0
EX0070,exemple fictif,,maison,Rue du Moulin,2,7021,Havré,50.46386,4.03752,1,74,281,1,1,2,1963,À restaurer,G,612,"Maison 2 façades de 74 m² à Havré, 1 chambres, état : à restaurer.",2026-02-19,2026-07-19,93000.0
EX0070,exemple fictif,,maison,Rue du Moulin,2,7021,Havré,50.46386,4.03752,1,74,281,1,1,2,1963,À restaurer,G,612,"Maison 2 façades de 74 m² à Havré, 1 chambres, état : à restaurer.",2026-02-19,2026-08-18,89000.0
EX0070,exemple fictif,,maison,Rue du Moulin,2,7021,Havré,50.46386,4.03752,1,74,281,1,1,2,1963,À restaurer,G,612,"Maison 2 façades de 74 m² à Havré, 1 chambres, état : à restaurer.",2026-02-19,2026-09-17,89000.0
EX0071,exemple fictif,,maison,Rue de l'Église,70,7330,Saint-Ghislain,50.45617,3.82395,1,123,1421,3,1,3,2009,À restaurer,C,205,"Maison 3 façades de 123 m² à Saint-Ghislain, 3 chambres, état : à restaurer.",2026-08-24,2026-08-24,136000.0
EX0071,exemple fictif,,maison,Rue de l'Église,70,7330,Saint-Ghislain,50.45617,3.82395,1,123,1421,3,1,3,2009,À restaurer,C,205,"Maison 3 façades de 123 m² à Saint-Ghislain, 3 chambres, état : à restaurer.",2026-08-24,2026-09-23,136000.0
EX0072,exemple fictif,,maison,Rue des Écoles,83,7340,Colfontaine,50.39625,3.84492,1,185,237,5,2,2,2010,Bon,F,458,"Maison 2 façades de 185 m² à Colfontaine, 5 chambres, état : bon.",2025-10-02,2025-10-02,323000.0
EX0072,exemple fictif,,maison,Rue des Écoles,83,7340,Colfontaine,50.39625,3.84492,1,185,237,5,2,2,2010,Bon,F,458,"Maison 2 façades de 185 m² à Colfontaine, 5 chambres, état : bon.",2025-10-02,2025-11-01,323000.0
EX0072,exemple fictif,,maison,Rue des Écoles,83,7340,Colfontaine,50.39625,3.84492,1,185,237,5,2,2,2010,Bon,F,458,"Maison 2 façades de 185 m² à Colfontaine, 5 chambres, état : bon.",2025-10-02,2025-12-01,323000.0
EX0072,exemple fictif,,maison,Rue des Écoles,83,7340,Colfontaine,50.39625,3.84492,1,185,237,5,2,2,2010,Bon,F,458,"Maison 2 façades de 185 m² à Colfontaine, 5 chambres, état : bon.",2025-10-02,2025-12-31,323000.0
EX0072,exemple fictif,,maison,Rue des Écoles,83,7340,Colfontaine,50.39625,3.84492,1,185,237,5,2,2,2010,Bon,F,458,"Maison 2 façades de 185 m² à Colfontaine, 5 chambres, état : bon.",2025-10-02,2026-01-30,323000.0
EX0073,exemple fictif,,maison,Rue de l'Église,133,7033,Cuesmes,50.43898,3.92116,1,162,423,4,2,4,1967,Bon,E,390,"Maison 4 façades de 162 m² à Cuesmes, 4 chambres, état : bon.",2024-10-15,2024-10-15,289000.0
EX0073,exemple fictif,,maison,Rue de l'Église,133,7033,Cuesmes,50.43898,3.92116,1,162,423,4,2,4,1967,Bon,E,390,"Maison 4 façades de 162 m² à Cuesmes, 4 chambres, état : bon.",2024-10-15,2024-11-14,289000.0
EX0073,exemple fictif,,maison,Rue de l'Église,133,7033,Cuesmes,50.43898,3.92116,1,162,423,4,2,4,1967,Bon,E,390,"Maison 4 façades de 162 m² à Cuesmes, 4 chambres, état : bon.",2024-10-15,2024-12-14,289000.0
EX0073,exemple fictif,,maison,Rue de l'Église,133,7033,Cuesmes,50.43898,3.92116,1,162,423,4,2,4,1967,Bon,E,390,"Maison 4 façades de 162 m² à Cuesmes, 4 chambres, état : bon.",2024-10-15,2025-01-13,289000.0
EX0073,exemple fictif,,maison,Rue de l'Église,133,7033,Cuesmes,50.43898,3.92116,1,162,423,4,2,4,1967,Bon,E,390,"Maison 4 façades de 162 m² à Cuesmes, 4 chambres, état : bon.",2024-10-15,2025-02-12,289000.0
EX0073,exemple fictif,,maison,Rue de l'Église,133,7033,Cuesmes,50.43898,3.92116,1,162,423,4,2,4,1967,Bon,E,390,"Maison 4 façades de 162 m² à Cuesmes, 4 chambres, état : bon.",2024-10-15,2025-03-14,289000.0
EX0074,exemple fictif,,maison,Rue de la Station,131,7340,Colfontaine,50.41939,3.85477,1,179,1082,5,2,4,2001,À rafraîchir,D,279,"Maison 4 façades de 179 m² à Colfontaine, 5 chambres, état : à rafraîchir.",2025-08-24,2025-08-24,255000.0
EX0074,exemple fictif,,maison,Rue de la Station,131,7340,Colfontaine,50.41939,3.85477,1,179,1082,5,2,4,2001,À rafraîchir,D,279,"Maison 4 façades de 179 m² à Colfontaine, 5 chambres, état : à rafraîchir.",2025-08-24,2025-09-23,255000.0
EX0074,exemple fictif,,maison,Rue de la Station,131,7340,Colfontaine,50.41939,3.85477,1,179,1082,5,2,4,2001,À rafraîchir,D,279,"Maison 4 façades de 179 m² à Colfontaine, 5 chambres, état : à rafraîchir.",2025-08-24,2025-10-23,255000.0
EX0074,exemple fictif,,maison,Rue de la Station,131,7340,Colfontaine,50.41939,3.85477,1,179,1082,5,2,4,2001,À rafraîchir,D,279,"Maison 4 façades de 179 m² à Colfontaine, 5 chambres, état : à rafraîchir.",2025-08-24,2025-11-22,255000.0
EX0074,exemple fictif,,maison,Rue de la Station,131,7340,Colfontaine,50.41939,3.85477,1,179,1082,5,2,4,2001,À rafraîchir,D,279,"Maison 4 façades de 179 m² à Colfontaine, 5 chambres, état : à rafraîchir.",2025-08-24,2025-12-22,255000.0
EX0074,exemple fictif,,maison,Rue de la Station,131,7340,Colfontaine,50.41939,3.85477,1,179,1082,5,2,4,2001,À rafraîchir,D,279,"Maison 4 façades de 179 m² à Colfontaine, 5 chambres, état : à rafraîchir.",2025-08-24,2026-01-21,255000.0
EX0074,exemple fictif,,maison,Rue de la Station,131,7340,Colfontaine,50.41939,3.85477,1,179,1082,5,2,4,2001,À rafraîchir,D,279,"Maison 4 façades de 179 m² à Colfontaine, 5 chambres, état : à rafraîchir.",2025-08-24,2026-02-20,255000.0
EX0074,exemple fictif,,maison,Rue de la Station,131,7340,Colfontaine,50.41939,3.85477,1,179,1082,5,2,4,2001,À rafraîchir,D,279,"Maison 4 façades de 179 m² à Colfontaine, 5 chambres, état : à rafraîchir.",2025-08-24,2026-03-22,255000.0
EX0074,exemple fictif,,maison,Rue de la Station,131,7340,Colfontaine,50.41939,3.85477,1,179,1082,5,2,4,2001,À rafraîchir,D,279,"Maison 4 façades de 179 m² à Colfontaine, 5 chambres, état : à rafraîchir.",2025-08-24,2026-04-21,255000.0
EX0074,exemple fictif,,maison,Rue de la Station,131,7340,Colfontaine,50.41939,3.85477,1,179,1082,5,2,4,2001,À rafraîchir,D,279,"Maison 4 façades de 179 m² à Colfontaine, 5 chambres, état : à rafraîchir.",2025-08-24,2026-05-21,255000.0
EX0075,exemple fictif,,maison,Avenue des Tilleuls,177,7021,Havré,50.4638,4.04577,1,105,1028,3,1,3,1955,Bon,F,475,"Maison 3 façades de 105 m² à Havré, 3 chambres, état : bon.",2025-03-04,2025-03-04,219000.0
EX0075,exemple fictif,,maison,Avenue des Tilleuls,177,7021,Havré,50.4638,4.04577,1,105,1028,3,1,3,1955,Bon,F,475,"Maison 3 façades de 105 m² à Havré, 3 chambres, état : bon.",2025-03-04,2025-04-03,219000.0
EX0075,exemple fictif,,maison,Avenue des Tilleuls,177,7021,Havré,50.4638,4.04577,1,105,1028,3,1,3,1955,Bon,F,475,"Maison 3 façades de 105 m² à Havré, 3 chambres, état : bon.",2025-03-04,2025-05-03,219000.0
EX0075,exemple fictif,,maison,Avenue des Tilleuls,177,7021,Havré,50.4638,4.04577,1,105,1028,3,1,3,1955,Bon,F,475,"Maison 3 façades de 105 m² à Havré, 3 chambres, état : bon.",2025-03-04,2025-06-02,219000.0
EX0075,exemple fictif,,maison,Avenue des Tilleuls,177,7021,Havré,50.4638,4.04577,1,105,1028,3,1,3,1955,Bon,F,475,"Maison 3 façades de 105 m² à Havré, 3 chambres, état : bon.",2025-03-04,2025-07-02,219000.0
EX0075,exemple fictif,,maison,Avenue des Tilleuls,177,7021,Havré,50.4638,4.04577,1,105,1028,3,1,3,1955,Bon,F,475,"Maison 3 façades de 105 m² à Havré, 3 chambres, état : bon.",2025-03-04,2025-08-01,219000.0
EX0075,exemple fictif,,maison,Avenue des Tilleuls,177,7021,Havré,50.4638,4.04577,1,105,1028,3,1,3,1955,Bon,F,475,"Maison 3 façades de 105 m² à Havré, 3 chambres, état : bon.",2025-03-04,2025-08-31,219000.0
EX0075,exemple fictif,,maison,Avenue des Tilleuls,177,7021,Havré,50.4638,4.04577,1,105,1028,3,1,3,1955,Bon,F,475,"Maison 3 façades de 105 m² à Havré, 3 chambres, état : bon.",2025-03-04,2025-09-30,219000.0
EX0075,exemple fictif,,maison,Avenue des Tilleuls,177,7021,Havré,50.4638,4.04577,1,105,1028,3,1,3,1955,Bon,F,475,"Maison 3 façades de 105 m² à Havré, 3 chambres, état : bon.",2025-03-04,2025-10-30,219000.0
EX0075,exemple fictif,,maison,Avenue des Tilleuls,177,7021,Havré,50.4638,4.04577,1,105,1028,3,1,3,1955,Bon,F,475,"Maison 3 façades de 105 m² à Havré, 3 chambres, état : bon.",2025-03-04,2025-11-29,219000.0
EX0075,exemple fictif,,maison,Avenue des Tilleuls,177,7021,Havré,50.4638,4.04577,1,105,1028,3,1,3,1955,Bon,F,475,"Maison 3 façades de 105 m² à Havré, 3 chambres, état : bon.",2025-03-04,2025-12-29,219000.0
EX0076,exemple fictif,,maison,Avenue des Tilleuls,121,7340,Colfontaine,50.40738,3.8566,1,141,229,4,1,2,1970,Bon,F,443,"Maison 2 façades de 141 m² à Colfontaine, 4 chambres, état : bon.",2025-09-09,2025-09-09,188000.0
EX0076,exemple fictif,,maison,Avenue des Tilleuls,121,7340,Colfontaine,50.40738,3.8566,1,141,229,4,1,2,1970,Bon,F,443,"Maison 2 façades de 141 m² à Colfontaine, 4 chambres, état : bon.",2025-09-09,2025-10-09,176000.0
EX0076,exemple fictif,,maison,Avenue des Tilleuls,121,7340,Colfontaine,50.40738,3.8566,1,141,229,4,1,2,1970,Bon,F,443,"Maison 2 façades de 141 m² à Colfontaine, 4 chambres, état : bon.",2025-09-09,2025-11-08,176000.0
EX0076,exemple fictif,,maison,Avenue des Tilleuls,121,7340,Colfontaine,50.40738,3.8566,1,141,229,4,1,2,1970,Bon,F,443,"Maison 2 façades de 141 m² à Colfontaine, 4 chambres, état : bon.",2025-09-09,2025-12-08,176000.0
EX0076,exemple fictif,,maison,Avenue des Tilleuls,121,7340,Colfontaine,50.40738,3.8566,1,141,229,4,1,2,1970,Bon,F,443,"Maison 2 façades de 141 m² à Colfontaine, 4 chambres, état : bon.",2025-09-09,2026-01-07,166000.0
EX0076,exemple fictif,,maison,Avenue des Tilleuls,121,7340,Colfontaine,50.40738,3.8566,1,141,229,4,1,2,1970,Bon,F,443,"Maison 2 façades de 141 m² à Colfontaine, 4 chambres, état : bon.",2025-09-09,2026-02-06,153000.0
EX0076,exemple fictif,,maison,Avenue des Tilleuls,121,7340,Colfontaine,50.40738,3.8566,1,141,229,4,1,2,1970,Bon,F,443,"Maison 2 façades de 141 m² à Colfontaine, 4 chambres, état : bon.",2025-09-09,2026-03-08,146000.0
EX0076,exemple fictif,,maison,Avenue des Tilleuls,121,7340,Colfontaine,50.40738,3.8566,1,141,229,4,1,2,1970,Bon,F,443,"Maison 2 façades de 141 m² à Colfontaine, 4 chambres, état : bon.",2025-09-09,2026-04-07,146000.0
EX0077,exemple fictif,,maison,Rue du Moulin,58,7030,Saint-Symphorien,50.43243,3.9984,1,91,207,2,1,2,2007,À rafraîchir,G,625,"Maison 2 façades de 91 m² à Saint-Symphorien, 2 chambres, état : à rafraîchir.",2026-02-26,2026-02-26,159000.0
EX0077,exemple fictif,,maison,Rue du Moulin,58,7030,Saint-Symphorien,50.43243,3.9984,1,91,207,2,1,2,2007,À rafraîchir,G,625,"Maison 2 façades de 91 m² à Saint-Symphorien, 2 chambres, état : à rafraîchir.",2026-02-26,2026-03-28,159000.0
EX0077,exemple fictif,,maison,Rue du Moulin,58,7030,Saint-Symphorien,50.43243,3.9984,1,91,207,2,1,2,2007,À rafraîchir,G,625,"Maison 2 façades de 91 m² à Saint-Symphorien, 2 chambres, état : à rafraîchir.",2026-02-26,2026-04-27,159000.0
EX0077,exemple fictif,,maison,Rue du Moulin,58,7030,Saint-Symphorien,50.43243,3.9984,1,91,207,2,1,2,2007,À rafraîchir,G,625,"Maison 2 façades de 91 m² à Saint-Symphorien, 2 chambres, état : à rafraîchir.",2026-02-26,2026-05-27,159000.0
EX0077,exemple fictif,,maison,Rue du Moulin,58,7030,Saint-Symphorien,50.43243,3.9984,1,91,207,2,1,2,2007,À rafraîchir,G,625,"Maison 2 façades de 91 m² à Saint-Symphorien, 2 chambres, état : à rafraîchir.",2026-02-26,2026-06-26,159000.0
EX0077,exemple fictif,,maison,Rue du Moulin,58,7030,Saint-Symphorien,50.43243,3.9984,1,91,207,2,1,2,2007,À rafraîchir,G,625,"Maison 2 façades de 91 m² à Saint-Symphorien, 2 chambres, état : à rafraîchir.",2026-02-26,2026-07-26,159000.0
EX0077,exemple fictif,,maison,Rue du Moulin,58,7030,Saint-Symphorien,50.43243,3.9984,1,91,207,2,1,2,2007,À rafraîchir,G,625,"Maison 2 façades de 91 m² à Saint-Symphorien, 2 chambres, état : à rafraîchir.",2026-02-26,2026-08-25,159000.0
EX0077,exemple fictif,,maison,Rue du Moulin,58,7030,Saint-Symphorien,50.43243,3.9984,1,91,207,2,1,2,2007,À rafraîchir,G,625,"Maison 2 façades de 91 m² à Saint-Symphorien, 2 chambres, état : à rafraîchir.",2026-02-26,2026-09-24,159000.0
EX0078,exemple fictif,,maison,Avenue des Tilleuls,8,7080,Frameries,50.41348,3.89505,1,87,526,1,1,3,2021,À rafraîchir,G,571,"Maison 3 façades de 87 m² à Frameries, 1 chambres, état : à rafraîchir.",2025-02-07,2025-02-07,157000.0
EX0078,exemple fictif,,maison,Avenue des Tilleuls,8,7080,Frameries,50.41348,3.89505,1,87,526,1,1,3,2021,À rafraîchir,G,571,"Maison 3 façades de 87 m² à Frameries, 1 chambres, état : à rafraîchir.",2025-02-07,2025-03-09,157000.0
EX0078,exemple fictif,,maison,Avenue des Tilleuls,8,7080,Frameries,50.41348,3.89505,1,87,526,1,1,3,2021,À rafraîchir,G,571,"Maison 3 façades de 87 m² à Frameries, 1 chambres, état : à rafraîchir.",2025-02-07,2025-04-08,157000.0
EX0078,exemple fictif,,maison,Avenue des Tilleuls,8,7080,Frameries,50.41348,3.89505,1,87,526,1,1,3,2021,À rafraîchir,G,571,"Maison 3 façades de 87 m² à Frameries, 1 chambres, état : à rafraîchir.",2025-02-07,2025-05-08,157000.0
EX0078,exemple fictif,,maison,Avenue des Tilleuls,8,7080,Frameries,50.41348,3.89505,1,87,526,1,1,3,2021,À rafraîchir,G,571,"Maison 3 façades de 87 m² à Frameries, 1 chambres, état : à rafraîchir.",2025-02-07,2025-06-07,157000.0
EX0078,exemple fictif,,maison,Avenue des Tilleuls,8,7080,Frameries,50.41348,3.89505,1,87,526,1,1,3,2021,À rafraîchir,G,571,"Maison 3 façades de 87 m² à Frameries, 1 chambres, état : à rafraîchir.",2025-02-07,2025-07-07,157000.0
EX0078,exemple fictif,,maison,Avenue des Tilleuls,8,7080,Frameries,50.41348,3.89505,1,87,526,1,1,3,2021,À rafraîchir,G,571,"Maison 3 façades de 87 m² à Frameries, 1 chambres, état : à rafraîchir.",2025-02-07,2025-08-06,157000.0
EX0078,exemple fictif,,maison,Avenue des Tilleuls,8,7080,Frameries,50.41348,3.89505,1,87,526,1,1,3,2021,À rafraîchir,G,571,"Maison 3 façades de 87 m² à Frameries, 1 chambres, état : à rafraîchir.",2025-02-07,2025-09-05,157000.0
EX0078,exemple fictif,,maison,Avenue des Tilleuls,8,7080,Frameries,50.41348,3.89505,1,87,526,1,1,3,2021,À rafraîchir,G,571,"Maison 3 façades de 87 m² à Frameries, 1 chambres, état : à rafraîchir.",2025-02-07,2025-10-05,157000.0
EX0078,exemple fictif,,maison,Avenue des Tilleuls,8,7080,Frameries,50.41348,3.89505,1,87,526,1,1,3,2021,À rafraîchir,G,571,"Maison 3 façades de 87 m² à Frameries, 1 chambres, état : à rafraîchir.",2025-02-07,2025-11-04,157000.0
EX0078,exemple fictif,,maison,Avenue des Tilleuls,8,7080,Frameries,50.41348,3.89505,1,87,526,1,1,3,2021,À rafraîchir,G,571,"Maison 3 façades de 87 m² à Frameries, 1 chambres, état : à rafraîchir.",2025-02-07,2025-12-04,157000.0
EX0078,exemple fictif,,maison,Avenue des Tilleuls,8,7080,Frameries,50.41348,3.89505,1,87,526,1,1,3,2021,À rafraîchir,G,571,"Maison 3 façades de 87 m² à Frameries, 1 chambres, état : à rafraîchir.",2025-02-07,2026-01-03,157000.0
EX0078,exemple fictif,,maison,Avenue des Tilleuls,8,7080,Frameries,50.41348,3.89505,1,87,526,1,1,3,2021,À rafraîchir,G,571,"Maison 3 façades de 87 m² à Frameries, 1 chambres, état : à rafraîchir.",2025-02-07,2026-02-02,157000.0
EX0078,exemple fictif,,maison,Avenue des Tilleuls,8,7080,Frameries,50.41348,3.89505,1,87,526,1,1,3,2021,À rafraîchir,G,571,"Maison 3 façades de 87 m² à Frameries, 1 chambres, état : à rafraîchir.",2025-02-07,2026-03-04,157000.0
EX0079,exemple fictif,,maison,Rue de la Station,116,7021,Havré,50.46843,4.02895,1,145,168,3,1,2,1903,Bon,F,488,"Maison 2 façades de 145 m² à Havré, 3 chambres, état : bon.",2025-01-25,2025-01-25,277000.0
EX0079,exemple fictif,,maison,Rue de la Station,116,7021,Havré,50.46843,4.02895,1,145,168,3,1,2,1903,Bon,F,488,"Maison 2 façades de 145 m² à Havré, 3 chambres, état : bon.",2025-01-25,2025-02-24,277000.0
EX0079,exemple fictif,,maison,Rue de la Station,116,7021,Havré,50.46843,4.02895,1,145,168,3,1,2,1903,Bon,F,488,"Maison 2 façades de 145 m² à Havré, 3 chambres, état : bon.",2025-01-25,2025-03-26,277000.0
EX0079,exemple fictif,,maison,Rue de la Station,116,7021,Havré,50.46843,4.02895,1,145,168,3,1,2,1903,Bon,F,488,"Maison 2 façades de 145 m² à Havré, 3 chambres, état : bon.",2025-01-25,2025-04-25,277000.0
EX0079,exemple fictif,,maison,Rue de la Station,116,7021,Havré,50.46843,4.02895,1,145,168,3,1,2,1903,Bon,F,488,"Maison 2 façades de 145 m² à Havré, 3 chambres, état : bon.",2025-01-25,2025-05-25,277000.0
EX0079,exemple fictif,,maison,Rue de la Station,116,7021,Havré,50.46843,4.02895,1,145,168,3,1,2,1903,Bon,F,488,"Maison 2 façades de 145 m² à Havré, 3 chambres, état : bon.",2025-01-25,2025-06-24,277000.0
EX0079,exemple fictif,,maison,Rue de la Station,116,7021,Havré,50.46843,4.02895,1,145,168,3,1,2,1903,Bon,F,488,"Maison 2 façades de 145 m² à Havré, 3 chambres, état : bon.",2025-01-25,2025-07-24,277000.0
EX0079,exemple fictif,,maison,Rue de la Station,116,7021,Havré,50.46843,4.02895,1,145,168,3,1,2,1903,Bon,F,488,"Maison 2 façades de 145 m² à Havré, 3 chambres, état : bon.",2025-01-25,2025-08-23,277000.0
EX0079,exemple fictif,,maison,Rue de la Station,116,7021,Havré,50.46843,4.02895,1,145,168,3,1,2,1903,Bon,F,488,"Maison 2 façades de 145 m² à Havré, 3 chambres, état : bon.",2025-01-25,2025-09-22,277000.0
EX0079,exemple fictif,,maison,Rue de la Station,116,7021,Havré,50.46843,4.02895,1,145,168,3,1,2,1903,Bon,F,488,"Maison 2 façades de 145 m² à Havré, 3 chambres, état : bon.",2025-01-25,2025-10-22,277000.0
EX0079,exemple fictif,,maison,Rue de la Station,116,7021,Havré,50.46843,4.02895,1,145,168,3,1,2,1903,Bon,F,488,"Maison 2 façades de 145 m² à Havré, 3 chambres, état : bon.",2025-01-25,2025-11-21,277000.0
EX0079,exemple fictif,,maison,Rue de la Station,116,7021,Havré,50.46843,4.02895,1,145,168,3,1,2,1903,Bon,F,488,"Maison 2 façades de 145 m² à Havré, 3 chambres, état : bon.",2025-01-25,2025-12-21,277000.0
EX0079,exemple fictif,,maison,Rue de la Station,116,7021,Havré,50.46843,4.02895,1,145,168,3,1,2,1903,Bon,F,488,"Maison 2 façades de 145 m² à Havré, 3 chambres, état : bon.",2025-01-25,2026-01-20,277000.0
EX0079,exemple fictif,,maison,Rue de la Station,116,7021,Havré,50.46843,4.02895,1,145,168,3,1,2,1903,Bon,F,488,"Maison 2 façades de 145 m² à Havré, 3 chambres, état : bon.",2025-01-25,2026-02-19,277000.0
EX0079,exemple fictif,,maison,Rue de la Station,116,7021,Havré,50.46843,4.02895,1,145,168,3,1,2,1903,Bon,F,488,"Maison 2 façades de 145 m² à Havré, 3 chambres, état : bon.",2025-01-25,2026-03-21,277000.0
EX0079,exemple fictif,,maison,Rue de la Station,116,7021,Havré,50.46843,4.02895,1,145,168,3,1,2,1903,Bon,F,488,"Maison 2 façades de 145 m² à Havré, 3 chambres, état : bon.",2025-01-25,2026-04-20,277000.0
EX0079,exemple fictif,,maison,Rue de la Station,116,7021,Havré,50.46843,4.02895,1,145,168,3,1,2,1903,Bon,F,488,"Maison 2 façades de 145 m² à Havré, 3 chambres, état : bon.",2025-01-25,2026-05-20,277000.0
EX0079,exemple fictif,,maison,Rue de la Station,116,7021,Havré,50.46843,4.02895,1,145,168,3,1,2,1903,Bon,F,488,"Maison 2 façades de 145 m² à Havré, 3 chambres, état : bon.",2025-01-25,2026-06-19,277000.0
EX0079,exemple fictif,,maison,Rue de la Station,116,7021,Havré,50.46843,4.02895,1,145,168,3,1,2,1903,Bon,F,488,"Maison 2 façades de 145 m² à Havré, 3 chambres, état : bon.",2025-01-25,2026-07-19,277000.0
EX0079,exemple fictif,,maison,Rue de la Station,116,7021,Havré,50.46843,4.02895,1,145,168,3,1,2,1903,Bon,F,488,"Maison 2 façades de 145 m² à Havré, 3 chambres, état : bon.",2025-01-25,2026-08-18,277000.0
EX0079,exemple fictif,,maison,Rue de la Station,116,7021,Havré,50.46843,4.02895,1,145,168,3,1,2,1903,Bon,F,488,"Maison 2 façades de 145 m² à Havré, 3 chambres, état : bon.",2025-01-25,2026-09-17,277000.0
EX0080,exemple fictif,,maison,Rue des Écoles,60,7021,Havré,50.4709,4.04635,1,190,1121,3,2,3,1976,À rafraîchir,C,190,"Maison 3 façades de 190 m² à Havré, 3 chambres, état : à rafraîchir.",2024-12-04,2024-12-04,390000.0
EX0080,exemple fictif,,maison,Rue des Écoles,60,7021,Havré,50.4709,4.04635,1,190,1121,3,2,3,1976,À rafraîchir,C,190,"Maison 3 façades de 190 m² à Havré, 3 chambres, état : à rafraîchir.",2024-12-04,2025-01-03,390000.0
EX0080,exemple fictif,,maison,Rue des Écoles,60,7021,Havré,50.4709,4.04635,1,190,1121,3,2,3,1976,À rafraîchir,C,190,"Maison 3 façades de 190 m² à Havré, 3 chambres, état : à rafraîchir.",2024-12-04,2025-02-02,390000.0
EX0080,exemple fictif,,maison,Rue des Écoles,60,7021,Havré,50.4709,4.04635,1,190,1121,3,2,3,1976,À rafraîchir,C,190,"Maison 3 façades de 190 m² à Havré, 3 chambres, état : à rafraîchir.",2024-12-04,2025-03-04,390000.0
EX0080,exemple fictif,,maison,Rue des Écoles,60,7021,Havré,50.4709,4.04635,1,190,1121,3,2,3,1976,À rafraîchir,C,190,"Maison 3 façades de 190 m² à Havré, 3 chambres, état : à rafraîchir.",2024-12-04,2025-04-03,390000.0
EX0080,exemple fictif,,maison,Rue des Écoles,60,7021,Havré,50.4709,4.04635,1,190,1121,3,2,3,1976,À rafraîchir,C,190,"Maison 3 façades de 190 m² à Havré, 3 chambres, état : à rafraîchir.",2024-12-04,2025-05-03,390000.0
EX0081,exemple fictif,,maison,Avenue des Tilleuls,102,7340,Colfontaine,50.41035,3.86838,1,128,246,2,1,2,1977,Bon,C,204,"Maison 2 façades de 128 m² à Colfontaine, 2 chambres, état : bon.",2026-04-12,2026-04-12,181000.0
EX0081,exemple fictif,,maison,Avenue des Tilleuls,102,7340,Colfontaine,50.41035,3.86838,1,128,246,2,1,2,1977,Bon,C,204,"Maison 2 façades de 128 m² à Colfontaine, 2 chambres, état : bon.",2026-04-12,2026-05-12,181000.0
EX0081,exemple fictif,,maison,Avenue des Tilleuls,102,7340,Colfontaine,50.41035,3.86838,1,128,246,2,1,2,1977,Bon,C,204,"Maison 2 façades de 128 m² à Colfontaine, 2 chambres, état : bon.",2026-04-12,2026-06-11,181000.0
EX0081,exemple fictif,,maison,Avenue des Tilleuls,102,7340,Colfontaine,50.41035,3.86838,1,128,246,2,1,2,1977,Bon,C,204,"Maison 2 façades de 128 m² à Colfontaine, 2 chambres, état : bon.",2026-04-12,2026-07-11,181000.0
EX0081,exemple fictif,,maison,Avenue des Tilleuls,102,7340,Colfontaine,50.41035,3.86838,1,128,246,2,1,2,1977,Bon,C,204,"Maison 2 façades de 128 m² à Colfontaine, 2 chambres, état : bon.",2026-04-12,2026-08-10,167000.0
EX0081,exemple fictif,,maison,Avenue des Tilleuls,102,7340,Colfontaine,50.41035,3.86838,1,128,246,2,1,2,1977,Bon,C,204,"Maison 2 façades de 128 m² à Colfontaine, 2 chambres, état : bon.",2026-04-12,2026-09-09,154000.0
EX0082,exemple fictif,,maison,Rue des Écoles,107,7330,Saint-Ghislain,50.45778,3.82434,1,91,169,3,1,2,1952,Bon,C,234,"Maison 2 façades de 91 m² à Saint-Ghislain, 3 chambres, état : bon.",2025-05-06,2025-05-06,147000.0
EX0082,exemple fictif,,maison,Rue des Écoles,107,7330,Saint-Ghislain,50.45778,3.82434,1,91,169,3,1,2,1952,Bon,C,234,"Maison 2 façades de 91 m² à Saint-Ghislain, 3 chambres, état : bon.",2025-05-06,2025-06-05,147000.0
EX0082,exemple fictif,,maison,Rue des Écoles,107,7330,Saint-Ghislain,50.45778,3.82434,1,91,169,3,1,2,1952,Bon,C,234,"Maison 2 façades de 91 m² à Saint-Ghislain, 3 chambres, état : bon.",2025-05-06,2025-07-05,147000.0
EX0082,exemple fictif,,maison,Rue des Écoles,107,7330,Saint-Ghislain,50.45778,3.82434,1,91,169,3,1,2,1952,Bon,C,234,"Maison 2 façades de 91 m² à Saint-Ghislain, 3 chambres, état : bon.",2025-05-06,2025-08-04,142000.0
EX0082,exemple fictif,,maison,Rue des Écoles,107,7330,Saint-Ghislain,50.45778,3.82434,1,91,169,3,1,2,1952,Bon,C,234,"Maison 2 façades de 91 m² à Saint-Ghislain, 3 chambres, état : bon.",2025-05-06,2025-09-03,142000.0
EX0082,exemple fictif,,maison,Rue des Écoles,107,7330,Saint-Ghislain,50.45778,3.82434,1,91,169,3,1,2,1952,Bon,C,234,"Maison 2 façades de 91 m² à Saint-Ghislain, 3 chambres, état : bon.",2025-05-06,2025-10-03,142000.0
EX0082,exemple fictif,,maison,Rue des Écoles,107,7330,Saint-Ghislain,50.45778,3.82434,1,91,169,3,1,2,1952,Bon,C,234,"Maison 2 façades de 91 m² à Saint-Ghislain, 3 chambres, état : bon.",2025-05-06,2025-11-02,132000.0
EX0082,exemple fictif,,maison,Rue des Écoles,107,7330,Saint-Ghislain,50.45778,3.82434,1,91,169,3,1,2,1952,Bon,C,234,"Maison 2 façades de 91 m² à Saint-Ghislain, 3 chambres, état : bon.",2025-05-06,2025-12-02,132000.0
EX0082,exemple fictif,,maison,Rue des Écoles,107,7330,Saint-Ghislain,50.45778,3.82434,1,91,169,3,1,2,1952,Bon,C,234,"Maison 2 façades de 91 m² à Saint-Ghislain, 3 chambres, état : bon.",2025-05-06,2026-01-01,132000.0
EX0083,exemple fictif,,maison,Rue du Moulin,21,7022,Hyon,50.43706,3.94498,1,194,188,5,2,2,1969,Bon,F,471,"Maison 2 façades de 194 m² à Hyon, 5 chambres, état : bon.",2025-08-03,2025-08-03,350000.0
EX0083,exemple fictif,,maison,Rue du Moulin,21,7022,Hyon,50.43706,3.94498,1,194,188,5,2,2,1969,Bon,F,471,"Maison 2 façades de 194 m² à Hyon, 5 chambres, état : bon.",2025-08-03,2025-09-02,350000.0
EX0083,exemple fictif,,maison,Rue du Moulin,21,7022,Hyon,50.43706,3.94498,1,194,188,5,2,2,1969,Bon,F,471,"Maison 2 façades de 194 m² à Hyon, 5 chambres, état : bon.",2025-08-03,2025-10-02,350000.0
EX0083,exemple fictif,,maison,Rue du Moulin,21,7022,Hyon,50.43706,3.94498,1,194,188,5,2,2,1969,Bon,F,471,"Maison 2 façades de 194 m² à Hyon, 5 chambres, état : bon.",2025-08-03,2025-11-01,350000.0
EX0083,exemple fictif,,maison,Rue du Moulin,21,7022,Hyon,50.43706,3.94498,1,194,188,5,2,2,1969,Bon,F,471,"Maison 2 façades de 194 m² à Hyon, 5 chambres, état : bon.",2025-08-03,2025-12-01,350000.0
EX0083,exemple fictif,,maison,Rue du Moulin,21,7022,Hyon,50.43706,3.94498,1,194,188,5,2,2,1969,Bon,F,471,"Maison 2 façades de 194 m² à Hyon, 5 chambres, état : bon.",2025-08-03,2025-12-31,350000.0
EX0083,exemple fictif,,maison,Rue du Moulin,21,7022,Hyon,50.43706,3.94498,1,194,188,5,2,2,1969,Bon,F,471,"Maison 2 façades de 194 m² à Hyon, 5 chambres, état : bon.",2025-08-03,2026-01-30,350000.0
EX0083,exemple fictif,,maison,Rue du Moulin,21,7022,Hyon,50.43706,3.94498,1,194,188,5,2,2,1969,Bon,F,471,"Maison 2 façades de 194 m² à Hyon, 5 chambres, état : bon.",2025-08-03,2026-03-01,350000.0
EX0083,exemple fictif,,maison,Rue du Moulin,21,7022,Hyon,50.43706,3.94498,1,194,188,5,2,2,1969,Bon,F,471,"Maison 2 façades de 194 m² à Hyon, 5 chambres, état : bon.",2025-08-03,2026-03-31,350000.0
EX0083,exemple fictif,,maison,Rue du Moulin,21,7022,Hyon,50.43706,3.94498,1,194,188,5,2,2,1969,Bon,F,471,"Maison 2 façades de 194 m² à Hyon, 5 chambres, état : bon.",2025-08-03,2026-04-30,350000.0
EX0083,exemple fictif,,maison,Rue du Moulin,21,7022,Hyon,50.43706,3.94498,1,194,188,5,2,2,1969,Bon,F,471,"Maison 2 façades de 194 m² à Hyon, 5 chambres, état : bon.",2025-08-03,2026-05-30,350000.0
EX0083,exemple fictif,,maison,Rue du Moulin,21,7022,Hyon,50.43706,3.94498,1,194,188,5,2,2,1969,Bon,F,471,"Maison 2 façades de 194 m² à Hyon, 5 chambres, état : bon.",2025-08-03,2026-06-29,350000.0
EX0083,exemple fictif,,maison,Rue du Moulin,21,7022,Hyon,50.43706,3.94498,1,194,188,5,2,2,1969,Bon,F,471,"Maison 2 façades de 194 m² à Hyon, 5 chambres, état : bon.",2025-08-03,2026-07-29,350000.0
EX0083,exemple fictif,,maison,Rue du Moulin,21,7022,Hyon,50.43706,3.94498,1,194,188,5,2,2,1969,Bon,F,471,"Maison 2 façades de 194 m² à Hyon, 5 chambres, état : bon.",2025-08-03,2026-08-28,350000.0
EX0083,exemple fictif,,maison,Rue du Moulin,21,7022,Hyon,50.43706,3.94498,1,194,188,5,2,2,1969,Bon,F,471,"Maison 2 façades de 194 m² à Hyon, 5 chambres, état : bon.",2025-08-03,2026-09-27,350000.0
EX0084,exemple fictif,,maison,Rue du Moulin,70,7020,Nimy,50.46871,3.95633,1,83,249,2,1,2,1956,Bon,D,313,"Maison 2 façades de 83 m² à Nimy, 2 chambres, état : bon.",2024-08-05,2024-08-05,184000.0
EX0084,exemple fictif,,maison,Rue du Moulin,70,7020,Nimy,50.46871,3.95633,1,83,249,2,1,2,1956,Bon,D,313,"Maison 2 façades de 83 m² à Nimy, 2 chambres, état : bon.",2024-08-05,2024-09-04,184000.0
EX0084,exemple fictif,,maison,Rue du Moulin,70,7020,Nimy,50.46871,3.95633,1,83,249,2,1,2,1956,Bon,D,313,"Maison 2 façades de 83 m² à Nimy, 2 chambres, état : bon.",2024-08-05,2024-10-04,184000.0
EX0084,exemple fictif,,maison,Rue du Moulin,70,7020,Nimy,50.46871,3.95633,1,83,249,2,1,2,1956,Bon,D,313,"Maison 2 façades de 83 m² à Nimy, 2 chambres, état : bon.",2024-08-05,2024-11-03,184000.0
EX0084,exemple fictif,,maison,Rue du Moulin,70,7020,Nimy,50.46871,3.95633,1,83,249,2,1,2,1956,Bon,D,313,"Maison 2 façades de 83 m² à Nimy, 2 chambres, état : bon.",2024-08-05,2024-12-03,184000.0
EX0084,exemple fictif,,maison,Rue du Moulin,70,7020,Nimy,50.46871,3.95633,1,83,249,2,1,2,1956,Bon,D,313,"Maison 2 façades de 83 m² à Nimy, 2 chambres, état : bon.",2024-08-05,2025-01-02,175000.0
EX0085,exemple fictif,,maison,Rue de la Station,176,7080,Frameries,50.40697,3.88929,1,103,1330,3,1,3,1916,À rénover,E,387,"Maison 3 façades de 103 m² à Frameries, 3 chambres, état : à rénover.",2024-10-26,2024-10-26,169000.0
EX0085,exemple fictif,,maison,Rue de la Station,176,7080,Frameries,50.40697,3.88929,1,103,1330,3,1,3,1916,À rénover,E,387,"Maison 3 façades de 103 m² à Frameries, 3 chambres, état : à rénover.",2024-10-26,2024-11-25,169000.0
EX0085,exemple fictif,,maison,Rue de la Station,176,7080,Frameries,50.40697,3.88929,1,103,1330,3,1,3,1916,À rénover,E,387,"Maison 3 façades de 103 m² à Frameries, 3 chambres, état : à rénover.",2024-10-26,2024-12-25,169000.0
EX0085,exemple fictif,,maison,Rue de la Station,176,7080,Frameries,50.40697,3.88929,1,103,1330,3,1,3,1916,À rénover,E,387,"Maison 3 façades de 103 m² à Frameries, 3 chambres, état : à rénover.",2024-10-26,2025-01-24,169000.0
EX0085,exemple fictif,,maison,Rue de la Station,176,7080,Frameries,50.40697,3.88929,1,103,1330,3,1,3,1916,À rénover,E,387,"Maison 3 façades de 103 m² à Frameries, 3 chambres, état : à rénover.",2024-10-26,2025-02-23,169000.0
EX0085,exemple fictif,,maison,Rue de la Station,176,7080,Frameries,50.40697,3.88929,1,103,1330,3,1,3,1916,À rénover,E,387,"Maison 3 façades de 103 m² à Frameries, 3 chambres, état : à rénover.",2024-10-26,2025-03-25,169000.0
EX0085,exemple fictif,,maison,Rue de la Station,176,7080,Frameries,50.40697,3.88929,1,103,1330,3,1,3,1916,À rénover,E,387,"Maison 3 façades de 103 m² à Frameries, 3 chambres, état : à rénover.",2024-10-26,2025-04-24,169000.0
EX0085,exemple fictif,,maison,Rue de la Station,176,7080,Frameries,50.40697,3.88929,1,103,1330,3,1,3,1916,À rénover,E,387,"Maison 3 façades de 103 m² à Frameries, 3 chambres, état : à rénover.",2024-10-26,2025-05-24,169000.0
EX0085,exemple fictif,,maison,Rue de la Station,176,7080,Frameries,50.40697,3.88929,1,103,1330,3,1,3,1916,À rénover,E,387,"Maison 3 façades de 103 m² à Frameries, 3 chambres, état : à rénover.",2024-10-26,2025-06-23,169000.0
EX0086,exemple fictif,,maison,Rue de la Station,173,7340,Colfontaine,50.41578,3.86441,1,161,1109,4,2,3,2017,À rénover,F,472,"Maison 3 façades de 161 m² à Colfontaine, 4 chambres, état : à rénover.",2026-07-15,2026-07-15,234000.0
EX0086,exemple fictif,,maison,Rue de la Station,173,7340,Colfontaine,50.41578,3.86441,1,161,1109,4,2,3,2017,À rénover,F,472,"Maison 3 façades de 161 m² à Colfontaine, 4 chambres, état : à rénover.",2026-07-15,2026-08-14,225000.0
EX0086,exemple fictif,,maison,Rue de la Station,173,7340,Colfontaine,50.41578,3.86441,1,161,1109,4,2,3,2017,À rénover,F,472,"Maison 3 façades de 161 m² à Colfontaine, 4 chambres, état : à rénover.",2026-07-15,2026-09-13,225000.0
EX0087,exemple fictif,,maison,Rue du Moulin,125,7000,Mons,50.44549,3.96994,1,149,917,3,1,4,1978,Bon,G,619,"Maison 4 façades de 149 m² à Mons, 3 chambres, état : bon.",2024-10-29,2024-10-29,353000.0
EX0087,exemple fictif,,maison,Rue du Moulin,125,7000,Mons,50.44549,3.96994,1,149,917,3,1,4,1978,Bon,G,619,"Maison 4 façades de 149 m² à Mons, 3 chambres, état : bon.",2024-10-29,2024-11-28,353000.0
EX0087,exemple fictif,,maison,Rue du Moulin,125,7000,Mons,50.44549,3.96994,1,149,917,3,1,4,1978,Bon,G,619,"Maison 4 façades de 149 m² à Mons, 3 chambres, état : bon.",2024-10-29,2024-12-28,353000.0
EX0088,exemple fictif,,maison,Rue du Moulin,127,7022,Hyon,50.45001,3.96818,1,68,138,2,1,2,2000,À rénover,G,579,"Maison 2 façades de 68 m² à Hyon, 2 chambres, état : à rénover.",2025-06-23,2025-06-23,123000.0
EX0088,exemple fictif,,maison,Rue du Moulin,127,7022,Hyon,50.45001,3.96818,1,68,138,2,1,2,2000,À rénover,G,579,"Maison 2 façades de 68 m² à Hyon, 2 chambres, état : à rénover.",2025-06-23,2025-07-23,123000.0
EX0088,exemple fictif,,maison,Rue du Moulin,127,7022,Hyon,50.45001,3.96818,1,68,138,2,1,2,2000,À rénover,G,579,"Maison 2 façades de 68 m² à Hyon, 2 chambres, état : à rénover.",2025-06-23,2025-08-22,123000.0
EX0088,exemple fictif,,maison,Rue du Moulin,127,7022,Hyon,50.45001,3.96818,1,68,138,2,1,2,2000,À rénover,G,579,"Maison 2 façades de 68 m² à Hyon, 2 chambres, état : à rénover.",2025-06-23,2025-09-21,123000.0
EX0088,exemple fictif,,maison,Rue du Moulin,127,7022,Hyon,50.45001,3.96818,1,68,138,2,1,2,2000,À rénover,G,579,"Maison 2 façades de 68 m² à Hyon, 2 chambres, état : à rénover.",2025-06-23,2025-10-21,123000.0
EX0088,exemple fictif,,maison,Rue du Moulin,127,7022,Hyon,50.45001,3.96818,1,68,138,2,1,2,2000,À rénover,G,579,"Maison 2 façades de 68 m² à Hyon, 2 chambres, état : à rénover.",2025-06-23,2025-11-20,123000.0
EX0088,exemple fictif,,maison,Rue du Moulin,127,7022,Hyon,50.45001,3.96818,1,68,138,2,1,2,2000,À rénover,G,579,"Maison 2 façades de 68 m² à Hyon, 2 chambres, état : à rénover.",2025-06-23,2025-12-20,123000.0
EX0088,exemple fictif,,maison,Rue du Moulin,127,7022,Hyon,50.45001,3.96818,1,68,138,2,1,2,2000,À rénover,G,579,"Maison 2 façades de 68 m² à Hyon, 2 chambres, état : à rénover.",2025-06-23,2026-01-19,123000.0
EX0088,exemple fictif,,maison,Rue du Moulin,127,7022,Hyon,50.45001,3.96818,1,68,138,2,1,2,2000,À rénover,G,579,"Maison 2 façades de 68 m² à Hyon, 2 chambres, état : à rénover.",2025-06-23,2026-02-18,123000.0
EX0089,exemple fictif,,maison,Rue de l'Église,81,7030,Saint-Symphorien,50.44649,3.99966,1,89,161,3,1,2,1933,À restaurer,G,589,"Maison 2 façades de 89 m² à Saint-Symphorien, 3 chambres, état : à restaurer.",2025-10-28,2025-10-28,101000.0
EX0089,exemple fictif,,maison,Rue de l'Église,81,7030,Saint-Symphorien,50.44649,3.99966,1,89,161,3,1,2,1933,À restaurer,G,589,"Maison 2 façades de 89 m² à Saint-Symphorien, 3 chambres, état : à restaurer.",2025-10-28,2025-11-27,101000.0
EX0089,exemple fictif,,maison,Rue de l'Église,81,7030,Saint-Symphorien,50.44649,3.99966,1,89,161,3,1,2,1933,À restaurer,G,589,"Maison 2 façades de 89 m² à Saint-Symphorien, 3 chambres, état : à restaurer.",2025-10-28,2025-12-27,101000.0
EX0089,exemple fictif,,maison,Rue de l'Église,81,7030,Saint-Symphorien,50.44649,3.99966,1,89,161,3,1,2,1933,À restaurer,G,589,"Maison 2 façades de 89 m² à Saint-Symphorien, 3 chambres, état : à restaurer.",2025-10-28,2026-01-26,101000.0
EX0089,exemple fictif,,maison,Rue de l'Église,81,7030,Saint-Symphorien,50.44649,3.99966,1,89,161,3,1,2,1933,À restaurer,G,589,"Maison 2 façades de 89 m² à Saint-Symphorien, 3 chambres, état : à restaurer.",2025-10-28,2026-02-25,101000.0
EX0090,exemple fictif,,maison,Rue des Écoles,170,7390,Quaregnon,50.45192,3.86507,1,132,272,4,1,2,1911,À rénover,G,573,"Maison 2 façades de 132 m² à Quaregnon, 4 chambres, état : à rénover.",2025-05-29,2025-05-29,144000.0
EX0090,exemple fictif,,maison,Rue des Écoles,170,7390,Quaregnon,50.45192,3.86507,1,132,272,4,1,2,1911,À rénover,G,573,"Maison 2 façades de 132 m² à Quaregnon, 4 chambres, état : à rénover.",2025-05-29,2025-06-28,144000.0
EX0090,exemple fictif,,maison,Rue des Écoles,170,7390,Quaregnon,50.45192,3.86507,1,132,272,4,1,2,1911,À rénover,G,573,"Maison 2 façades de 132 m² à Quaregnon, 4 chambres, état : à rénover.",2025-05-29,2025-07-28,144000.0
EX0091,exemple fictif,,maison,Rue des Écoles,97,7080,Frameries,50.41201,3.89719,1,135,123,2,1,2,1958,Bon,D,320,"Maison 2 façades de 135 m² à Frameries, 2 chambres, état : bon.",2025-01-13,2025-01-13,206000.0
EX0091,exemple fictif,,maison,Rue des Écoles,97,7080,Frameries,50.41201,3.89719,1,135,123,2,1,2,1958,Bon,D,320,"Maison 2 façades de 135 m² à Frameries, 2 chambres, état : bon.",2025-01-13,2025-02-12,206000.0
EX0091,exemple fictif,,maison,Rue des Écoles,97,7080,Frameries,50.41201,3.89719,1,135,123,2,1,2,1958,Bon,D,320,"Maison 2 façades de 135 m² à Frameries, 2 chambres, état : bon.",2025-01-13,2025-03-14,206000.0
EX0091,exemple fictif,,maison,Rue des Écoles,97,7080,Frameries,50.41201,3.89719,1,135,123,2,1,2,1958,Bon,D,320,"Maison 2 façades de 135 m² à Frameries, 2 chambres, état : bon.",2025-01-13,2025-04-13,206000.0
EX0091,exemple fictif,,maison,Rue des Écoles,97,7080,Frameries,50.41201,3.89719,1,135,123,2,1,2,1958,Bon,D,320,"Maison 2 façades de 135 m² à Frameries, 2 chambres, état : bon.",2025-01-13,2025-05-13,206000.0
EX0091,exemple fictif,,maison,Rue des Écoles,97,7080,Frameries,50.41201,3.89719,1,135,123,2,1,2,1958,Bon,D,320,"Maison 2 façades de 135 m² à Frameries, 2 chambres, état : bon.",2025-01-13,2025-06-12,206000.0
EX0091,exemple fictif,,maison,Rue des Écoles,97,7080,Frameries,50.41201,3.89719,1,135,123,2,1,2,1958,Bon,D,320,"Maison 2 façades de 135 m² à Frameries, 2 chambres, état : bon.",2025-01-13,2025-07-12,206000.0
EX0091,exemple fictif,,maison,Rue des Écoles,97,7080,Frameries,50.41201,3.89719,1,135,123,2,1,2,1958,Bon,D,320,"Maison 2 façades de 135 m² à Frameries, 2 chambres, état : bon.",2025-01-13,2025-08-11,206000.0
EX0091,exemple fictif,,maison,Rue des Écoles,97,7080,Frameries,50.41201,3.89719,1,135,123,2,1,2,1958,Bon,D,320,"Maison 2 façades de 135 m² à Frameries, 2 chambres, état : bon.",2025-01-13,2025-09-10,206000.0
EX0091,exemple fictif,,maison,Rue des Écoles,97,7080,Frameries,50.41201,3.89719,1,135,123,2,1,2,1958,Bon,D,320,"Maison 2 façades de 135 m² à Frameries, 2 chambres, état : bon.",2025-01-13,2025-10-10,206000.0
EX0091,exemple fictif,,maison,Rue des Écoles,97,7080,Frameries,50.41201,3.89719,1,135,123,2,1,2,1958,Bon,D,320,"Maison 2 façades de 135 m² à Frameries, 2 chambres, état : bon.",2025-01-13,2025-11-09,206000.0
EX0091,exemple fictif,,maison,Rue des Écoles,97,7080,Frameries,50.41201,3.89719,1,135,123,2,1,2,1958,Bon,D,320,"Maison 2 façades de 135 m² à Frameries, 2 chambres, état : bon.",2025-01-13,2025-12-09,206000.0
EX0091,exemple fictif,,maison,Rue des Écoles,97,7080,Frameries,50.41201,3.89719,1,135,123,2,1,2,1958,Bon,D,320,"Maison 2 façades de 135 m² à Frameries, 2 chambres, état : bon.",2025-01-13,2026-01-08,206000.0
EX0091,exemple fictif,,maison,Rue des Écoles,97,7080,Frameries,50.41201,3.89719,1,135,123,2,1,2,1958,Bon,D,320,"Maison 2 façades de 135 m² à Frameries, 2 chambres, état : bon.",2025-01-13,2026-02-07,206000.0
EX0091,exemple fictif,,maison,Rue des Écoles,97,7080,Frameries,50.41201,3.89719,1,135,123,2,1,2,1958,Bon,D,320,"Maison 2 façades de 135 m² à Frameries, 2 chambres, état : bon.",2025-01-13,2026-03-09,206000.0
EX0091,exemple fictif,,maison,Rue des Écoles,97,7080,Frameries,50.41201,3.89719,1,135,123,2,1,2,1958,Bon,D,320,"Maison 2 façades de 135 m² à Frameries, 2 chambres, état : bon.",2025-01-13,2026-04-08,206000.0
EX0091,exemple fictif,,maison,Rue des Écoles,97,7080,Frameries,50.41201,3.89719,1,135,123,2,1,2,1958,Bon,D,320,"Maison 2 façades de 135 m² à Frameries, 2 chambres, état : bon.",2025-01-13,2026-05-08,206000.0
EX0091,exemple fictif,,maison,Rue des Écoles,97,7080,Frameries,50.41201,3.89719,1,135,123,2,1,2,1958,Bon,D,320,"Maison 2 façades de 135 m² à Frameries, 2 chambres, état : bon.",2025-01-13,2026-06-07,206000.0
EX0091,exemple fictif,,maison,Rue des Écoles,97,7080,Frameries,50.41201,3.89719,1,135,123,2,1,2,1958,Bon,D,320,"Maison 2 façades de 135 m² à Frameries, 2 chambres, état : bon.",2025-01-13,2026-07-07,206000.0
EX0091,exemple fictif,,maison,Rue des Écoles,97,7080,Frameries,50.41201,3.89719,1,135,123,2,1,2,1958,Bon,D,320,"Maison 2 façades de 135 m² à Frameries, 2 chambres, état : bon.",2025-01-13,2026-08-06,206000.0
EX0091,exemple fictif,,maison,Rue des Écoles,97,7080,Frameries,50.41201,3.89719,1,135,123,2,1,2,1958,Bon,D,320,"Maison 2 façades de 135 m² à Frameries, 2 chambres, état : bon.",2025-01-13,2026-09-05,206000.0
EX0091,exemple fictif,,maison,Rue des Écoles,97,7080,Frameries,50.41201,3.89719,1,135,123,2,1,2,1958,Bon,D,320,"Maison 2 façades de 135 m² à Frameries, 2 chambres, état : bon.",2025-01-13,2026-10-05,206000.0
EX0092,exemple fictif,,maison,Rue de la Station,73,7020,Nimy,50.46285,3.95072,1,104,106,3,1,2,1976,Fraîchement rénové,C,187,"Maison 2 façades de 104 m² à Nimy, 3 chambres, état : fraîchement rénové.",2025-02-26,2025-02-26,215000.0
EX0092,exemple fictif,,maison,Rue de la Station,73,7020,Nimy,50.46285,3.95072,1,104,106,3,1,2,1976,Fraîchement rénové,C,187,"Maison 2 façades de 104 m² à Nimy, 3 chambres, état : fraîchement rénové.",2025-02-26,2025-03-28,215000.0
EX0092,exemple fictif,,maison,Rue de la Station,73,7020,Nimy,50.46285,3.95072,1,104,106,3,1,2,1976,Fraîchement rénové,C,187,"Maison 2 façades de 104 m² à Nimy, 3 chambres, état : fraîchement rénové.",2025-02-26,2025-04-27,215000.0
EX0092,exemple fictif,,maison,Rue de la Station,73,7020,Nimy,50.46285,3.95072,1,104,106,3,1,2,1976,Fraîchement rénové,C,187,"Maison 2 façades de 104 m² à Nimy, 3 chambres, état : fraîchement rénové.",2025-02-26,2025-05-27,215000.0
EX0092,exemple fictif,,maison,Rue de la Station,73,7020,Nimy,50.46285,3.95072,1,104,106,3,1,2,1976,Fraîchement rénové,C,187,"Maison 2 façades de 104 m² à Nimy, 3 chambres, état : fraîchement rénové.",2025-02-26,2025-06-26,215000.0
EX0092,exemple fictif,,maison,Rue de la Station,73,7020,Nimy,50.46285,3.95072,1,104,106,3,1,2,1976,Fraîchement rénové,C,187,"Maison 2 façades de 104 m² à Nimy, 3 chambres, état : fraîchement rénové.",2025-02-26,2025-07-26,215000.0
EX0092,exemple fictif,,maison,Rue de la Station,73,7020,Nimy,50.46285,3.95072,1,104,106,3,1,2,1976,Fraîchement rénové,C,187,"Maison 2 façades de 104 m² à Nimy, 3 chambres, état : fraîchement rénové.",2025-02-26,2025-08-25,215000.0
EX0092,exemple fictif,,maison,Rue de la Station,73,7020,Nimy,50.46285,3.95072,1,104,106,3,1,2,1976,Fraîchement rénové,C,187,"Maison 2 façades de 104 m² à Nimy, 3 chambres, état : fraîchement rénové.",2025-02-26,2025-09-24,215000.0
EX0092,exemple fictif,,maison,Rue de la Station,73,7020,Nimy,50.46285,3.95072,1,104,106,3,1,2,1976,Fraîchement rénové,C,187,"Maison 2 façades de 104 m² à Nimy, 3 chambres, état : fraîchement rénové.",2025-02-26,2025-10-24,215000.0
EX0092,exemple fictif,,maison,Rue de la Station,73,7020,Nimy,50.46285,3.95072,1,104,106,3,1,2,1976,Fraîchement rénové,C,187,"Maison 2 façades de 104 m² à Nimy, 3 chambres, état : fraîchement rénové.",2025-02-26,2025-11-23,215000.0
EX0092,exemple fictif,,maison,Rue de la Station,73,7020,Nimy,50.46285,3.95072,1,104,106,3,1,2,1976,Fraîchement rénové,C,187,"Maison 2 façades de 104 m² à Nimy, 3 chambres, état : fraîchement rénové.",2025-02-26,2025-12-23,215000.0
EX0092,exemple fictif,,maison,Rue de la Station,73,7020,Nimy,50.46285,3.95072,1,104,106,3,1,2,1976,Fraîchement rénové,C,187,"Maison 2 façades de 104 m² à Nimy, 3 chambres, état : fraîchement rénové.",2025-02-26,2026-01-22,215000.0
EX0092,exemple fictif,,maison,Rue de la Station,73,7020,Nimy,50.46285,3.95072,1,104,106,3,1,2,1976,Fraîchement rénové,C,187,"Maison 2 façades de 104 m² à Nimy, 3 chambres, état : fraîchement rénové.",2025-02-26,2026-02-21,215000.0
EX0092,exemple fictif,,maison,Rue de la Station,73,7020,Nimy,50.46285,3.95072,1,104,106,3,1,2,1976,Fraîchement rénové,C,187,"Maison 2 façades de 104 m² à Nimy, 3 chambres, état : fraîchement rénové.",2025-02-26,2026-03-23,215000.0
EX0092,exemple fictif,,maison,Rue de la Station,73,7020,Nimy,50.46285,3.95072,1,104,106,3,1,2,1976,Fraîchement rénové,C,187,"Maison 2 façades de 104 m² à Nimy, 3 chambres, état : fraîchement rénové.",2025-02-26,2026-04-22,215000.0
EX0092,exemple fictif,,maison,Rue de la Station,73,7020,Nimy,50.46285,3.95072,1,104,106,3,1,2,1976,Fraîchement rénové,C,187,"Maison 2 façades de 104 m² à Nimy, 3 chambres, état : fraîchement rénové.",2025-02-26,2026-05-22,215000.0
EX0092,exemple fictif,,maison,Rue de la Station,73,7020,Nimy,50.46285,3.95072,1,104,106,3,1,2,1976,Fraîchement rénové,C,187,"Maison 2 façades de 104 m² à Nimy, 3 chambres, état : fraîchement rénové.",2025-02-26,2026-06-21,215000.0
EX0092,exemple fictif,,maison,Rue de la Station,73,7020,Nimy,50.46285,3.95072,1,104,106,3,1,2,1976,Fraîchement rénové,C,187,"Maison 2 façades de 104 m² à Nimy, 3 chambres, état : fraîchement rénové.",2025-02-26,2026-07-21,215000.0
EX0092,exemple fictif,,maison,Rue de la Station,73,7020,Nimy,50.46285,3.95072,1,104,106,3,1,2,1976,Fraîchement rénové,C,187,"Maison 2 façades de 104 m² à Nimy, 3 chambres, état : fraîchement rénové.",2025-02-26,2026-08-20,215000.0
EX0092,exemple fictif,,maison,Rue de la Station,73,7020,Nimy,50.46285,3.95072,1,104,106,3,1,2,1976,Fraîchement rénové,C,187,"Maison 2 façades de 104 m² à Nimy, 3 chambres, état : fraîchement rénové.",2025-02-26,2026-09-19,215000.0
EX0093,exemple fictif,,maison,Avenue des Tilleuls,199,7330,Saint-Ghislain,50.44936,3.82771,1,126,198,4,1,2,1981,Fraîchement rénové,A,92,"Maison 2 façades de 126 m² à Saint-Ghislain, 4 chambres, état : fraîchement rénové.",2026-02-06,2026-02-06,262000.0
EX0093,exemple fictif,,maison,Avenue des Tilleuls,199,7330,Saint-Ghislain,50.44936,3.82771,1,126,198,4,1,2,1981,Fraîchement rénové,A,92,"Maison 2 façades de 126 m² à Saint-Ghislain, 4 chambres, état : fraîchement rénové.",2026-02-06,2026-03-08,262000.0
EX0093,exemple fictif,,maison,Avenue des Tilleuls,199,7330,Saint-Ghislain,50.44936,3.82771,1,126,198,4,1,2,1981,Fraîchement rénové,A,92,"Maison 2 façades de 126 m² à Saint-Ghislain, 4 chambres, état : fraîchement rénové.",2026-02-06,2026-04-07,262000.0
EX0093,exemple fictif,,maison,Avenue des Tilleuls,199,7330,Saint-Ghislain,50.44936,3.82771,1,126,198,4,1,2,1981,Fraîchement rénové,A,92,"Maison 2 façades de 126 m² à Saint-Ghislain, 4 chambres, état : fraîchement rénové.",2026-02-06,2026-05-07,262000.0
EX0093,exemple fictif,,maison,Avenue des Tilleuls,199,7330,Saint-Ghislain,50.44936,3.82771,1,126,198,4,1,2,1981,Fraîchement rénové,A,92,"Maison 2 façades de 126 m² à Saint-Ghislain, 4 chambres, état : fraîchement rénové.",2026-02-06,2026-06-06,262000.0
EX0093,exemple fictif,,maison,Avenue des Tilleuls,199,7330,Saint-Ghislain,50.44936,3.82771,1,126,198,4,1,2,1981,Fraîchement rénové,A,92,"Maison 2 façades de 126 m² à Saint-Ghislain, 4 chambres, état : fraîchement rénové.",2026-02-06,2026-07-06,262000.0
EX0093,exemple fictif,,maison,Avenue des Tilleuls,199,7330,Saint-Ghislain,50.44936,3.82771,1,126,198,4,1,2,1981,Fraîchement rénové,A,92,"Maison 2 façades de 126 m² à Saint-Ghislain, 4 chambres, état : fraîchement rénové.",2026-02-06,2026-08-05,262000.0
EX0093,exemple fictif,,maison,Avenue des Tilleuls,199,7330,Saint-Ghislain,50.44936,3.82771,1,126,198,4,1,2,1981,Fraîchement rénové,A,92,"Maison 2 façades de 126 m² à Saint-Ghislain, 4 chambres, état : fraîchement rénové.",2026-02-06,2026-09-04,262000.0
EX0093,exemple fictif,,maison,Avenue des Tilleuls,199,7330,Saint-Ghislain,50.44936,3.82771,1,126,198,4,1,2,1981,Fraîchement rénové,A,92,"Maison 2 façades de 126 m² à Saint-Ghislain, 4 chambres, état : fraîchement rénové.",2026-02-06,2026-10-04,262000.0
EX0094,exemple fictif,,maison,Rue de la Station,53,7040,Quévy,50.39007,3.94297,1,145,897,3,1,3,1998,À restaurer,E,384,"Maison 3 façades de 145 m² à Quévy, 3 chambres, état : à restaurer.",2026-08-09,2026-08-09,170000.0
EX0094,exemple fictif,,maison,Rue de la Station,53,7040,Quévy,50.39007,3.94297,1,145,897,3,1,3,1998,À restaurer,E,384,"Maison 3 façades de 145 m² à Quévy, 3 chambres, état : à restaurer.",2026-08-09,2026-09-08,170000.0
EX0095,exemple fictif,,maison,Rue de l'Église,38,7020,Nimy,50.46986,3.97359,1,127,278,4,1,2,1993,À restaurer,D,325,"Maison 2 façades de 127 m² à Nimy, 4 chambres, état : à restaurer.",2026-09-23,2026-09-23,120000.0
EX0096,exemple fictif,,maison,Rue de l'Église,12,7011,Ghlin,50.48659,3.90381,1,207,733,5,2,3,1916,À rafraîchir,B,159,"Maison 3 façades de 207 m² à Ghlin, 5 chambres, état : à rafraîchir.",2025-07-15,2025-07-15,410000.0
EX0096,exemple fictif,,maison,Rue de l'Église,12,7011,Ghlin,50.48659,3.90381,1,207,733,5,2,3,1916,À rafraîchir,B,159,"Maison 3 façades de 207 m² à Ghlin, 5 chambres, état : à rafraîchir.",2025-07-15,2025-08-14,410000.0
EX0096,exemple fictif,,maison,Rue de l'Église,12,7011,Ghlin,50.48659,3.90381,1,207,733,5,2,3,1916,À rafraîchir,B,159,"Maison 3 façades de 207 m² à Ghlin, 5 chambres, état : à rafraîchir.",2025-07-15,2025-09-13,380000.0
EX0096,exemple fictif,,maison,Rue de l'Église,12,7011,Ghlin,50.48659,3.90381,1,207,733,5,2,3,1916,À rafraîchir,B,159,"Maison 3 façades de 207 m² à Ghlin, 5 chambres, état : à rafraîchir.",2025-07-15,2025-10-13,356000.0
EX0096,exemple fictif,,maison,Rue de l'Église,12,7011,Ghlin,50.48659,3.90381,1,207,733,5,2,3,1916,À rafraîchir,B,159,"Maison 3 façades de 207 m² à Ghlin, 5 chambres, état : à rafraîchir.",2025-07-15,2025-11-12,329000.0
EX0097,exemple fictif,,maison,Rue des Écoles,36,7340,Colfontaine,50.40061,3.83939,1,176,185,4,2,2,1951,À rénover,D,294,"Maison 2 façades de 176 m² à Colfontaine, 4 chambres, état : à rénover.",2025-03-11,2025-03-11,198000.0
EX0097,exemple fictif,,maison,Rue des Écoles,36,7340,Colfontaine,50.40061,3.83939,1,176,185,4,2,2,1951,À rénover,D,294,"Maison 2 façades de 176 m² à Colfontaine, 4 chambres, état : à rénover.",2025-03-11,2025-04-10,185000.0
EX0097,exemple fictif,,maison,Rue des Écoles,36,7340,Colfontaine,50.40061,3.83939,1,176,185,4,2,2,1951,À rénover,D,294,"Maison 2 façades de 176 m² à Colfontaine, 4 chambres, état : à rénover.",2025-03-11,2025-05-10,177000.0
EX0097,exemple fictif,,maison,Rue des Écoles,36,7340,Colfontaine,50.40061,3.83939,1,176,185,4,2,2,1951,À rénover,D,294,"Maison 2 façades de 176 m² à Colfontaine, 4 chambres, état : à rénover.",2025-03-11,2025-06-09,177000.0
EX0097,exemple fictif,,maison,Rue des Écoles,36,7340,Colfontaine,50.40061,3.83939,1,176,185,4,2,2,1951,À rénover,D,294,"Maison 2 façades de 176 m² à Colfontaine, 4 chambres, état : à rénover.",2025-03-11,2025-07-09,177000.0
EX0097,exemple fictif,,maison,Rue des Écoles,36,7340,Colfontaine,50.40061,3.83939,1,176,185,4,2,2,1951,À rénover,D,294,"Maison 2 façades de 176 m² à Colfontaine, 4 chambres, état : à rénover.",2025-03-11,2025-08-08,168000.0
EX0097,exemple fictif,,maison,Rue des Écoles,36,7340,Colfontaine,50.40061,3.83939,1,176,185,4,2,2,1951,À rénover,D,294,"Maison 2 façades de 176 m² à Colfontaine, 4 chambres, état : à rénover.",2025-03-11,2025-09-07,168000.0
EX0097,exemple fictif,,maison,Rue des Écoles,36,7340,Colfontaine,50.40061,3.83939,1,176,185,4,2,2,1951,À rénover,D,294,"Maison 2 façades de 176 m² à Colfontaine, 4 chambres, état : à rénover.",2025-03-11,2025-10-07,168000.0
EX0097,exemple fictif,,maison,Rue des Écoles,36,7340,Colfontaine,50.40061,3.83939,1,176,185,4,2,2,1951,À rénover,D,294,"Maison 2 façades de 176 m² à Colfontaine, 4 chambres, état : à rénover.",2025-03-11,2025-11-06,168000.0
EX0097,exemple fictif,,maison,Rue des Écoles,36,7340,Colfontaine,50.40061,3.83939,1,176,185,4,2,2,1951,À rénover,D,294,"Maison 2 façades de 176 m² à Colfontaine, 4 chambres, état : à rénover.",2025-03-11,2025-12-06,168000.0
EX0097,exemple fictif,,maison,Rue des Écoles,36,7340,Colfontaine,50.40061,3.83939,1,176,185,4,2,2,1951,À rénover,D,294,"Maison 2 façades de 176 m² à Colfontaine, 4 chambres, état : à rénover.",2025-03-11,2026-01-05,168000.0
EX0097,exemple fictif,,maison,Rue des Écoles,36,7340,Colfontaine,50.40061,3.83939,1,176,185,4,2,2,1951,À rénover,D,294,"Maison 2 façades de 176 m² à Colfontaine, 4 chambres, état : à rénover.",2025-03-11,2026-02-04,168000.0
EX0097,exemple fictif,,maison,Rue des Écoles,36,7340,Colfontaine,50.40061,3.83939,1,176,185,4,2,2,1951,À rénover,D,294,"Maison 2 façades de 176 m² à Colfontaine, 4 chambres, état : à rénover.",2025-03-11,2026-03-06,168000.0
EX0098,exemple fictif,,maison,Rue de l'Église,119,7390,Quaregnon,50.44747,3.8641,1,146,286,4,1,2,1992,Comme neuf,C,213,"Maison 2 façades de 146 m² à Quaregnon, 4 chambres, état : comme neuf.",2026-04-23,2026-04-23,268000.0
EX0098,exemple fictif,,maison,Rue de l'Église,119,7390,Quaregnon,50.44747,3.8641,1,146,286,4,1,2,1992,Comme neuf,C,213,"Maison 2 façades de 146 m² à Quaregnon, 4 chambres, état : comme neuf.",2026-04-23,2026-05-23,268000.0
EX0098,exemple fictif,,maison,Rue de l'Église,119,7390,Quaregnon,50.44747,3.8641,1,146,286,4,1,2,1992,Comme neuf,C,213,"Maison 2 façades de 146 m² à Quaregnon, 4 chambres, état : comme neuf.",2026-04-23,2026-06-22,268000.0
EX0098,exemple fictif,,maison,Rue de l'Église,119,7390,Quaregnon,50.44747,3.8641,1,146,286,4,1,2,1992,Comme neuf,C,213,"Maison 2 façades de 146 m² à Quaregnon, 4 chambres, état : comme neuf.",2026-04-23,2026-07-22,268000.0
EX0098,exemple fictif,,maison,Rue de l'Église,119,7390,Quaregnon,50.44747,3.8641,1,146,286,4,1,2,1992,Comme neuf,C,213,"Maison 2 façades de 146 m² à Quaregnon, 4 chambres, état : comme neuf.",2026-04-23,2026-08-21,268000.0
EX0098,exemple fictif,,maison,Rue de l'Église,119,7390,Quaregnon,50.44747,3.8641,1,146,286,4,1,2,1992,Comme neuf,C,213,"Maison 2 façades de 146 m² à Quaregnon, 4 chambres, état : comme neuf.",2026-04-23,2026-09-20,268000.0
EX0099,exemple fictif,,maison,Rue de la Station,51,7340,Colfontaine,50.40642,3.85181,1,89,93,3,1,2,1944,À rénover,G,599,"Maison 2 façades de 89 m² à Colfontaine, 3 chambres, état : à rénover.",2026-08-07,2026-08-07,84000.0
EX0099,exemple fictif,,maison,Rue de la Station,51,7340,Colfontaine,50.40642,3.85181,1,89,93,3,1,2,1944,À rénover,G,599,"Maison 2 façades de 89 m² à Colfontaine, 3 chambres, état : à rénover.",2026-08-07,2026-09-06,84000.0
EX0099,exemple fictif,,maison,Rue de la Station,51,7340,Colfontaine,50.40642,3.85181,1,89,93,3,1,2,1944,À rénover,G,599,"Maison 2 façades de 89 m² à Colfontaine, 3 chambres, état : à rénover.",2026-08-07,2026-10-06,84000.0
EX0100,exemple fictif,,maison,Rue de l'Église,70,7340,Colfontaine,50.41814,3.86653,1,113,278,4,1,2,1913,Bon,G,623,"Maison 2 façades de 113 m² à Colfontaine, 4 chambres, état : bon.",2025-01-07,2025-01-07,154000.0
EX0100,exemple fictif,,maison,Rue de l'Église,70,7340,Colfontaine,50.41814,3.86653,1,113,278,4,1,2,1913,Bon,G,623,"Maison 2 façades de 113 m² à Colfontaine, 4 chambres, état : bon.",2025-01-07,2025-02-06,154000.0
EX0100,exemple fictif,,maison,Rue de l'Église,70,7340,Colfontaine,50.41814,3.86653,1,113,278,4,1,2,1913,Bon,G,623,"Maison 2 façades de 113 m² à Colfontaine, 4 chambres, état : bon.",2025-01-07,2025-03-08,154000.0
EX0100,exemple fictif,,maison,Rue de l'Église,70,7340,Colfontaine,50.41814,3.86653,1,113,278,4,1,2,1913,Bon,G,623,"Maison 2 façades de 113 m² à Colfontaine, 4 chambres, état : bon.",2025-01-07,2025-04-07,154000.0
EX0100,exemple fictif,,maison,Rue de l'Église,70,7340,Colfontaine,50.41814,3.86653,1,113,278,4,1,2,1913,Bon,G,623,"Maison 2 façades de 113 m² à Colfontaine, 4 chambres, état : bon.",2025-01-07,2025-05-07,154000.0
EX0101,exemple fictif,,maison,Rue des Écoles,194,7012,Jemappes,50.45245,3.88124,1,129,522,2,1,4,1941,Bon,C,217,"Maison 4 façades de 129 m² à Jemappes, 2 chambres, état : bon.",2024-10-02,2024-10-02,206000.0
EX0101,exemple fictif,,maison,Rue des Écoles,194,7012,Jemappes,50.45245,3.88124,1,129,522,2,1,4,1941,Bon,C,217,"Maison 4 façades de 129 m² à Jemappes, 2 chambres, état : bon.",2024-10-02,2024-11-01,206000.0
EX0101,exemple fictif,,maison,Rue des Écoles,194,7012,Jemappes,50.45245,3.88124,1,129,522,2,1,4,1941,Bon,C,217,"Maison 4 façades de 129 m² à Jemappes, 2 chambres, état : bon.",2024-10-02,2024-12-01,206000.0
EX0101,exemple fictif,,maison,Rue des Écoles,194,7012,Jemappes,50.45245,3.88124,1,129,522,2,1,4,1941,Bon,C,217,"Maison 4 façades de 129 m² à Jemappes, 2 chambres, état : bon.",2024-10-02,2024-12-31,206000.0
EX0101,exemple fictif,,maison,Rue des Écoles,194,7012,Jemappes,50.45245,3.88124,1,129,522,2,1,4,1941,Bon,C,217,"Maison 4 façades de 129 m² à Jemappes, 2 chambres, état : bon.",2024-10-02,2025-01-30,206000.0
EX0101,exemple fictif,,maison,Rue des Écoles,194,7012,Jemappes,50.45245,3.88124,1,129,522,2,1,4,1941,Bon,C,217,"Maison 4 façades de 129 m² à Jemappes, 2 chambres, état : bon.",2024-10-02,2025-03-01,206000.0
EX0101,exemple fictif,,maison,Rue des Écoles,194,7012,Jemappes,50.45245,3.88124,1,129,522,2,1,4,1941,Bon,C,217,"Maison 4 façades de 129 m² à Jemappes, 2 chambres, état : bon.",2024-10-02,2025-03-31,206000.0
EX0101,exemple fictif,,maison,Rue des Écoles,194,7012,Jemappes,50.45245,3.88124,1,129,522,2,1,4,1941,Bon,C,217,"Maison 4 façades de 129 m² à Jemappes, 2 chambres, état : bon.",2024-10-02,2025-04-30,206000.0
EX0101,exemple fictif,,maison,Rue des Écoles,194,7012,Jemappes,50.45245,3.88124,1,129,522,2,1,4,1941,Bon,C,217,"Maison 4 façades de 129 m² à Jemappes, 2 chambres, état : bon.",2024-10-02,2025-05-30,206000.0
EX0101,exemple fictif,,maison,Rue des Écoles,194,7012,Jemappes,50.45245,3.88124,1,129,522,2,1,4,1941,Bon,C,217,"Maison 4 façades de 129 m² à Jemappes, 2 chambres, état : bon.",2024-10-02,2025-06-29,206000.0
EX0101,exemple fictif,,maison,Rue des Écoles,194,7012,Jemappes,50.45245,3.88124,1,129,522,2,1,4,1941,Bon,C,217,"Maison 4 façades de 129 m² à Jemappes, 2 chambres, état : bon.",2024-10-02,2025-07-29,206000.0
EX0101,exemple fictif,,maison,Rue des Écoles,194,7012,Jemappes,50.45245,3.88124,1,129,522,2,1,4,1941,Bon,C,217,"Maison 4 façades de 129 m² à Jemappes, 2 chambres, état : bon.",2024-10-02,2025-08-28,206000.0
EX0101,exemple fictif,,maison,Rue des Écoles,194,7012,Jemappes,50.45245,3.88124,1,129,522,2,1,4,1941,Bon,C,217,"Maison 4 façades de 129 m² à Jemappes, 2 chambres, état : bon.",2024-10-02,2025-09-27,206000.0
EX0101,exemple fictif,,maison,Rue des Écoles,194,7012,Jemappes,50.45245,3.88124,1,129,522,2,1,4,1941,Bon,C,217,"Maison 4 façades de 129 m² à Jemappes, 2 chambres, état : bon.",2024-10-02,2025-10-27,206000.0
EX0101,exemple fictif,,maison,Rue des Écoles,194,7012,Jemappes,50.45245,3.88124,1,129,522,2,1,4,1941,Bon,C,217,"Maison 4 façades de 129 m² à Jemappes, 2 chambres, état : bon.",2024-10-02,2025-11-26,206000.0
EX0101,exemple fictif,,maison,Rue des Écoles,194,7012,Jemappes,50.45245,3.88124,1,129,522,2,1,4,1941,Bon,C,217,"Maison 4 façades de 129 m² à Jemappes, 2 chambres, état : bon.",2024-10-02,2025-12-26,206000.0
EX0101,exemple fictif,,maison,Rue des Écoles,194,7012,Jemappes,50.45245,3.88124,1,129,522,2,1,4,1941,Bon,C,217,"Maison 4 façades de 129 m² à Jemappes, 2 chambres, état : bon.",2024-10-02,2026-01-25,206000.0
EX0101,exemple fictif,,maison,Rue des Écoles,194,7012,Jemappes,50.45245,3.88124,1,129,522,2,1,4,1941,Bon,C,217,"Maison 4 façades de 129 m² à Jemappes, 2 chambres, état : bon.",2024-10-02,2026-02-24,206000.0
EX0101,exemple fictif,,maison,Rue des Écoles,194,7012,Jemappes,50.45245,3.88124,1,129,522,2,1,4,1941,Bon,C,217,"Maison 4 façades de 129 m² à Jemappes, 2 chambres, état : bon.",2024-10-02,2026-03-26,206000.0
EX0101,exemple fictif,,maison,Rue des Écoles,194,7012,Jemappes,50.45245,3.88124,1,129,522,2,1,4,1941,Bon,C,217,"Maison 4 façades de 129 m² à Jemappes, 2 chambres, état : bon.",2024-10-02,2026-04-25,206000.0
EX0101,exemple fictif,,maison,Rue des Écoles,194,7012,Jemappes,50.45245,3.88124,1,129,522,2,1,4,1941,Bon,C,217,"Maison 4 façades de 129 m² à Jemappes, 2 chambres, état : bon.",2024-10-02,2026-05-25,206000.0
EX0101,exemple fictif,,maison,Rue des Écoles,194,7012,Jemappes,50.45245,3.88124,1,129,522,2,1,4,1941,Bon,C,217,"Maison 4 façades de 129 m² à Jemappes, 2 chambres, état : bon.",2024-10-02,2026-06-24,206000.0
EX0101,exemple fictif,,maison,Rue des Écoles,194,7012,Jemappes,50.45245,3.88124,1,129,522,2,1,4,1941,Bon,C,217,"Maison 4 façades de 129 m² à Jemappes, 2 chambres, état : bon.",2024-10-02,2026-07-24,206000.0
EX0101,exemple fictif,,maison,Rue des Écoles,194,7012,Jemappes,50.45245,3.88124,1,129,522,2,1,4,1941,Bon,C,217,"Maison 4 façades de 129 m² à Jemappes, 2 chambres, état : bon.",2024-10-02,2026-08-23,206000.0
EX0101,exemple fictif,,maison,Rue des Écoles,194,7012,Jemappes,50.45245,3.88124,1,129,522,2,1,4,1941,Bon,C,217,"Maison 4 façades de 129 m² à Jemappes, 2 chambres, état : bon.",2024-10-02,2026-09-22,206000.0
EX0102,exemple fictif,,maison,Rue de l'Église,59,7012,Jemappes,50.44747,3.88967,1,117,164,2,1,2,1987,Fraîchement rénové,C,229,"Maison 2 façades de 117 m² à Jemappes, 2 chambres, état : fraîchement rénové.",2025-06-19,2025-06-19,195000.0
EX0102,exemple fictif,,maison,Rue de l'Église,59,7012,Jemappes,50.44747,3.88967,1,117,164,2,1,2,1987,Fraîchement rénové,C,229,"Maison 2 façades de 117 m² à Jemappes, 2 chambres, état : fraîchement rénové.",2025-06-19,2025-07-19,195000.0
EX0102,exemple fictif,,maison,Rue de l'Église,59,7012,Jemappes,50.44747,3.88967,1,117,164,2,1,2,1987,Fraîchement rénové,C,229,"Maison 2 façades de 117 m² à Jemappes, 2 chambres, état : fraîchement rénové.",2025-06-19,2025-08-18,195000.0
EX0102,exemple fictif,,maison,Rue de l'Église,59,7012,Jemappes,50.44747,3.88967,1,117,164,2,1,2,1987,Fraîchement rénové,C,229,"Maison 2 façades de 117 m² à Jemappes, 2 chambres, état : fraîchement rénové.",2025-06-19,2025-09-17,195000.0
EX0102,exemple fictif,,maison,Rue de l'Église,59,7012,Jemappes,50.44747,3.88967,1,117,164,2,1,2,1987,Fraîchement rénové,C,229,"Maison 2 façades de 117 m² à Jemappes, 2 chambres, état : fraîchement rénové.",2025-06-19,2025-10-17,195000.0
EX0102,exemple fictif,,maison,Rue de l'Église,59,7012,Jemappes,50.44747,3.88967,1,117,164,2,1,2,1987,Fraîchement rénové,C,229,"Maison 2 façades de 117 m² à Jemappes, 2 chambres, état : fraîchement rénové.",2025-06-19,2025-11-16,195000.0
EX0103,exemple fictif,,maison,Rue de la Station,23,7000,Mons,50.46035,3.94518,1,171,621,4,2,4,1941,Bon,G,570,"Maison 4 façades de 171 m² à Mons, 4 chambres, état : bon.",2026-02-21,2026-02-21,330000.0
EX0103,exemple fictif,,maison,Rue de la Station,23,7000,Mons,50.46035,3.94518,1,171,621,4,2,4,1941,Bon,G,570,"Maison 4 façades de 171 m² à Mons, 4 chambres, état : bon.",2026-02-21,2026-03-23,330000.0
EX0103,exemple fictif,,maison,Rue de la Station,23,7000,Mons,50.46035,3.94518,1,171,621,4,2,4,1941,Bon,G,570,"Maison 4 façades de 171 m² à Mons, 4 chambres, état : bon.",2026-02-21,2026-04-22,330000.0
EX0103,exemple fictif,,maison,Rue de la Station,23,7000,Mons,50.46035,3.94518,1,171,621,4,2,4,1941,Bon,G,570,"Maison 4 façades de 171 m² à Mons, 4 chambres, état : bon.",2026-02-21,2026-05-22,330000.0
EX0103,exemple fictif,,maison,Rue de la Station,23,7000,Mons,50.46035,3.94518,1,171,621,4,2,4,1941,Bon,G,570,"Maison 4 façades de 171 m² à Mons, 4 chambres, état : bon.",2026-02-21,2026-06-21,330000.0
EX0103,exemple fictif,,maison,Rue de la Station,23,7000,Mons,50.46035,3.94518,1,171,621,4,2,4,1941,Bon,G,570,"Maison 4 façades de 171 m² à Mons, 4 chambres, état : bon.",2026-02-21,2026-07-21,330000.0
EX0103,exemple fictif,,maison,Rue de la Station,23,7000,Mons,50.46035,3.94518,1,171,621,4,2,4,1941,Bon,G,570,"Maison 4 façades de 171 m² à Mons, 4 chambres, état : bon.",2026-02-21,2026-08-20,330000.0
EX0103,exemple fictif,,maison,Rue de la Station,23,7000,Mons,50.46035,3.94518,1,171,621,4,2,4,1941,Bon,G,570,"Maison 4 façades de 171 m² à Mons, 4 chambres, état : bon.",2026-02-21,2026-09-19,330000.0
EX0104,exemple fictif,,maison,Rue de la Station,152,7030,Saint-Symphorien,50.44807,4.00225,1,65,238,2,1,2,2009,Bon,E,399,"Maison 2 façades de 65 m² à Saint-Symphorien, 2 chambres, état : bon.",2024-12-18,2024-12-18,132000.0
EX0104,exemple fictif,,maison,Rue de la Station,152,7030,Saint-Symphorien,50.44807,4.00225,1,65,238,2,1,2,2009,Bon,E,399,"Maison 2 façades de 65 m² à Saint-Symphorien, 2 chambres, état : bon.",2024-12-18,2025-01-17,132000.0
EX0104,exemple fictif,,maison,Rue de la Station,152,7030,Saint-Symphorien,50.44807,4.00225,1,65,238,2,1,2,2009,Bon,E,399,"Maison 2 façades de 65 m² à Saint-Symphorien, 2 chambres, état : bon.",2024-12-18,2025-02-16,132000.0
EX0104,exemple fictif,,maison,Rue de la Station,152,7030,Saint-Symphorien,50.44807,4.00225,1,65,238,2,1,2,2009,Bon,E,399,"Maison 2 façades de 65 m² à Saint-Symphorien, 2 chambres, état : bon.",2024-12-18,2025-03-18,132000.0
EX0104,exemple fictif,,maison,Rue de la Station,152,7030,Saint-Symphorien,50.44807,4.00225,1,65,238,2,1,2,2009,Bon,E,399,"Maison 2 façades de 65 m² à Saint-Symphorien, 2 chambres, état : bon.",2024-12-18,2025-04-17,132000.0
EX0104,exemple fictif,,maison,Rue de la Station,152,7030,Saint-Symphorien,50.44807,4.00225,1,65,238,2,1,2,2009,Bon,E,399,"Maison 2 façades de 65 m² à Saint-Symphorien, 2 chambres, état : bon.",2024-12-18,2025-05-17,132000.0
EX0104,exemple fictif,,maison,Rue de la Station,152,7030,Saint-Symphorien,50.44807,4.00225,1,65,238,2,1,2,2009,Bon,E,399,"Maison 2 façades de 65 m² à Saint-Symphorien, 2 chambres, état : bon.",2024-12-18,2025-06-16,132000.0
EX0104,exemple fictif,,maison,Rue de la Station,152,7030,Saint-Symphorien,50.44807,4.00225,1,65,238,2,1,2,2009,Bon,E,399,"Maison 2 façades de 65 m² à Saint-Symphorien, 2 chambres, état : bon.",2024-12-18,2025-07-16,132000.0
EX0104,exemple fictif,,maison,Rue de la Station,152,7030,Saint-Symphorien,50.44807,4.00225,1,65,238,2,1,2,2009,Bon,E,399,"Maison 2 façades de 65 m² à Saint-Symphorien, 2 chambres, état : bon.",2024-12-18,2025-08-15,132000.0
EX0104,exemple fictif,,maison,Rue de la Station,152,7030,Saint-Symphorien,50.44807,4.00225,1,65,238,2,1,2,2009,Bon,E,399,"Maison 2 façades de 65 m² à Saint-Symphorien, 2 chambres, état : bon.",2024-12-18,2025-09-14,132000.0
EX0104,exemple fictif,,maison,Rue de la Station,152,7030,Saint-Symphorien,50.44807,4.00225,1,65,238,2,1,2,2009,Bon,E,399,"Maison 2 façades de 65 m² à Saint-Symphorien, 2 chambres, état : bon.",2024-12-18,2025-10-14,132000.0
EX0104,exemple fictif,,maison,Rue de la Station,152,7030,Saint-Symphorien,50.44807,4.00225,1,65,238,2,1,2,2009,Bon,E,399,"Maison 2 façades de 65 m² à Saint-Symphorien, 2 chambres, état : bon.",2024-12-18,2025-11-13,132000.0
EX0104,exemple fictif,,maison,Rue de la Station,152,7030,Saint-Symphorien,50.44807,4.00225,1,65,238,2,1,2,2009,Bon,E,399,"Maison 2 façades de 65 m² à Saint-Symphorien, 2 chambres, état : bon.",2024-12-18,2025-12-13,132000.0
EX0104,exemple fictif,,maison,Rue de la Station,152,7030,Saint-Symphorien,50.44807,4.00225,1,65,238,2,1,2,2009,Bon,E,399,"Maison 2 façades de 65 m² à Saint-Symphorien, 2 chambres, état : bon.",2024-12-18,2026-01-12,132000.0
EX0104,exemple fictif,,maison,Rue de la Station,152,7030,Saint-Symphorien,50.44807,4.00225,1,65,238,2,1,2,2009,Bon,E,399,"Maison 2 façades de 65 m² à Saint-Symphorien, 2 chambres, état : bon.",2024-12-18,2026-02-11,132000.0
EX0104,exemple fictif,,maison,Rue de la Station,152,7030,Saint-Symphorien,50.44807,4.00225,1,65,238,2,1,2,2009,Bon,E,399,"Maison 2 façades de 65 m² à Saint-Symphorien, 2 chambres, état : bon.",2024-12-18,2026-03-13,132000.0
EX0104,exemple fictif,,maison,Rue de la Station,152,7030,Saint-Symphorien,50.44807,4.00225,1,65,238,2,1,2,2009,Bon,E,399,"Maison 2 façades de 65 m² à Saint-Symphorien, 2 chambres, état : bon.",2024-12-18,2026-04-12,132000.0
EX0104,exemple fictif,,maison,Rue de la Station,152,7030,Saint-Symphorien,50.44807,4.00225,1,65,238,2,1,2,2009,Bon,E,399,"Maison 2 façades de 65 m² à Saint-Symphorien, 2 chambres, état : bon.",2024-12-18,2026-05-12,132000.0
EX0104,exemple fictif,,maison,Rue de la Station,152,7030,Saint-Symphorien,50.44807,4.00225,1,65,238,2,1,2,2009,Bon,E,399,"Maison 2 façades de 65 m² à Saint-Symphorien, 2 chambres, état : bon.",2024-12-18,2026-06-11,132000.0
EX0104,exemple fictif,,maison,Rue de la Station,152,7030,Saint-Symphorien,50.44807,4.00225,1,65,238,2,1,2,2009,Bon,E,399,"Maison 2 façades de 65 m² à Saint-Symphorien, 2 chambres, état : bon.",2024-12-18,2026-07-11,132000.0
EX0104,exemple fictif,,maison,Rue de la Station,152,7030,Saint-Symphorien,50.44807,4.00225,1,65,238,2,1,2,2009,Bon,E,399,"Maison 2 façades de 65 m² à Saint-Symphorien, 2 chambres, état : bon.",2024-12-18,2026-08-10,132000.0
EX0104,exemple fictif,,maison,Rue de la Station,152,7030,Saint-Symphorien,50.44807,4.00225,1,65,238,2,1,2,2009,Bon,E,399,"Maison 2 façades de 65 m² à Saint-Symphorien, 2 chambres, état : bon.",2024-12-18,2026-09-09,132000.0
EX0105,exemple fictif,,maison,Rue de la Station,77,7021,Havré,50.47845,4.04825,1,174,835,4,2,3,1912,Bon,G,606,"Maison 3 façades de 174 m² à Havré, 4 chambres, état : bon.",2026-01-11,2026-01-11,380000.0
EX0105,exemple fictif,,maison,Rue de la Station,77,7021,Havré,50.47845,4.04825,1,174,835,4,2,3,1912,Bon,G,606,"Maison 3 façades de 174 m² à Havré, 4 chambres, état : bon.",2026-01-11,2026-02-10,380000.0
EX0105,exemple fictif,,maison,Rue de la Station,77,7021,Havré,50.47845,4.04825,1,174,835,4,2,3,1912,Bon,G,606,"Maison 3 façades de 174 m² à Havré, 4 chambres, état : bon.",2026-01-11,2026-03-12,350000.0
EX0105,exemple fictif,,maison,Rue de la Station,77,7021,Havré,50.47845,4.04825,1,174,835,4,2,3,1912,Bon,G,606,"Maison 3 façades de 174 m² à Havré, 4 chambres, état : bon.",2026-01-11,2026-04-11,350000.0
EX0105,exemple fictif,,maison,Rue de la Station,77,7021,Havré,50.47845,4.04825,1,174,835,4,2,3,1912,Bon,G,606,"Maison 3 façades de 174 m² à Havré, 4 chambres, état : bon.",2026-01-11,2026-05-11,325000.0
EX0105,exemple fictif,,maison,Rue de la Station,77,7021,Havré,50.47845,4.04825,1,174,835,4,2,3,1912,Bon,G,606,"Maison 3 façades de 174 m² à Havré, 4 chambres, état : bon.",2026-01-11,2026-06-10,325000.0
EX0105,exemple fictif,,maison,Rue de la Station,77,7021,Havré,50.47845,4.04825,1,174,835,4,2,3,1912,Bon,G,606,"Maison 3 façades de 174 m² à Havré, 4 chambres, état : bon.",2026-01-11,2026-07-10,325000.0
EX0105,exemple fictif,,maison,Rue de la Station,77,7021,Havré,50.47845,4.04825,1,174,835,4,2,3,1912,Bon,G,606,"Maison 3 façades de 174 m² à Havré, 4 chambres, état : bon.",2026-01-11,2026-08-09,325000.0
EX0105,exemple fictif,,maison,Rue de la Station,77,7021,Havré,50.47845,4.04825,1,174,835,4,2,3,1912,Bon,G,606,"Maison 3 façades de 174 m² à Havré, 4 chambres, état : bon.",2026-01-11,2026-09-08,325000.0
EX0106,exemple fictif,,maison,Rue du Moulin,98,7050,Jurbise,50.53137,3.91929,1,128,693,3,1,4,1907,À rafraîchir,G,576,"Maison 4 façades de 128 m² à Jurbise, 3 chambres, état : à rafraîchir.",2024-12-24,2024-12-24,276000.0
EX0106,exemple fictif,,maison,Rue du Moulin,98,7050,Jurbise,50.53137,3.91929,1,128,693,3,1,4,1907,À rafraîchir,G,576,"Maison 4 façades de 128 m² à Jurbise, 3 chambres, état : à rafraîchir.",2024-12-24,2025-01-23,276000.0
EX0106,exemple fictif,,maison,Rue du Moulin,98,7050,Jurbise,50.53137,3.91929,1,128,693,3,1,4,1907,À rafraîchir,G,576,"Maison 4 façades de 128 m² à Jurbise, 3 chambres, état : à rafraîchir.",2024-12-24,2025-02-22,276000.0
EX0106,exemple fictif,,maison,Rue du Moulin,98,7050,Jurbise,50.53137,3.91929,1,128,693,3,1,4,1907,À rafraîchir,G,576,"Maison 4 façades de 128 m² à Jurbise, 3 chambres, état : à rafraîchir.",2024-12-24,2025-03-24,276000.0
EX0106,exemple fictif,,maison,Rue du Moulin,98,7050,Jurbise,50.53137,3.91929,1,128,693,3,1,4,1907,À rafraîchir,G,576,"Maison 4 façades de 128 m² à Jurbise, 3 chambres, état : à rafraîchir.",2024-12-24,2025-04-23,276000.0
EX0106,exemple fictif,,maison,Rue du Moulin,98,7050,Jurbise,50.53137,3.91929,1,128,693,3,1,4,1907,À rafraîchir,G,576,"Maison 4 façades de 128 m² à Jurbise, 3 chambres, état : à rafraîchir.",2024-12-24,2025-05-23,276000.0
EX0106,exemple fictif,,maison,Rue du Moulin,98,7050,Jurbise,50.53137,3.91929,1,128,693,3,1,4,1907,À rafraîchir,G,576,"Maison 4 façades de 128 m² à Jurbise, 3 chambres, état : à rafraîchir.",2024-12-24,2025-06-22,276000.0
EX0106,exemple fictif,,maison,Rue du Moulin,98,7050,Jurbise,50.53137,3.91929,1,128,693,3,1,4,1907,À rafraîchir,G,576,"Maison 4 façades de 128 m² à Jurbise, 3 chambres, état : à rafraîchir.",2024-12-24,2025-07-22,276000.0
EX0106,exemple fictif,,maison,Rue du Moulin,98,7050,Jurbise,50.53137,3.91929,1,128,693,3,1,4,1907,À rafraîchir,G,576,"Maison 4 façades de 128 m² à Jurbise, 3 chambres, état : à rafraîchir.",2024-12-24,2025-08-21,276000.0
EX0106,exemple fictif,,maison,Rue du Moulin,98,7050,Jurbise,50.53137,3.91929,1,128,693,3,1,4,1907,À rafraîchir,G,576,"Maison 4 façades de 128 m² à Jurbise, 3 chambres, état : à rafraîchir.",2024-12-24,2025-09-20,276000.0
EX0106,exemple fictif,,maison,Rue du Moulin,98,7050,Jurbise,50.53137,3.91929,1,128,693,3,1,4,1907,À rafraîchir,G,576,"Maison 4 façades de 128 m² à Jurbise, 3 chambres, état : à rafraîchir.",2024-12-24,2025-10-20,276000.0
EX0106,exemple fictif,,maison,Rue du Moulin,98,7050,Jurbise,50.53137,3.91929,1,128,693,3,1,4,1907,À rafraîchir,G,576,"Maison 4 façades de 128 m² à Jurbise, 3 chambres, état : à rafraîchir.",2024-12-24,2025-11-19,276000.0
EX0106,exemple fictif,,maison,Rue du Moulin,98,7050,Jurbise,50.53137,3.91929,1,128,693,3,1,4,1907,À rafraîchir,G,576,"Maison 4 façades de 128 m² à Jurbise, 3 chambres, état : à rafraîchir.",2024-12-24,2025-12-19,276000.0
EX0107,exemple fictif,,maison,Rue de l'Église,199,7050,Jurbise,50.52636,3.91891,1,135,778,4,1,3,1938,Bon,D,275,"Maison 3 façades de 135 m² à Jurbise, 4 chambres, état : bon.",2025-09-24,2025-09-24,321000.0
EX0107,exemple fictif,,maison,Rue de l'Église,199,7050,Jurbise,50.52636,3.91891,1,135,778,4,1,3,1938,Bon,D,275,"Maison 3 façades de 135 m² à Jurbise, 4 chambres, état : bon.",2025-09-24,2025-10-24,321000.0
EX0107,exemple fictif,,maison,Rue de l'Église,199,7050,Jurbise,50.52636,3.91891,1,135,778,4,1,3,1938,Bon,D,275,"Maison 3 façades de 135 m² à Jurbise, 4 chambres, état : bon.",2025-09-24,2025-11-23,321000.0
EX0107,exemple fictif,,maison,Rue de l'Église,199,7050,Jurbise,50.52636,3.91891,1,135,778,4,1,3,1938,Bon,D,275,"Maison 3 façades de 135 m² à Jurbise, 4 chambres, état : bon.",2025-09-24,2025-12-23,321000.0
EX0107,exemple fictif,,maison,Rue de l'Église,199,7050,Jurbise,50.52636,3.91891,1,135,778,4,1,3,1938,Bon,D,275,"Maison 3 façades de 135 m² à Jurbise, 4 chambres, état : bon.",2025-09-24,2026-01-22,321000.0
EX0107,exemple fictif,,maison,Rue de l'Église,199,7050,Jurbise,50.52636,3.91891,1,135,778,4,1,3,1938,Bon,D,275,"Maison 3 façades de 135 m² à Jurbise, 4 chambres, état : bon.",2025-09-24,2026-02-21,321000.0
EX0107,exemple fictif,,maison,Rue de l'Église,199,7050,Jurbise,50.52636,3.91891,1,135,778,4,1,3,1938,Bon,D,275,"Maison 3 façades de 135 m² à Jurbise, 4 chambres, état : bon.",2025-09-24,2026-03-23,321000.0
EX0107,exemple fictif,,maison,Rue de l'Église,199,7050,Jurbise,50.52636,3.91891,1,135,778,4,1,3,1938,Bon,D,275,"Maison 3 façades de 135 m² à Jurbise, 4 chambres, état : bon.",2025-09-24,2026-04-22,321000.0
EX0107,exemple fictif,,maison,Rue de l'Église,199,7050,Jurbise,50.52636,3.91891,1,135,778,4,1,3,1938,Bon,D,275,"Maison 3 façades de 135 m² à Jurbise, 4 chambres, état : bon.",2025-09-24,2026-05-22,321000.0
EX0107,exemple fictif,,maison,Rue de l'Église,199,7050,Jurbise,50.52636,3.91891,1,135,778,4,1,3,1938,Bon,D,275,"Maison 3 façades de 135 m² à Jurbise, 4 chambres, état : bon.",2025-09-24,2026-06-21,321000.0
EX0108,exemple fictif,,maison,Rue de l'Église,140,7390,Quaregnon,50.45293,3.86686,1,131,196,3,1,2,1978,À rénover,G,604,"Maison 2 façades de 131 m² à Quaregnon, 3 chambres, état : à rénover.",2025-06-25,2025-06-25,125000.0
EX0108,exemple fictif,,maison,Rue de l'Église,140,7390,Quaregnon,50.45293,3.86686,1,131,196,3,1,2,1978,À rénover,G,604,"Maison 2 façades de 131 m² à Quaregnon, 3 chambres, état : à rénover.",2025-06-25,2025-07-25,125000.0
EX0108,exemple fictif,,maison,Rue de l'Église,140,7390,Quaregnon,50.45293,3.86686,1,131,196,3,1,2,1978,À rénover,G,604,"Maison 2 façades de 131 m² à Quaregnon, 3 chambres, état : à rénover.",2025-06-25,2025-08-24,125000.0
EX0108,exemple fictif,,maison,Rue de l'Église,140,7390,Quaregnon,50.45293,3.86686,1,131,196,3,1,2,1978,À rénover,G,604,"Maison 2 façades de 131 m² à Quaregnon, 3 chambres, état : à rénover.",2025-06-25,2025-09-23,125000.0
EX0108,exemple fictif,,maison,Rue de l'Église,140,7390,Quaregnon,50.45293,3.86686,1,131,196,3,1,2,1978,À rénover,G,604,"Maison 2 façades de 131 m² à Quaregnon, 3 chambres, état : à rénover.",2025-06-25,2025-10-23,125000.0
EX0108,exemple fictif,,maison,Rue de l'Église,140,7390,Quaregnon,50.45293,3.86686,1,131,196,3,1,2,1978,À rénover,G,604,"Maison 2 façades de 131 m² à Quaregnon, 3 chambres, état : à rénover.",2025-06-25,2025-11-22,125000.0
EX0108,exemple fictif,,maison,Rue de l'Église,140,7390,Quaregnon,50.45293,3.86686,1,131,196,3,1,2,1978,À rénover,G,604,"Maison 2 façades de 131 m² à Quaregnon, 3 chambres, état : à rénover.",2025-06-25,2025-12-22,125000.0
EX0108,exemple fictif,,maison,Rue de l'Église,140,7390,Quaregnon,50.45293,3.86686,1,131,196,3,1,2,1978,À rénover,G,604,"Maison 2 façades de 131 m² à Quaregnon, 3 chambres, état : à rénover.",2025-06-25,2026-01-21,125000.0
EX0108,exemple fictif,,maison,Rue de l'Église,140,7390,Quaregnon,50.45293,3.86686,1,131,196,3,1,2,1978,À rénover,G,604,"Maison 2 façades de 131 m² à Quaregnon, 3 chambres, état : à rénover.",2025-06-25,2026-02-20,125000.0
EX0108,exemple fictif,,maison,Rue de l'Église,140,7390,Quaregnon,50.45293,3.86686,1,131,196,3,1,2,1978,À rénover,G,604,"Maison 2 façades de 131 m² à Quaregnon, 3 chambres, état : à rénover.",2025-06-25,2026-03-22,125000.0
EX0108,exemple fictif,,maison,Rue de l'Église,140,7390,Quaregnon,50.45293,3.86686,1,131,196,3,1,2,1978,À rénover,G,604,"Maison 2 façades de 131 m² à Quaregnon, 3 chambres, état : à rénover.",2025-06-25,2026-04-21,125000.0
EX0108,exemple fictif,,maison,Rue de l'Église,140,7390,Quaregnon,50.45293,3.86686,1,131,196,3,1,2,1978,À rénover,G,604,"Maison 2 façades de 131 m² à Quaregnon, 3 chambres, état : à rénover.",2025-06-25,2026-05-21,125000.0
EX0108,exemple fictif,,maison,Rue de l'Église,140,7390,Quaregnon,50.45293,3.86686,1,131,196,3,1,2,1978,À rénover,G,604,"Maison 2 façades de 131 m² à Quaregnon, 3 chambres, état : à rénover.",2025-06-25,2026-06-20,125000.0
EX0108,exemple fictif,,maison,Rue de l'Église,140,7390,Quaregnon,50.45293,3.86686,1,131,196,3,1,2,1978,À rénover,G,604,"Maison 2 façades de 131 m² à Quaregnon, 3 chambres, état : à rénover.",2025-06-25,2026-07-20,125000.0
EX0108,exemple fictif,,maison,Rue de l'Église,140,7390,Quaregnon,50.45293,3.86686,1,131,196,3,1,2,1978,À rénover,G,604,"Maison 2 façades de 131 m² à Quaregnon, 3 chambres, état : à rénover.",2025-06-25,2026-08-19,125000.0
EX0108,exemple fictif,,maison,Rue de l'Église,140,7390,Quaregnon,50.45293,3.86686,1,131,196,3,1,2,1978,À rénover,G,604,"Maison 2 façades de 131 m² à Quaregnon, 3 chambres, état : à rénover.",2025-06-25,2026-09-18,125000.0
EX0109,exemple fictif,,maison,Avenue des Tilleuls,94,7030,Saint-Symphorien,50.44059,4.01486,1,156,245,4,1,2,1975,À rafraîchir,G,585,"Maison 2 façades de 156 m² à Saint-Symphorien, 4 chambres, état : à rafraîchir.",2024-12-14,2024-12-14,254000.0
EX0109,exemple fictif,,maison,Avenue des Tilleuls,94,7030,Saint-Symphorien,50.44059,4.01486,1,156,245,4,1,2,1975,À rafraîchir,G,585,"Maison 2 façades de 156 m² à Saint-Symphorien, 4 chambres, état : à rafraîchir.",2024-12-14,2025-01-13,254000.0
EX0109,exemple fictif,,maison,Avenue des Tilleuls,94,7030,Saint-Symphorien,50.44059,4.01486,1,156,245,4,1,2,1975,À rafraîchir,G,585,"Maison 2 façades de 156 m² à Saint-Symphorien, 4 chambres, état : à rafraîchir.",2024-12-14,2025-02-12,254000.0
EX0109,exemple fictif,,maison,Avenue des Tilleuls,94,7030,Saint-Symphorien,50.44059,4.01486,1,156,245,4,1,2,1975,À rafraîchir,G,585,"Maison 2 façades de 156 m² à Saint-Symphorien, 4 chambres, état : à rafraîchir.",2024-12-14,2025-03-14,254000.0
EX0109,exemple fictif,,maison,Avenue des Tilleuls,94,7030,Saint-Symphorien,50.44059,4.01486,1,156,245,4,1,2,1975,À rafraîchir,G,585,"Maison 2 façades de 156 m² à Saint-Symphorien, 4 chambres, état : à rafraîchir.",2024-12-14,2025-04-13,254000.0
EX0109,exemple fictif,,maison,Avenue des Tilleuls,94,7030,Saint-Symphorien,50.44059,4.01486,1,156,245,4,1,2,1975,À rafraîchir,G,585,"Maison 2 façades de 156 m² à Saint-Symphorien, 4 chambres, état : à rafraîchir.",2024-12-14,2025-05-13,254000.0
EX0109,exemple fictif,,maison,Avenue des Tilleuls,94,7030,Saint-Symphorien,50.44059,4.01486,1,156,245,4,1,2,1975,À rafraîchir,G,585,"Maison 2 façades de 156 m² à Saint-Symphorien, 4 chambres, état : à rafraîchir.",2024-12-14,2025-06-12,254000.0
EX0109,exemple fictif,,maison,Avenue des Tilleuls,94,7030,Saint-Symphorien,50.44059,4.01486,1,156,245,4,1,2,1975,À rafraîchir,G,585,"Maison 2 façades de 156 m² à Saint-Symphorien, 4 chambres, état : à rafraîchir.",2024-12-14,2025-07-12,254000.0
EX0110,exemple fictif,,maison,Rue du Moulin,149,7030,Saint-Symphorien,50.43774,4.00862,1,163,1349,4,2,4,1985,Bon,D,285,"Maison 4 façades de 163 m² à Saint-Symphorien, 4 chambres, état : bon.",2024-12-17,2024-12-17,341000.0
EX0110,exemple fictif,,maison,Rue du Moulin,149,7030,Saint-Symphorien,50.43774,4.00862,1,163,1349,4,2,4,1985,Bon,D,285,"Maison 4 façades de 163 m² à Saint-Symphorien, 4 chambres, état : bon.",2024-12-17,2025-01-16,341000.0
EX0110,exemple fictif,,maison,Rue du Moulin,149,7030,Saint-Symphorien,50.43774,4.00862,1,163,1349,4,2,4,1985,Bon,D,285,"Maison 4 façades de 163 m² à Saint-Symphorien, 4 chambres, état : bon.",2024-12-17,2025-02-15,341000.0
EX0110,exemple fictif,,maison,Rue du Moulin,149,7030,Saint-Symphorien,50.43774,4.00862,1,163,1349,4,2,4,1985,Bon,D,285,"Maison 4 façades de 163 m² à Saint-Symphorien, 4 chambres, état : bon.",2024-12-17,2025-03-17,341000.0
EX0110,exemple fictif,,maison,Rue du Moulin,149,7030,Saint-Symphorien,50.43774,4.00862,1,163,1349,4,2,4,1985,Bon,D,285,"Maison 4 façades de 163 m² à Saint-Symphorien, 4 chambres, état : bon.",2024-12-17,2025-04-16,341000.0
EX0110,exemple fictif,,maison,Rue du Moulin,149,7030,Saint-Symphorien,50.43774,4.00862,1,163,1349,4,2,4,1985,Bon,D,285,"Maison 4 façades de 163 m² à Saint-Symphorien, 4 chambres, état : bon.",2024-12-17,2025-05-16,341000.0
EX0110,exemple fictif,,maison,Rue du Moulin,149,7030,Saint-Symphorien,50.43774,4.00862,1,163,1349,4,2,4,1985,Bon,D,285,"Maison 4 façades de 163 m² à Saint-Symphorien, 4 chambres, état : bon.",2024-12-17,2025-06-15,341000.0
EX0110,exemple fictif,,maison,Rue du Moulin,149,7030,Saint-Symphorien,50.43774,4.00862,1,163,1349,4,2,4,1985,Bon,D,285,"Maison 4 façades de 163 m² à Saint-Symphorien, 4 chambres, état : bon.",2024-12-17,2025-07-15,341000.0
EX0110,exemple fictif,,maison,Rue du Moulin,149,7030,Saint-Symphorien,50.43774,4.00862,1,163,1349,4,2,4,1985,Bon,D,285,"Maison 4 façades de 163 m² à Saint-Symphorien, 4 chambres, état : bon.",2024-12-17,2025-08-14,341000.0
EX0110,exemple fictif,,maison,Rue du Moulin,149,7030,Saint-Symphorien,50.43774,4.00862,1,163,1349,4,2,4,1985,Bon,D,285,"Maison 4 façades de 163 m² à Saint-Symphorien, 4 chambres, état : bon.",2024-12-17,2025-09-13,341000.0
EX0110,exemple fictif,,maison,Rue du Moulin,149,7030,Saint-Symphorien,50.43774,4.00862,1,163,1349,4,2,4,1985,Bon,D,285,"Maison 4 façades de 163 m² à Saint-Symphorien, 4 chambres, état : bon.",2024-12-17,2025-10-13,341000.0
EX0110,exemple fictif,,maison,Rue du Moulin,149,7030,Saint-Symphorien,50.43774,4.00862,1,163,1349,4,2,4,1985,Bon,D,285,"Maison 4 façades de 163 m² à Saint-Symphorien, 4 chambres, état : bon.",2024-12-17,2025-11-12,341000.0
EX0110,exemple fictif,,maison,Rue du Moulin,149,7030,Saint-Symphorien,50.43774,4.00862,1,163,1349,4,2,4,1985,Bon,D,285,"Maison 4 façades de 163 m² à Saint-Symphorien, 4 chambres, état : bon.",2024-12-17,2025-12-12,341000.0
EX0110,exemple fictif,,maison,Rue du Moulin,149,7030,Saint-Symphorien,50.43774,4.00862,1,163,1349,4,2,4,1985,Bon,D,285,"Maison 4 façades de 163 m² à Saint-Symphorien, 4 chambres, état : bon.",2024-12-17,2026-01-11,341000.0
EX0110,exemple fictif,,maison,Rue du Moulin,149,7030,Saint-Symphorien,50.43774,4.00862,1,163,1349,4,2,4,1985,Bon,D,285,"Maison 4 façades de 163 m² à Saint-Symphorien, 4 chambres, état : bon.",2024-12-17,2026-02-10,341000.0
EX0110,exemple fictif,,maison,Rue du Moulin,149,7030,Saint-Symphorien,50.43774,4.00862,1,163,1349,4,2,4,1985,Bon,D,285,"Maison 4 façades de 163 m² à Saint-Symphorien, 4 chambres, état : bon.",2024-12-17,2026-03-12,341000.0
EX0110,exemple fictif,,maison,Rue du Moulin,149,7030,Saint-Symphorien,50.43774,4.00862,1,163,1349,4,2,4,1985,Bon,D,285,"Maison 4 façades de 163 m² à Saint-Symphorien, 4 chambres, état : bon.",2024-12-17,2026-04-11,341000.0
EX0110,exemple fictif,,maison,Rue du Moulin,149,7030,Saint-Symphorien,50.43774,4.00862,1,163,1349,4,2,4,1985,Bon,D,285,"Maison 4 façades de 163 m² à Saint-Symphorien, 4 chambres, état : bon.",2024-12-17,2026-05-11,341000.0
EX0110,exemple fictif,,maison,Rue du Moulin,149,7030,Saint-Symphorien,50.43774,4.00862,1,163,1349,4,2,4,1985,Bon,D,285,"Maison 4 façades de 163 m² à Saint-Symphorien, 4 chambres, état : bon.",2024-12-17,2026-06-10,341000.0
EX0110,exemple fictif,,maison,Rue du Moulin,149,7030,Saint-Symphorien,50.43774,4.00862,1,163,1349,4,2,4,1985,Bon,D,285,"Maison 4 façades de 163 m² à Saint-Symphorien, 4 chambres, état : bon.",2024-12-17,2026-07-10,341000.0
EX0110,exemple fictif,,maison,Rue du Moulin,149,7030,Saint-Symphorien,50.43774,4.00862,1,163,1349,4,2,4,1985,Bon,D,285,"Maison 4 façades de 163 m² à Saint-Symphorien, 4 chambres, état : bon.",2024-12-17,2026-08-09,341000.0
EX0110,exemple fictif,,maison,Rue du Moulin,149,7030,Saint-Symphorien,50.43774,4.00862,1,163,1349,4,2,4,1985,Bon,D,285,"Maison 4 façades de 163 m² à Saint-Symphorien, 4 chambres, état : bon.",2024-12-17,2026-09-08,341000.0
EX0111,exemple fictif,,maison,Rue de la Station,151,7022,Hyon,50.45414,3.97291,1,130,871,3,1,3,1930,Fraîchement rénové,C,186,"Maison 3 façades de 130 m² à Hyon, 3 chambres, état : fraîchement rénové.",2026-05-23,2026-05-23,360000.0
EX0111,exemple fictif,,maison,Rue de la Station,151,7022,Hyon,50.45414,3.97291,1,130,871,3,1,3,1930,Fraîchement rénové,C,186,"Maison 3 façades de 130 m² à Hyon, 3 chambres, état : fraîchement rénové.",2026-05-23,2026-06-22,360000.0
EX0111,exemple fictif,,maison,Rue de la Station,151,7022,Hyon,50.45414,3.97291,1,130,871,3,1,3,1930,Fraîchement rénové,C,186,"Maison 3 façades de 130 m² à Hyon, 3 chambres, état : fraîchement rénové.",2026-05-23,2026-07-22,360000.0
EX0111,exemple fictif,,maison,Rue de la Station,151,7022,Hyon,50.45414,3.97291,1,130,871,3,1,3,1930,Fraîchement rénové,C,186,"Maison 3 façades de 130 m² à Hyon, 3 chambres, état : fraîchement rénové.",2026-05-23,2026-08-21,360000.0
EX0111,exemple fictif,,maison,Rue de la Station,151,7022,Hyon,50.45414,3.97291,1,130,871,3,1,3,1930,Fraîchement rénové,C,186,"Maison 3 façades de 130 m² à Hyon, 3 chambres, état : fraîchement rénové.",2026-05-23,2026-09-20,360000.0
EX0112,exemple fictif,,maison,Rue du Moulin,150,7021,Havré,50.47253,4.03499,1,104,130,3,1,2,1916,Bon,D,309,"Maison 2 façades de 104 m² à Havré, 3 chambres, état : bon.",2025-01-19,2025-01-19,181000.0
EX0112,exemple fictif,,maison,Rue du Moulin,150,7021,Havré,50.47253,4.03499,1,104,130,3,1,2,1916,Bon,D,309,"Maison 2 façades de 104 m² à Havré, 3 chambres, état : bon.",2025-01-19,2025-02-18,181000.0
EX0112,exemple fictif,,maison,Rue du Moulin,150,7021,Havré,50.47253,4.03499,1,104,130,3,1,2,1916,Bon,D,309,"Maison 2 façades de 104 m² à Havré, 3 chambres, état : bon.",2025-01-19,2025-03-20,181000.0
EX0112,exemple fictif,,maison,Rue du Moulin,150,7021,Havré,50.47253,4.03499,1,104,130,3,1,2,1916,Bon,D,309,"Maison 2 façades de 104 m² à Havré, 3 chambres, état : bon.",2025-01-19,2025-04-19,181000.0
EX0112,exemple fictif,,maison,Rue du Moulin,150,7021,Havré,50.47253,4.03499,1,104,130,3,1,2,1916,Bon,D,309,"Maison 2 façades de 104 m² à Havré, 3 chambres, état : bon.",2025-01-19,2025-05-19,181000.0
EX0112,exemple fictif,,maison,Rue du Moulin,150,7021,Havré,50.47253,4.03499,1,104,130,3,1,2,1916,Bon,D,309,"Maison 2 façades de 104 m² à Havré, 3 chambres, état : bon.",2025-01-19,2025-06-18,181000.0
EX0112,exemple fictif,,maison,Rue du Moulin,150,7021,Havré,50.47253,4.03499,1,104,130,3,1,2,1916,Bon,D,309,"Maison 2 façades de 104 m² à Havré, 3 chambres, état : bon.",2025-01-19,2025-07-18,181000.0
EX0112,exemple fictif,,maison,Rue du Moulin,150,7021,Havré,50.47253,4.03499,1,104,130,3,1,2,1916,Bon,D,309,"Maison 2 façades de 104 m² à Havré, 3 chambres, état : bon.",2025-01-19,2025-08-17,181000.0
EX0112,exemple fictif,,maison,Rue du Moulin,150,7021,Havré,50.47253,4.03499,1,104,130,3,1,2,1916,Bon,D,309,"Maison 2 façades de 104 m² à Havré, 3 chambres, état : bon.",2025-01-19,2025-09-16,181000.0
EX0112,exemple fictif,,maison,Rue du Moulin,150,7021,Havré,50.47253,4.03499,1,104,130,3,1,2,1916,Bon,D,309,"Maison 2 façades de 104 m² à Havré, 3 chambres, état : bon.",2025-01-19,2025-10-16,181000.0
EX0112,exemple fictif,,maison,Rue du Moulin,150,7021,Havré,50.47253,4.03499,1,104,130,3,1,2,1916,Bon,D,309,"Maison 2 façades de 104 m² à Havré, 3 chambres, état : bon.",2025-01-19,2025-11-15,181000.0
EX0112,exemple fictif,,maison,Rue du Moulin,150,7021,Havré,50.47253,4.03499,1,104,130,3,1,2,1916,Bon,D,309,"Maison 2 façades de 104 m² à Havré, 3 chambres, état : bon.",2025-01-19,2025-12-15,181000.0
EX0112,exemple fictif,,maison,Rue du Moulin,150,7021,Havré,50.47253,4.03499,1,104,130,3,1,2,1916,Bon,D,309,"Maison 2 façades de 104 m² à Havré, 3 chambres, état : bon.",2025-01-19,2026-01-14,181000.0
EX0112,exemple fictif,,maison,Rue du Moulin,150,7021,Havré,50.47253,4.03499,1,104,130,3,1,2,1916,Bon,D,309,"Maison 2 façades de 104 m² à Havré, 3 chambres, état : bon.",2025-01-19,2026-02-13,181000.0
EX0112,exemple fictif,,maison,Rue du Moulin,150,7021,Havré,50.47253,4.03499,1,104,130,3,1,2,1916,Bon,D,309,"Maison 2 façades de 104 m² à Havré, 3 chambres, état : bon.",2025-01-19,2026-03-15,181000.0
EX0112,exemple fictif,,maison,Rue du Moulin,150,7021,Havré,50.47253,4.03499,1,104,130,3,1,2,1916,Bon,D,309,"Maison 2 façades de 104 m² à Havré, 3 chambres, état : bon.",2025-01-19,2026-04-14,181000.0
EX0112,exemple fictif,,maison,Rue du Moulin,150,7021,Havré,50.47253,4.03499,1,104,130,3,1,2,1916,Bon,D,309,"Maison 2 façades de 104 m² à Havré, 3 chambres, état : bon.",2025-01-19,2026-05-14,181000.0
EX0112,exemple fictif,,maison,Rue du Moulin,150,7021,Havré,50.47253,4.03499,1,104,130,3,1,2,1916,Bon,D,309,"Maison 2 façades de 104 m² à Havré, 3 chambres, état : bon.",2025-01-19,2026-06-13,181000.0
EX0112,exemple fictif,,maison,Rue du Moulin,150,7021,Havré,50.47253,4.03499,1,104,130,3,1,2,1916,Bon,D,309,"Maison 2 façades de 104 m² à Havré, 3 chambres, état : bon.",2025-01-19,2026-07-13,181000.0
EX0112,exemple fictif,,maison,Rue du Moulin,150,7021,Havré,50.47253,4.03499,1,104,130,3,1,2,1916,Bon,D,309,"Maison 2 façades de 104 m² à Havré, 3 chambres, état : bon.",2025-01-19,2026-08-12,181000.0
EX0112,exemple fictif,,maison,Rue du Moulin,150,7021,Havré,50.47253,4.03499,1,104,130,3,1,2,1916,Bon,D,309,"Maison 2 façades de 104 m² à Havré, 3 chambres, état : bon.",2025-01-19,2026-09-11,181000.0
EX0113,exemple fictif,,maison,Avenue des Tilleuls,101,7050,Jurbise,50.52249,3.91443,1,121,1474,3,1,3,1916,À rénover,E,397,"Maison 3 façades de 121 m² à Jurbise, 3 chambres, état : à rénover.",2025-05-17,2025-05-17,189000.0
EX0113,exemple fictif,,maison,Avenue des Tilleuls,101,7050,Jurbise,50.52249,3.91443,1,121,1474,3,1,3,1916,À rénover,E,397,"Maison 3 façades de 121 m² à Jurbise, 3 chambres, état : à rénover.",2025-05-17,2025-06-16,189000.0
EX0114,exemple fictif,,maison,Rue des Écoles,25,7011,Ghlin,50.48231,3.91993,1,155,128,4,1,2,2014,Bon,E,374,"Maison 2 façades de 155 m² à Ghlin, 4 chambres, état : bon.",2026-09-14,2026-09-14,315000.0
EX0115,exemple fictif,,maison,Rue de la Station,159,7040,Quévy,50.38488,3.93697,1,90,252,2,1,2,1957,À rafraîchir,F,441,"Maison 2 façades de 90 m² à Quévy, 2 chambres, état : à rafraîchir.",2025-08-14,2025-08-14,157000.0
EX0115,exemple fictif,,maison,Rue de la Station,159,7040,Quévy,50.38488,3.93697,1,90,252,2,1,2,1957,À rafraîchir,F,441,"Maison 2 façades de 90 m² à Quévy, 2 chambres, état : à rafraîchir.",2025-08-14,2025-09-13,157000.0
EX0115,exemple fictif,,maison,Rue de la Station,159,7040,Quévy,50.38488,3.93697,1,90,252,2,1,2,1957,À rafraîchir,F,441,"Maison 2 façades de 90 m² à Quévy, 2 chambres, état : à rafraîchir.",2025-08-14,2025-10-13,157000.0
EX0115,exemple fictif,,maison,Rue de la Station,159,7040,Quévy,50.38488,3.93697,1,90,252,2,1,2,1957,À rafraîchir,F,441,"Maison 2 façades de 90 m² à Quévy, 2 chambres, état : à rafraîchir.",2025-08-14,2025-11-12,157000.0
EX0115,exemple fictif,,maison,Rue de la Station,159,7040,Quévy,50.38488,3.93697,1,90,252,2,1,2,1957,À rafraîchir,F,441,"Maison 2 façades de 90 m² à Quévy, 2 chambres, état : à rafraîchir.",2025-08-14,2025-12-12,157000.0
EX0115,exemple fictif,,maison,Rue de la Station,159,7040,Quévy,50.38488,3.93697,1,90,252,2,1,2,1957,À rafraîchir,F,441,"Maison 2 façades de 90 m² à Quévy, 2 chambres, état : à rafraîchir.",2025-08-14,2026-01-11,157000.0
EX0115,exemple fictif,,maison,Rue de la Station,159,7040,Quévy,50.38488,3.93697,1,90,252,2,1,2,1957,À rafraîchir,F,441,"Maison 2 façades de 90 m² à Quévy, 2 chambres, état : à rafraîchir.",2025-08-14,2026-02-10,157000.0
EX0115,exemple fictif,,maison,Rue de la Station,159,7040,Quévy,50.38488,3.93697,1,90,252,2,1,2,1957,À rafraîchir,F,441,"Maison 2 façades de 90 m² à Quévy, 2 chambres, état : à rafraîchir.",2025-08-14,2026-03-12,157000.0
EX0115,exemple fictif,,maison,Rue de la Station,159,7040,Quévy,50.38488,3.93697,1,90,252,2,1,2,1957,À rafraîchir,F,441,"Maison 2 façades de 90 m² à Quévy, 2 chambres, état : à rafraîchir.",2025-08-14,2026-04-11,157000.0
EX0115,exemple fictif,,maison,Rue de la Station,159,7040,Quévy,50.38488,3.93697,1,90,252,2,1,2,1957,À rafraîchir,F,441,"Maison 2 façades de 90 m² à Quévy, 2 chambres, état : à rafraîchir.",2025-08-14,2026-05-11,157000.0
EX0115,exemple fictif,,maison,Rue de la Station,159,7040,Quévy,50.38488,3.93697,1,90,252,2,1,2,1957,À rafraîchir,F,441,"Maison 2 façades de 90 m² à Quévy, 2 chambres, état : à rafraîchir.",2025-08-14,2026-06-10,157000.0
EX0115,exemple fictif,,maison,Rue de la Station,159,7040,Quévy,50.38488,3.93697,1,90,252,2,1,2,1957,À rafraîchir,F,441,"Maison 2 façades de 90 m² à Quévy, 2 chambres, état : à rafraîchir.",2025-08-14,2026-07-10,157000.0
EX0115,exemple fictif,,maison,Rue de la Station,159,7040,Quévy,50.38488,3.93697,1,90,252,2,1,2,1957,À rafraîchir,F,441,"Maison 2 façades de 90 m² à Quévy, 2 chambres, état : à rafraîchir.",2025-08-14,2026-08-09,157000.0
EX0115,exemple fictif,,maison,Rue de la Station,159,7040,Quévy,50.38488,3.93697,1,90,252,2,1,2,1957,À rafraîchir,F,441,"Maison 2 façades de 90 m² à Quévy, 2 chambres, état : à rafraîchir.",2025-08-14,2026-09-08,157000.0
EX0116,exemple fictif,,maison,Avenue des Tilleuls,96,7012,Jemappes,50.4535,3.88836,1,151,96,5,1,2,1952,À rafraîchir,F,465,"Maison 2 façades de 151 m² à Jemappes, 5 chambres, état : à rafraîchir.",2024-12-21,2024-12-21,204000.0
EX0116,exemple fictif,,maison,Avenue des Tilleuls,96,7012,Jemappes,50.4535,3.88836,1,151,96,5,1,2,1952,À rafraîchir,F,465,"Maison 2 façades de 151 m² à Jemappes, 5 chambres, état : à rafraîchir.",2024-12-21,2025-01-20,204000.0
EX0117,exemple fictif,,maison,Rue de l'Église,112,7330,Saint-Ghislain,50.445,3.80558,1,122,264,3,1,2,1903,Bon,D,328,"Maison 2 façades de 122 m² à Saint-Ghislain, 3 chambres, état : bon.",2025-08-23,2025-08-23,205000.0
EX0117,exemple fictif,,maison,Rue de l'Église,112,7330,Saint-Ghislain,50.445,3.80558,1,122,264,3,1,2,1903,Bon,D,328,"Maison 2 façades de 122 m² à Saint-Ghislain, 3 chambres, état : bon.",2025-08-23,2025-09-22,205000.0
EX0117,exemple fictif,,maison,Rue de l'Église,112,7330,Saint-Ghislain,50.445,3.80558,1,122,264,3,1,2,1903,Bon,D,328,"Maison 2 façades de 122 m² à Saint-Ghislain, 3 chambres, état : bon.",2025-08-23,2025-10-22,205000.0
EX0117,exemple fictif,,maison,Rue de l'Église,112,7330,Saint-Ghislain,50.445,3.80558,1,122,264,3,1,2,1903,Bon,D,328,"Maison 2 façades de 122 m² à Saint-Ghislain, 3 chambres, état : bon.",2025-08-23,2025-11-21,205000.0
EX0117,exemple fictif,,maison,Rue de l'Église,112,7330,Saint-Ghislain,50.445,3.80558,1,122,264,3,1,2,1903,Bon,D,328,"Maison 2 façades de 122 m² à Saint-Ghislain, 3 chambres, état : bon.",2025-08-23,2025-12-21,205000.0
EX0117,exemple fictif,,maison,Rue de l'Église,112,7330,Saint-Ghislain,50.445,3.80558,1,122,264,3,1,2,1903,Bon,D,328,"Maison 2 façades de 122 m² à Saint-Ghislain, 3 chambres, état : bon.",2025-08-23,2026-01-20,205000.0
EX0118,exemple fictif,,maison,Rue du Moulin,42,7390,Quaregnon,50.44586,3.88042,1,95,641,3,1,3,1982,À rafraîchir,B,109,"Maison 3 façades de 95 m² à Quaregnon, 3 chambres, état : à rafraîchir.",2025-01-16,2025-01-16,120000.0
EX0118,exemple fictif,,maison,Rue du Moulin,42,7390,Quaregnon,50.44586,3.88042,1,95,641,3,1,3,1982,À rafraîchir,B,109,"Maison 3 façades de 95 m² à Quaregnon, 3 chambres, état : à rafraîchir.",2025-01-16,2025-02-15,120000.0
EX0118,exemple fictif,,maison,Rue du Moulin,42,7390,Quaregnon,50.44586,3.88042,1,95,641,3,1,3,1982,À rafraîchir,B,109,"Maison 3 façades de 95 m² à Quaregnon, 3 chambres, état : à rafraîchir.",2025-01-16,2025-03-17,120000.0
EX0118,exemple fictif,,maison,Rue du Moulin,42,7390,Quaregnon,50.44586,3.88042,1,95,641,3,1,3,1982,À rafraîchir,B,109,"Maison 3 façades de 95 m² à Quaregnon, 3 chambres, état : à rafraîchir.",2025-01-16,2025-04-16,120000.0
EX0118,exemple fictif,,maison,Rue du Moulin,42,7390,Quaregnon,50.44586,3.88042,1,95,641,3,1,3,1982,À rafraîchir,B,109,"Maison 3 façades de 95 m² à Quaregnon, 3 chambres, état : à rafraîchir.",2025-01-16,2025-05-16,120000.0
EX0118,exemple fictif,,maison,Rue du Moulin,42,7390,Quaregnon,50.44586,3.88042,1,95,641,3,1,3,1982,À rafraîchir,B,109,"Maison 3 façades de 95 m² à Quaregnon, 3 chambres, état : à rafraîchir.",2025-01-16,2025-06-15,112000.0
EX0118,exemple fictif,,maison,Rue du Moulin,42,7390,Quaregnon,50.44586,3.88042,1,95,641,3,1,3,1982,À rafraîchir,B,109,"Maison 3 façades de 95 m² à Quaregnon, 3 chambres, état : à rafraîchir.",2025-01-16,2025-07-15,107000.0
EX0118,exemple fictif,,maison,Rue du Moulin,42,7390,Quaregnon,50.44586,3.88042,1,95,641,3,1,3,1982,À rafraîchir,B,109,"Maison 3 façades de 95 m² à Quaregnon, 3 chambres, état : à rafraîchir.",2025-01-16,2025-08-14,107000.0
EX0118,exemple fictif,,maison,Rue du Moulin,42,7390,Quaregnon,50.44586,3.88042,1,95,641,3,1,3,1982,À rafraîchir,B,109,"Maison 3 façades de 95 m² à Quaregnon, 3 chambres, état : à rafraîchir.",2025-01-16,2025-09-13,103000.0
EX0118,exemple fictif,,maison,Rue du Moulin,42,7390,Quaregnon,50.44586,3.88042,1,95,641,3,1,3,1982,À rafraîchir,B,109,"Maison 3 façades de 95 m² à Quaregnon, 3 chambres, état : à rafraîchir.",2025-01-16,2025-10-13,103000.0
EX0118,exemple fictif,,maison,Rue du Moulin,42,7390,Quaregnon,50.44586,3.88042,1,95,641,3,1,3,1982,À rafraîchir,B,109,"Maison 3 façades de 95 m² à Quaregnon, 3 chambres, état : à rafraîchir.",2025-01-16,2025-11-12,103000.0
EX0118,exemple fictif,,maison,Rue du Moulin,42,7390,Quaregnon,50.44586,3.88042,1,95,641,3,1,3,1982,À rafraîchir,B,109,"Maison 3 façades de 95 m² à Quaregnon, 3 chambres, état : à rafraîchir.",2025-01-16,2025-12-12,103000.0
EX0118,exemple fictif,,maison,Rue du Moulin,42,7390,Quaregnon,50.44586,3.88042,1,95,641,3,1,3,1982,À rafraîchir,B,109,"Maison 3 façades de 95 m² à Quaregnon, 3 chambres, état : à rafraîchir.",2025-01-16,2026-01-11,103000.0
EX0118,exemple fictif,,maison,Rue du Moulin,42,7390,Quaregnon,50.44586,3.88042,1,95,641,3,1,3,1982,À rafraîchir,B,109,"Maison 3 façades de 95 m² à Quaregnon, 3 chambres, état : à rafraîchir.",2025-01-16,2026-02-10,98000.0
EX0118,exemple fictif,,maison,Rue du Moulin,42,7390,Quaregnon,50.44586,3.88042,1,95,641,3,1,3,1982,À rafraîchir,B,109,"Maison 3 façades de 95 m² à Quaregnon, 3 chambres, état : à rafraîchir.",2025-01-16,2026-03-12,98000.0
EX0118,exemple fictif,,maison,Rue du Moulin,42,7390,Quaregnon,50.44586,3.88042,1,95,641,3,1,3,1982,À rafraîchir,B,109,"Maison 3 façades de 95 m² à Quaregnon, 3 chambres, état : à rafraîchir.",2025-01-16,2026-04-11,98000.0
EX0118,exemple fictif,,maison,Rue du Moulin,42,7390,Quaregnon,50.44586,3.88042,1,95,641,3,1,3,1982,À rafraîchir,B,109,"Maison 3 façades de 95 m² à Quaregnon, 3 chambres, état : à rafraîchir.",2025-01-16,2026-05-11,90000.0
EX0118,exemple fictif,,maison,Rue du Moulin,42,7390,Quaregnon,50.44586,3.88042,1,95,641,3,1,3,1982,À rafraîchir,B,109,"Maison 3 façades de 95 m² à Quaregnon, 3 chambres, état : à rafraîchir.",2025-01-16,2026-06-10,90000.0
EX0118,exemple fictif,,maison,Rue du Moulin,42,7390,Quaregnon,50.44586,3.88042,1,95,641,3,1,3,1982,À rafraîchir,B,109,"Maison 3 façades de 95 m² à Quaregnon, 3 chambres, état : à rafraîchir.",2025-01-16,2026-07-10,90000.0
EX0118,exemple fictif,,maison,Rue du Moulin,42,7390,Quaregnon,50.44586,3.88042,1,95,641,3,1,3,1982,À rafraîchir,B,109,"Maison 3 façades de 95 m² à Quaregnon, 3 chambres, état : à rafraîchir.",2025-01-16,2026-08-09,90000.0
EX0118,exemple fictif,,maison,Rue du Moulin,42,7390,Quaregnon,50.44586,3.88042,1,95,641,3,1,3,1982,À rafraîchir,B,109,"Maison 3 façades de 95 m² à Quaregnon, 3 chambres, état : à rafraîchir.",2025-01-16,2026-09-08,90000.0
EX0119,exemple fictif,,maison,Avenue des Tilleuls,180,7012,Jemappes,50.46071,3.88103,1,134,84,4,1,2,1902,Bon,F,447,"Maison 2 façades de 134 m² à Jemappes, 4 chambres, état : bon.",2025-04-06,2025-04-06,181000.0
EX0119,exemple fictif,,maison,Avenue des Tilleuls,180,7012,Jemappes,50.46071,3.88103,1,134,84,4,1,2,1902,Bon,F,447,"Maison 2 façades de 134 m² à Jemappes, 4 chambres, état : bon.",2025-04-06,2025-05-06,181000.0
EX0119,exemple fictif,,maison,Avenue des Tilleuls,180,7012,Jemappes,50.46071,3.88103,1,134,84,4,1,2,1902,Bon,F,447,"Maison 2 façades de 134 m² à Jemappes, 4 chambres, état : bon.",2025-04-06,2025-06-05,181000.0
EX0119,exemple fictif,,maison,Avenue des Tilleuls,180,7012,Jemappes,50.46071,3.88103,1,134,84,4,1,2,1902,Bon,F,447,"Maison 2 façades de 134 m² à Jemappes, 4 chambres, état : bon.",2025-04-06,2025-07-05,181000.0
EX0119,exemple fictif,,maison,Avenue des Tilleuls,180,7012,Jemappes,50.46071,3.88103,1,134,84,4,1,2,1902,Bon,F,447,"Maison 2 façades de 134 m² à Jemappes, 4 chambres, état : bon.",2025-04-06,2025-08-04,181000.0
EX0119,exemple fictif,,maison,Avenue des Tilleuls,180,7012,Jemappes,50.46071,3.88103,1,134,84,4,1,2,1902,Bon,F,447,"Maison 2 façades de 134 m² à Jemappes, 4 chambres, état : bon.",2025-04-06,2025-09-03,181000.0
EX0119,exemple fictif,,maison,Avenue des Tilleuls,180,7012,Jemappes,50.46071,3.88103,1,134,84,4,1,2,1902,Bon,F,447,"Maison 2 façades de 134 m² à Jemappes, 4 chambres, état : bon.",2025-04-06,2025-10-03,181000.0
EX0119,exemple fictif,,maison,Avenue des Tilleuls,180,7012,Jemappes,50.46071,3.88103,1,134,84,4,1,2,1902,Bon,F,447,"Maison 2 façades de 134 m² à Jemappes, 4 chambres, état : bon.",2025-04-06,2025-11-02,181000.0
EX0119,exemple fictif,,maison,Avenue des Tilleuls,180,7012,Jemappes,50.46071,3.88103,1,134,84,4,1,2,1902,Bon,F,447,"Maison 2 façades de 134 m² à Jemappes, 4 chambres, état : bon.",2025-04-06,2025-12-02,181000.0
EX0119,exemple fictif,,maison,Avenue des Tilleuls,180,7012,Jemappes,50.46071,3.88103,1,134,84,4,1,2,1902,Bon,F,447,"Maison 2 façades de 134 m² à Jemappes, 4 chambres, état : bon.",2025-04-06,2026-01-01,181000.0
EX0119,exemple fictif,,maison,Avenue des Tilleuls,180,7012,Jemappes,50.46071,3.88103,1,134,84,4,1,2,1902,Bon,F,447,"Maison 2 façades de 134 m² à Jemappes, 4 chambres, état : bon.",2025-04-06,2026-01-31,181000.0
EX0119,exemple fictif,,maison,Avenue des Tilleuls,180,7012,Jemappes,50.46071,3.88103,1,134,84,4,1,2,1902,Bon,F,447,"Maison 2 façades de 134 m² à Jemappes, 4 chambres, état : bon.",2025-04-06,2026-03-02,181000.0
EX0119,exemple fictif,,maison,Avenue des Tilleuls,180,7012,Jemappes,50.46071,3.88103,1,134,84,4,1,2,1902,Bon,F,447,"Maison 2 façades de 134 m² à Jemappes, 4 chambres, état : bon.",2025-04-06,2026-04-01,181000.0
EX0119,exemple fictif,,maison,Avenue des Tilleuls,180,7012,Jemappes,50.46071,3.88103,1,134,84,4,1,2,1902,Bon,F,447,"Maison 2 façades de 134 m² à Jemappes, 4 chambres, état : bon.",2025-04-06,2026-05-01,181000.0
EX0119,exemple fictif,,maison,Avenue des Tilleuls,180,7012,Jemappes,50.46071,3.88103,1,134,84,4,1,2,1902,Bon,F,447,"Maison 2 façades de 134 m² à Jemappes, 4 chambres, état : bon.",2025-04-06,2026-05-31,181000.0
EX0119,exemple fictif,,maison,Avenue des Tilleuls,180,7012,Jemappes,50.46071,3.88103,1,134,84,4,1,2,1902,Bon,F,447,"Maison 2 façades de 134 m² à Jemappes, 4 chambres, état : bon.",2025-04-06,2026-06-30,181000.0
EX0119,exemple fictif,,maison,Avenue des Tilleuls,180,7012,Jemappes,50.46071,3.88103,1,134,84,4,1,2,1902,Bon,F,447,"Maison 2 façades de 134 m² à Jemappes, 4 chambres, état : bon.",2025-04-06,2026-07-30,181000.0
EX0119,exemple fictif,,maison,Avenue des Tilleuls,180,7012,Jemappes,50.46071,3.88103,1,134,84,4,1,2,1902,Bon,F,447,"Maison 2 façades de 134 m² à Jemappes, 4 chambres, état : bon.",2025-04-06,2026-08-29,181000.0
EX0119,exemple fictif,,maison,Avenue des Tilleuls,180,7012,Jemappes,50.46071,3.88103,1,134,84,4,1,2,1902,Bon,F,447,"Maison 2 façades de 134 m² à Jemappes, 4 chambres, état : bon.",2025-04-06,2026-09-28,181000.0
EX0120,exemple fictif,,maison,Rue des Écoles,148,7390,Quaregnon,50.43195,3.87902,1,138,106,3,1,2,1961,Bon,G,586,"Maison 2 façades de 138 m² à Quaregnon, 3 chambres, état : bon.",2026-01-09,2026-01-09,174000.0
EX0120,exemple fictif,,maison,Rue des Écoles,148,7390,Quaregnon,50.43195,3.87902,1,138,106,3,1,2,1961,Bon,G,586,"Maison 2 façades de 138 m² à Quaregnon, 3 chambres, état : bon.",2026-01-09,2026-02-08,174000.0
EX0120,exemple fictif,,maison,Rue des Écoles,148,7390,Quaregnon,50.43195,3.87902,1,138,106,3,1,2,1961,Bon,G,586,"Maison 2 façades de 138 m² à Quaregnon, 3 chambres, état : bon.",2026-01-09,2026-03-10,174000.0
EX0120,exemple fictif,,maison,Rue des Écoles,148,7390,Quaregnon,50.43195,3.87902,1,138,106,3,1,2,1961,Bon,G,586,"Maison 2 façades de 138 m² à Quaregnon, 3 chambres, état : bon.",2026-01-09,2026-04-09,174000.0
EX0120,exemple fictif,,maison,Rue des Écoles,148,7390,Quaregnon,50.43195,3.87902,1,138,106,3,1,2,1961,Bon,G,586,"Maison 2 façades de 138 m² à Quaregnon, 3 chambres, état : bon.",2026-01-09,2026-05-09,174000.0
EX0120,exemple fictif,,maison,Rue des Écoles,148,7390,Quaregnon,50.43195,3.87902,1,138,106,3,1,2,1961,Bon,G,586,"Maison 2 façades de 138 m² à Quaregnon, 3 chambres, état : bon.",2026-01-09,2026-06-08,174000.0
EX0120,exemple fictif,,maison,Rue des Écoles,148,7390,Quaregnon,50.43195,3.87902,1,138,106,3,1,2,1961,Bon,G,586,"Maison 2 façades de 138 m² à Quaregnon, 3 chambres, état : bon.",2026-01-09,2026-07-08,174000.0
EX0120,exemple fictif,,maison,Rue des Écoles,148,7390,Quaregnon,50.43195,3.87902,1,138,106,3,1,2,1961,Bon,G,586,"Maison 2 façades de 138 m² à Quaregnon, 3 chambres, état : bon.",2026-01-09,2026-08-07,174000.0
EX0121,exemple fictif,,maison,Rue des Écoles,143,7000,Mons,50.46678,3.94513,1,171,119,4,2,2,1917,Bon,F,480,"Maison 2 façades de 171 m² à Mons, 4 chambres, état : bon.",2025-09-03,2025-09-03,352000.0
EX0121,exemple fictif,,maison,Rue des Écoles,143,7000,Mons,50.46678,3.94513,1,171,119,4,2,2,1917,Bon,F,480,"Maison 2 façades de 171 m² à Mons, 4 chambres, état : bon.",2025-09-03,2025-10-03,352000.0
EX0121,exemple fictif,,maison,Rue des Écoles,143,7000,Mons,50.46678,3.94513,1,171,119,4,2,2,1917,Bon,F,480,"Maison 2 façades de 171 m² à Mons, 4 chambres, état : bon.",2025-09-03,2025-11-02,352000.0
EX0121,exemple fictif,,maison,Rue des Écoles,143,7000,Mons,50.46678,3.94513,1,171,119,4,2,2,1917,Bon,F,480,"Maison 2 façades de 171 m² à Mons, 4 chambres, état : bon.",2025-09-03,2025-12-02,352000.0
EX0121,exemple fictif,,maison,Rue des Écoles,143,7000,Mons,50.46678,3.94513,1,171,119,4,2,2,1917,Bon,F,480,"Maison 2 façades de 171 m² à Mons, 4 chambres, état : bon.",2025-09-03,2026-01-01,352000.0
EX0121,exemple fictif,,maison,Rue des Écoles,143,7000,Mons,50.46678,3.94513,1,171,119,4,2,2,1917,Bon,F,480,"Maison 2 façades de 171 m² à Mons, 4 chambres, état : bon.",2025-09-03,2026-01-31,352000.0
EX0121,exemple fictif,,maison,Rue des Écoles,143,7000,Mons,50.46678,3.94513,1,171,119,4,2,2,1917,Bon,F,480,"Maison 2 façades de 171 m² à Mons, 4 chambres, état : bon.",2025-09-03,2026-03-02,352000.0
EX0121,exemple fictif,,maison,Rue des Écoles,143,7000,Mons,50.46678,3.94513,1,171,119,4,2,2,1917,Bon,F,480,"Maison 2 façades de 171 m² à Mons, 4 chambres, état : bon.",2025-09-03,2026-04-01,352000.0
EX0122,exemple fictif,,maison,Rue de l'Église,52,7033,Cuesmes,50.43717,3.91376,1,190,647,5,2,3,1939,À rafraîchir,E,380,"Maison 3 façades de 190 m² à Cuesmes, 5 chambres, état : à rafraîchir.",2026-06-05,2026-06-05,287000.0
EX0122,exemple fictif,,maison,Rue de l'Église,52,7033,Cuesmes,50.43717,3.91376,1,190,647,5,2,3,1939,À rafraîchir,E,380,"Maison 3 façades de 190 m² à Cuesmes, 5 chambres, état : à rafraîchir.",2026-06-05,2026-07-05,287000.0
EX0122,exemple fictif,,maison,Rue de l'Église,52,7033,Cuesmes,50.43717,3.91376,1,190,647,5,2,3,1939,À rafraîchir,E,380,"Maison 3 façades de 190 m² à Cuesmes, 5 chambres, état : à rafraîchir.",2026-06-05,2026-08-04,287000.0
EX0122,exemple fictif,,maison,Rue de l'Église,52,7033,Cuesmes,50.43717,3.91376,1,190,647,5,2,3,1939,À rafraîchir,E,380,"Maison 3 façades de 190 m² à Cuesmes, 5 chambres, état : à rafraîchir.",2026-06-05,2026-09-03,287000.0
EX0122,exemple fictif,,maison,Rue de l'Église,52,7033,Cuesmes,50.43717,3.91376,1,190,647,5,2,3,1939,À rafraîchir,E,380,"Maison 3 façades de 190 m² à Cuesmes, 5 chambres, état : à rafraîchir.",2026-06-05,2026-10-03,287000.0
EX0123,exemple fictif,,maison,Rue de la Station,110,7020,Nimy,50.47715,3.92865,1,115,206,3,1,2,2023,Bon,F,485,"Maison 2 façades de 115 m² à Nimy, 3 chambres, état : bon.",2024-09-20,2024-09-20,204000.0
EX0123,exemple fictif,,maison,Rue de la Station,110,7020,Nimy,50.47715,3.92865,1,115,206,3,1,2,2023,Bon,F,485,"Maison 2 façades de 115 m² à Nimy, 3 chambres, état : bon.",2024-09-20,2024-10-20,204000.0
EX0123,exemple fictif,,maison,Rue de la Station,110,7020,Nimy,50.47715,3.92865,1,115,206,3,1,2,2023,Bon,F,485,"Maison 2 façades de 115 m² à Nimy, 3 chambres, état : bon.",2024-09-20,2024-11-19,204000.0
EX0123,exemple fictif,,maison,Rue de la Station,110,7020,Nimy,50.47715,3.92865,1,115,206,3,1,2,2023,Bon,F,485,"Maison 2 façades de 115 m² à Nimy, 3 chambres, état : bon.",2024-09-20,2024-12-19,204000.0
EX0123,exemple fictif,,maison,Rue de la Station,110,7020,Nimy,50.47715,3.92865,1,115,206,3,1,2,2023,Bon,F,485,"Maison 2 façades de 115 m² à Nimy, 3 chambres, état : bon.",2024-09-20,2025-01-18,204000.0
EX0123,exemple fictif,,maison,Rue de la Station,110,7020,Nimy,50.47715,3.92865,1,115,206,3,1,2,2023,Bon,F,485,"Maison 2 façades de 115 m² à Nimy, 3 chambres, état : bon.",2024-09-20,2025-02-17,204000.0
EX0123,exemple fictif,,maison,Rue de la Station,110,7020,Nimy,50.47715,3.92865,1,115,206,3,1,2,2023,Bon,F,485,"Maison 2 façades de 115 m² à Nimy, 3 chambres, état : bon.",2024-09-20,2025-03-19,204000.0
EX0123,exemple fictif,,maison,Rue de la Station,110,7020,Nimy,50.47715,3.92865,1,115,206,3,1,2,2023,Bon,F,485,"Maison 2 façades de 115 m² à Nimy, 3 chambres, état : bon.",2024-09-20,2025-04-18,204000.0
EX0123,exemple fictif,,maison,Rue de la Station,110,7020,Nimy,50.47715,3.92865,1,115,206,3,1,2,2023,Bon,F,485,"Maison 2 façades de 115 m² à Nimy, 3 chambres, état : bon.",2024-09-20,2025-05-18,204000.0
EX0123,exemple fictif,,maison,Rue de la Station,110,7020,Nimy,50.47715,3.92865,1,115,206,3,1,2,2023,Bon,F,485,"Maison 2 façades de 115 m² à Nimy, 3 chambres, état : bon.",2024-09-20,2025-06-17,204000.0
EX0123,exemple fictif,,maison,Rue de la Station,110,7020,Nimy,50.47715,3.92865,1,115,206,3,1,2,2023,Bon,F,485,"Maison 2 façades de 115 m² à Nimy, 3 chambres, état : bon.",2024-09-20,2025-07-17,204000.0
EX0123,exemple fictif,,maison,Rue de la Station,110,7020,Nimy,50.47715,3.92865,1,115,206,3,1,2,2023,Bon,F,485,"Maison 2 façades de 115 m² à Nimy, 3 chambres, état : bon.",2024-09-20,2025-08-16,204000.0
EX0123,exemple fictif,,maison,Rue de la Station,110,7020,Nimy,50.47715,3.92865,1,115,206,3,1,2,2023,Bon,F,485,"Maison 2 façades de 115 m² à Nimy, 3 chambres, état : bon.",2024-09-20,2025-09-15,204000.0
EX0123,exemple fictif,,maison,Rue de la Station,110,7020,Nimy,50.47715,3.92865,1,115,206,3,1,2,2023,Bon,F,485,"Maison 2 façades de 115 m² à Nimy, 3 chambres, état : bon.",2024-09-20,2025-10-15,204000.0
EX0124,exemple fictif,,maison,Rue du Moulin,188,7012,Jemappes,50.44641,3.88949,1,126,286,3,1,2,1987,Fraîchement rénové,A,56,"Maison 2 façades de 126 m² à Jemappes, 3 chambres, état : fraîchement rénové.",2025-05-20,2025-05-20,212000.0
EX0124,exemple fictif,,maison,Rue du Moulin,188,7012,Jemappes,50.44641,3.88949,1,126,286,3,1,2,1987,Fraîchement rénové,A,56,"Maison 2 façades de 126 m² à Jemappes, 3 chambres, état : fraîchement rénové.",2025-05-20,2025-06-19,212000.0
EX0124,exemple fictif,,maison,Rue du Moulin,188,7012,Jemappes,50.44641,3.88949,1,126,286,3,1,2,1987,Fraîchement rénové,A,56,"Maison 2 façades de 126 m² à Jemappes, 3 chambres, état : fraîchement rénové.",2025-05-20,2025-07-19,212000.0
EX0124,exemple fictif,,maison,Rue du Moulin,188,7012,Jemappes,50.44641,3.88949,1,126,286,3,1,2,1987,Fraîchement rénové,A,56,"Maison 2 façades de 126 m² à Jemappes, 3 chambres, état : fraîchement rénové.",2025-05-20,2025-08-18,212000.0
EX0124,exemple fictif,,maison,Rue du Moulin,188,7012,Jemappes,50.44641,3.88949,1,126,286,3,1,2,1987,Fraîchement rénové,A,56,"Maison 2 façades de 126 m² à Jemappes, 3 chambres, état : fraîchement rénové.",2025-05-20,2025-09-17,212000.0
EX0124,exemple fictif,,maison,Rue du Moulin,188,7012,Jemappes,50.44641,3.88949,1,126,286,3,1,2,1987,Fraîchement rénové,A,56,"Maison 2 façades de 126 m² à Jemappes, 3 chambres, état : fraîchement rénové.",2025-05-20,2025-10-17,212000.0
EX0124,exemple fictif,,maison,Rue du Moulin,188,7012,Jemappes,50.44641,3.88949,1,126,286,3,1,2,1987,Fraîchement rénové,A,56,"Maison 2 façades de 126 m² à Jemappes, 3 chambres, état : fraîchement rénové.",2025-05-20,2025-11-16,212000.0
EX0124,exemple fictif,,maison,Rue du Moulin,188,7012,Jemappes,50.44641,3.88949,1,126,286,3,1,2,1987,Fraîchement rénové,A,56,"Maison 2 façades de 126 m² à Jemappes, 3 chambres, état : fraîchement rénové.",2025-05-20,2025-12-16,212000.0
EX0124,exemple fictif,,maison,Rue du Moulin,188,7012,Jemappes,50.44641,3.88949,1,126,286,3,1,2,1987,Fraîchement rénové,A,56,"Maison 2 façades de 126 m² à Jemappes, 3 chambres, état : fraîchement rénové.",2025-05-20,2026-01-15,212000.0
EX0124,exemple fictif,,maison,Rue du Moulin,188,7012,Jemappes,50.44641,3.88949,1,126,286,3,1,2,1987,Fraîchement rénové,A,56,"Maison 2 façades de 126 m² à Jemappes, 3 chambres, état : fraîchement rénové.",2025-05-20,2026-02-14,212000.0
EX0124,exemple fictif,,maison,Rue du Moulin,188,7012,Jemappes,50.44641,3.88949,1,126,286,3,1,2,1987,Fraîchement rénové,A,56,"Maison 2 façades de 126 m² à Jemappes, 3 chambres, état : fraîchement rénové.",2025-05-20,2026-03-16,212000.0
EX0124,exemple fictif,,maison,Rue du Moulin,188,7012,Jemappes,50.44641,3.88949,1,126,286,3,1,2,1987,Fraîchement rénové,A,56,"Maison 2 façades de 126 m² à Jemappes, 3 chambres, état : fraîchement rénové.",2025-05-20,2026-04-15,212000.0
EX0124,exemple fictif,,maison,Rue du Moulin,188,7012,Jemappes,50.44641,3.88949,1,126,286,3,1,2,1987,Fraîchement rénové,A,56,"Maison 2 façades de 126 m² à Jemappes, 3 chambres, état : fraîchement rénové.",2025-05-20,2026-05-15,212000.0
EX0124,exemple fictif,,maison,Rue du Moulin,188,7012,Jemappes,50.44641,3.88949,1,126,286,3,1,2,1987,Fraîchement rénové,A,56,"Maison 2 façades de 126 m² à Jemappes, 3 chambres, état : fraîchement rénové.",2025-05-20,2026-06-14,212000.0
EX0124,exemple fictif,,maison,Rue du Moulin,188,7012,Jemappes,50.44641,3.88949,1,126,286,3,1,2,1987,Fraîchement rénové,A,56,"Maison 2 façades de 126 m² à Jemappes, 3 chambres, état : fraîchement rénové.",2025-05-20,2026-07-14,212000.0
EX0124,exemple fictif,,maison,Rue du Moulin,188,7012,Jemappes,50.44641,3.88949,1,126,286,3,1,2,1987,Fraîchement rénové,A,56,"Maison 2 façades de 126 m² à Jemappes, 3 chambres, état : fraîchement rénové.",2025-05-20,2026-08-13,212000.0
EX0124,exemple fictif,,maison,Rue du Moulin,188,7012,Jemappes,50.44641,3.88949,1,126,286,3,1,2,1987,Fraîchement rénové,A,56,"Maison 2 façades de 126 m² à Jemappes, 3 chambres, état : fraîchement rénové.",2025-05-20,2026-09-12,212000.0
EX0125,exemple fictif,,maison,Rue du Moulin,52,7011,Ghlin,50.48993,3.91371,1,175,450,4,2,4,1938,Bon,E,366,"Maison 4 façades de 175 m² à Ghlin, 4 chambres, état : bon.",2024-08-19,2024-08-19,410000.0
EX0125,exemple fictif,,maison,Rue du Moulin,52,7011,Ghlin,50.48993,3.91371,1,175,450,4,2,4,1938,Bon,E,366,"Maison 4 façades de 175 m² à Ghlin, 4 chambres, état : bon.",2024-08-19,2024-09-18,410000.0
EX0125,exemple fictif,,maison,Rue du Moulin,52,7011,Ghlin,50.48993,3.91371,1,175,450,4,2,4,1938,Bon,E,366,"Maison 4 façades de 175 m² à Ghlin, 4 chambres, état : bon.",2024-08-19,2024-10-18,388000.0
EX0126,exemple fictif,,maison,Rue des Écoles,90,7080,Frameries,50.40328,3.88683,1,152,462,3,1,4,1918,Comme neuf,B,107,"Maison 4 façades de 152 m² à Frameries, 3 chambres, état : comme neuf.",2026-02-11,2026-02-11,326000.0
EX0126,exemple fictif,,maison,Rue des Écoles,90,7080,Frameries,50.40328,3.88683,1,152,462,3,1,4,1918,Comme neuf,B,107,"Maison 4 façades de 152 m² à Frameries, 3 chambres, état : comme neuf.",2026-02-11,2026-03-13,326000.0
EX0126,exemple fictif,,maison,Rue des Écoles,90,7080,Frameries,50.40328,3.88683,1,152,462,3,1,4,1918,Comme neuf,B,107,"Maison 4 façades de 152 m² à Frameries, 3 chambres, état : comme neuf.",2026-02-11,2026-04-12,326000.0
EX0126,exemple fictif,,maison,Rue des Écoles,90,7080,Frameries,50.40328,3.88683,1,152,462,3,1,4,1918,Comme neuf,B,107,"Maison 4 façades de 152 m² à Frameries, 3 chambres, état : comme neuf.",2026-02-11,2026-05-12,326000.0
EX0126,exemple fictif,,maison,Rue des Écoles,90,7080,Frameries,50.40328,3.88683,1,152,462,3,1,4,1918,Comme neuf,B,107,"Maison 4 façades de 152 m² à Frameries, 3 chambres, état : comme neuf.",2026-02-11,2026-06-11,326000.0
EX0126,exemple fictif,,maison,Rue des Écoles,90,7080,Frameries,50.40328,3.88683,1,152,462,3,1,4,1918,Comme neuf,B,107,"Maison 4 façades de 152 m² à Frameries, 3 chambres, état : comme neuf.",2026-02-11,2026-07-11,326000.0
EX0126,exemple fictif,,maison,Rue des Écoles,90,7080,Frameries,50.40328,3.88683,1,152,462,3,1,4,1918,Comme neuf,B,107,"Maison 4 façades de 152 m² à Frameries, 3 chambres, état : comme neuf.",2026-02-11,2026-08-10,326000.0
EX0126,exemple fictif,,maison,Rue des Écoles,90,7080,Frameries,50.40328,3.88683,1,152,462,3,1,4,1918,Comme neuf,B,107,"Maison 4 façades de 152 m² à Frameries, 3 chambres, état : comme neuf.",2026-02-11,2026-09-09,326000.0
EX0127,exemple fictif,,maison,Rue de l'Église,50,7340,Colfontaine,50.41536,3.84411,1,200,852,5,2,3,1975,À restaurer,E,409,"Maison 3 façades de 200 m² à Colfontaine, 5 chambres, état : à restaurer.",2024-10-17,2024-10-17,171000.0
EX0127,exemple fictif,,maison,Rue de l'Église,50,7340,Colfontaine,50.41536,3.84411,1,200,852,5,2,3,1975,À restaurer,E,409,"Maison 3 façades de 200 m² à Colfontaine, 5 chambres, état : à restaurer.",2024-10-17,2024-11-16,171000.0
EX0127,exemple fictif,,maison,Rue de l'Église,50,7340,Colfontaine,50.41536,3.84411,1,200,852,5,2,3,1975,À restaurer,E,409,"Maison 3 façades de 200 m² à Colfontaine, 5 chambres, état : à restaurer.",2024-10-17,2024-12-16,171000.0
EX0127,exemple fictif,,maison,Rue de l'Église,50,7340,Colfontaine,50.41536,3.84411,1,200,852,5,2,3,1975,À restaurer,E,409,"Maison 3 façades de 200 m² à Colfontaine, 5 chambres, état : à restaurer.",2024-10-17,2025-01-15,171000.0
EX0127,exemple fictif,,maison,Rue de l'Église,50,7340,Colfontaine,50.41536,3.84411,1,200,852,5,2,3,1975,À restaurer,E,409,"Maison 3 façades de 200 m² à Colfontaine, 5 chambres, état : à restaurer.",2024-10-17,2025-02-14,160000.0
EX0127,exemple fictif,,maison,Rue de l'Église,50,7340,Colfontaine,50.41536,3.84411,1,200,852,5,2,3,1975,À restaurer,E,409,"Maison 3 façades de 200 m² à Colfontaine, 5 chambres, état : à restaurer.",2024-10-17,2025-03-16,160000.0
EX0127,exemple fictif,,maison,Rue de l'Église,50,7340,Colfontaine,50.41536,3.84411,1,200,852,5,2,3,1975,À restaurer,E,409,"Maison 3 façades de 200 m² à Colfontaine, 5 chambres, état : à restaurer.",2024-10-17,2025-04-15,160000.0
EX0127,exemple fictif,,maison,Rue de l'Église,50,7340,Colfontaine,50.41536,3.84411,1,200,852,5,2,3,1975,À restaurer,E,409,"Maison 3 façades de 200 m² à Colfontaine, 5 chambres, état : à restaurer.",2024-10-17,2025-05-15,160000.0
EX0127,exemple fictif,,maison,Rue de l'Église,50,7340,Colfontaine,50.41536,3.84411,1,200,852,5,2,3,1975,À restaurer,E,409,"Maison 3 façades de 200 m² à Colfontaine, 5 chambres, état : à restaurer.",2024-10-17,2025-06-14,160000.0
EX0127,exemple fictif,,maison,Rue de l'Église,50,7340,Colfontaine,50.41536,3.84411,1,200,852,5,2,3,1975,À restaurer,E,409,"Maison 3 façades de 200 m² à Colfontaine, 5 chambres, état : à restaurer.",2024-10-17,2025-07-14,160000.0
EX0127,exemple fictif,,maison,Rue de l'Église,50,7340,Colfontaine,50.41536,3.84411,1,200,852,5,2,3,1975,À restaurer,E,409,"Maison 3 façades de 200 m² à Colfontaine, 5 chambres, état : à restaurer.",2024-10-17,2025-08-13,160000.0
EX0127,exemple fictif,,maison,Rue de l'Église,50,7340,Colfontaine,50.41536,3.84411,1,200,852,5,2,3,1975,À restaurer,E,409,"Maison 3 façades de 200 m² à Colfontaine, 5 chambres, état : à restaurer.",2024-10-17,2025-09-12,160000.0
EX0127,exemple fictif,,maison,Rue de l'Église,50,7340,Colfontaine,50.41536,3.84411,1,200,852,5,2,3,1975,À restaurer,E,409,"Maison 3 façades de 200 m² à Colfontaine, 5 chambres, état : à restaurer.",2024-10-17,2025-10-12,160000.0
EX0127,exemple fictif,,maison,Rue de l'Église,50,7340,Colfontaine,50.41536,3.84411,1,200,852,5,2,3,1975,À restaurer,E,409,"Maison 3 façades de 200 m² à Colfontaine, 5 chambres, état : à restaurer.",2024-10-17,2025-11-11,160000.0
EX0127,exemple fictif,,maison,Rue de l'Église,50,7340,Colfontaine,50.41536,3.84411,1,200,852,5,2,3,1975,À restaurer,E,409,"Maison 3 façades de 200 m² à Colfontaine, 5 chambres, état : à restaurer.",2024-10-17,2025-12-11,160000.0
EX0127,exemple fictif,,maison,Rue de l'Église,50,7340,Colfontaine,50.41536,3.84411,1,200,852,5,2,3,1975,À restaurer,E,409,"Maison 3 façades de 200 m² à Colfontaine, 5 chambres, état : à restaurer.",2024-10-17,2026-01-10,160000.0
EX0127,exemple fictif,,maison,Rue de l'Église,50,7340,Colfontaine,50.41536,3.84411,1,200,852,5,2,3,1975,À restaurer,E,409,"Maison 3 façades de 200 m² à Colfontaine, 5 chambres, état : à restaurer.",2024-10-17,2026-02-09,160000.0
EX0127,exemple fictif,,maison,Rue de l'Église,50,7340,Colfontaine,50.41536,3.84411,1,200,852,5,2,3,1975,À restaurer,E,409,"Maison 3 façades de 200 m² à Colfontaine, 5 chambres, état : à restaurer.",2024-10-17,2026-03-11,160000.0
EX0127,exemple fictif,,maison,Rue de l'Église,50,7340,Colfontaine,50.41536,3.84411,1,200,852,5,2,3,1975,À restaurer,E,409,"Maison 3 façades de 200 m² à Colfontaine, 5 chambres, état : à restaurer.",2024-10-17,2026-04-10,151000.0
EX0127,exemple fictif,,maison,Rue de l'Église,50,7340,Colfontaine,50.41536,3.84411,1,200,852,5,2,3,1975,À restaurer,E,409,"Maison 3 façades de 200 m² à Colfontaine, 5 chambres, état : à restaurer.",2024-10-17,2026-05-10,145000.0
EX0127,exemple fictif,,maison,Rue de l'Église,50,7340,Colfontaine,50.41536,3.84411,1,200,852,5,2,3,1975,À restaurer,E,409,"Maison 3 façades de 200 m² à Colfontaine, 5 chambres, état : à restaurer.",2024-10-17,2026-06-09,145000.0
EX0127,exemple fictif,,maison,Rue de l'Église,50,7340,Colfontaine,50.41536,3.84411,1,200,852,5,2,3,1975,À restaurer,E,409,"Maison 3 façades de 200 m² à Colfontaine, 5 chambres, état : à restaurer.",2024-10-17,2026-07-09,138000.0
EX0127,exemple fictif,,maison,Rue de l'Église,50,7340,Colfontaine,50.41536,3.84411,1,200,852,5,2,3,1975,À restaurer,E,409,"Maison 3 façades de 200 m² à Colfontaine, 5 chambres, état : à restaurer.",2024-10-17,2026-08-08,128000.0
EX0127,exemple fictif,,maison,Rue de l'Église,50,7340,Colfontaine,50.41536,3.84411,1,200,852,5,2,3,1975,À restaurer,E,409,"Maison 3 façades de 200 m² à Colfontaine, 5 chambres, état : à restaurer.",2024-10-17,2026-09-07,122000.0
EX0127,exemple fictif,,maison,Rue de l'Église,50,7340,Colfontaine,50.41536,3.84411,1,200,852,5,2,3,1975,À restaurer,E,409,"Maison 3 façades de 200 m² à Colfontaine, 5 chambres, état : à restaurer.",2024-10-17,2026-10-07,122000.0
EX0128,exemple fictif,,maison,Rue de la Station,10,7030,Saint-Symphorien,50.43622,3.99282,1,130,1185,3,1,3,1918,À rafraîchir,G,585,"Maison 3 façades de 130 m² à Saint-Symphorien, 3 chambres, état : à rafraîchir.",2025-03-31,2025-03-31,241000.0
EX0128,exemple fictif,,maison,Rue de la Station,10,7030,Saint-Symphorien,50.43622,3.99282,1,130,1185,3,1,3,1918,À rafraîchir,G,585,"Maison 3 façades de 130 m² à Saint-Symphorien, 3 chambres, état : à rafraîchir.",2025-03-31,2025-04-30,241000.0
EX0128,exemple fictif,,maison,Rue de la Station,10,7030,Saint-Symphorien,50.43622,3.99282,1,130,1185,3,1,3,1918,À rafraîchir,G,585,"Maison 3 façades de 130 m² à Saint-Symphorien, 3 chambres, état : à rafraîchir.",2025-03-31,2025-05-30,241000.0
EX0128,exemple fictif,,maison,Rue de la Station,10,7030,Saint-Symphorien,50.43622,3.99282,1,130,1185,3,1,3,1918,À rafraîchir,G,585,"Maison 3 façades de 130 m² à Saint-Symphorien, 3 chambres, état : à rafraîchir.",2025-03-31,2025-06-29,241000.0
EX0128,exemple fictif,,maison,Rue de la Station,10,7030,Saint-Symphorien,50.43622,3.99282,1,130,1185,3,1,3,1918,À rafraîchir,G,585,"Maison 3 façades de 130 m² à Saint-Symphorien, 3 chambres, état : à rafraîchir.",2025-03-31,2025-07-29,228000.0
EX0128,exemple fictif,,maison,Rue de la Station,10,7030,Saint-Symphorien,50.43622,3.99282,1,130,1185,3,1,3,1918,À rafraîchir,G,585,"Maison 3 façades de 130 m² à Saint-Symphorien, 3 chambres, état : à rafraîchir.",2025-03-31,2025-08-28,212000.0
EX0128,exemple fictif,,maison,Rue de la Station,10,7030,Saint-Symphorien,50.43622,3.99282,1,130,1185,3,1,3,1918,À rafraîchir,G,585,"Maison 3 façades de 130 m² à Saint-Symphorien, 3 chambres, état : à rafraîchir.",2025-03-31,2025-09-27,212000.0
EX0128,exemple fictif,,maison,Rue de la Station,10,7030,Saint-Symphorien,50.43622,3.99282,1,130,1185,3,1,3,1918,À rafraîchir,G,585,"Maison 3 façades de 130 m² à Saint-Symphorien, 3 chambres, état : à rafraîchir.",2025-03-31,2025-10-27,195000.0
EX0128,exemple fictif,,maison,Rue de la Station,10,7030,Saint-Symphorien,50.43622,3.99282,1,130,1185,3,1,3,1918,À rafraîchir,G,585,"Maison 3 façades de 130 m² à Saint-Symphorien, 3 chambres, état : à rafraîchir.",2025-03-31,2025-11-26,195000.0
EX0128,exemple fictif,,maison,Rue de la Station,10,7030,Saint-Symphorien,50.43622,3.99282,1,130,1185,3,1,3,1918,À rafraîchir,G,585,"Maison 3 façades de 130 m² à Saint-Symphorien, 3 chambres, état : à rafraîchir.",2025-03-31,2025-12-26,195000.0
EX0128,exemple fictif,,maison,Rue de la Station,10,7030,Saint-Symphorien,50.43622,3.99282,1,130,1185,3,1,3,1918,À rafraîchir,G,585,"Maison 3 façades de 130 m² à Saint-Symphorien, 3 chambres, état : à rafraîchir.",2025-03-31,2026-01-25,195000.0
EX0128,exemple fictif,,maison,Rue de la Station,10,7030,Saint-Symphorien,50.43622,3.99282,1,130,1185,3,1,3,1918,À rafraîchir,G,585,"Maison 3 façades de 130 m² à Saint-Symphorien, 3 chambres, état : à rafraîchir.",2025-03-31,2026-02-24,195000.0
EX0129,exemple fictif,,maison,Rue de la Station,52,7012,Jemappes,50.44242,3.87852,1,98,173,3,1,2,1934,Bon,G,583,"Maison 2 façades de 98 m² à Jemappes, 3 chambres, état : bon.",2026-01-05,2026-01-05,153000.0
EX0129,exemple fictif,,maison,Rue de la Station,52,7012,Jemappes,50.44242,3.87852,1,98,173,3,1,2,1934,Bon,G,583,"Maison 2 façades de 98 m² à Jemappes, 3 chambres, état : bon.",2026-01-05,2026-02-04,153000.0
EX0129,exemple fictif,,maison,Rue de la Station,52,7012,Jemappes,50.44242,3.87852,1,98,173,3,1,2,1934,Bon,G,583,"Maison 2 façades de 98 m² à Jemappes, 3 chambres, état : bon.",2026-01-05,2026-03-06,153000.0
EX0129,exemple fictif,,maison,Rue de la Station,52,7012,Jemappes,50.44242,3.87852,1,98,173,3,1,2,1934,Bon,G,583,"Maison 2 façades de 98 m² à Jemappes, 3 chambres, état : bon.",2026-01-05,2026-04-05,153000.0
EX0129,exemple fictif,,maison,Rue de la Station,52,7012,Jemappes,50.44242,3.87852,1,98,173,3,1,2,1934,Bon,G,583,"Maison 2 façades de 98 m² à Jemappes, 3 chambres, état : bon.",2026-01-05,2026-05-05,153000.0
EX0129,exemple fictif,,maison,Rue de la Station,52,7012,Jemappes,50.44242,3.87852,1,98,173,3,1,2,1934,Bon,G,583,"Maison 2 façades de 98 m² à Jemappes, 3 chambres, état : bon.",2026-01-05,2026-06-04,153000.0
EX0129,exemple fictif,,maison,Rue de la Station,52,7012,Jemappes,50.44242,3.87852,1,98,173,3,1,2,1934,Bon,G,583,"Maison 2 façades de 98 m² à Jemappes, 3 chambres, état : bon.",2026-01-05,2026-07-04,153000.0
EX0129,exemple fictif,,maison,Rue de la Station,52,7012,Jemappes,50.44242,3.87852,1,98,173,3,1,2,1934,Bon,G,583,"Maison 2 façades de 98 m² à Jemappes, 3 chambres, état : bon.",2026-01-05,2026-08-03,153000.0
EX0129,exemple fictif,,maison,Rue de la Station,52,7012,Jemappes,50.44242,3.87852,1,98,173,3,1,2,1934,Bon,G,583,"Maison 2 façades de 98 m² à Jemappes, 3 chambres, état : bon.",2026-01-05,2026-09-02,153000.0
EX0129,exemple fictif,,maison,Rue de la Station,52,7012,Jemappes,50.44242,3.87852,1,98,173,3,1,2,1934,Bon,G,583,"Maison 2 façades de 98 m² à Jemappes, 3 chambres, état : bon.",2026-01-05,2026-10-02,153000.0
EX0130,exemple fictif,,maison,Rue des Écoles,144,7390,Quaregnon,50.43842,3.87419,1,144,579,3,1,4,1942,À restaurer,E,387,"Maison 4 façades de 144 m² à Quaregnon, 3 chambres, état : à restaurer.",2024-12-26,2024-12-26,133000.0
EX0130,exemple fictif,,maison,Rue des Écoles,144,7390,Quaregnon,50.43842,3.87419,1,144,579,3,1,4,1942,À restaurer,E,387,"Maison 4 façades de 144 m² à Quaregnon, 3 chambres, état : à restaurer.",2024-12-26,2025-01-25,133000.0
EX0130,exemple fictif,,maison,Rue des Écoles,144,7390,Quaregnon,50.43842,3.87419,1,144,579,3,1,4,1942,À restaurer,E,387,"Maison 4 façades de 144 m² à Quaregnon, 3 chambres, état : à restaurer.",2024-12-26,2025-02-24,133000.0
EX0130,exemple fictif,,maison,Rue des Écoles,144,7390,Quaregnon,50.43842,3.87419,1,144,579,3,1,4,1942,À restaurer,E,387,"Maison 4 façades de 144 m² à Quaregnon, 3 chambres, état : à restaurer.",2024-12-26,2025-03-26,133000.0
EX0130,exemple fictif,,maison,Rue des Écoles,144,7390,Quaregnon,50.43842,3.87419,1,144,579,3,1,4,1942,À restaurer,E,387,"Maison 4 façades de 144 m² à Quaregnon, 3 chambres, état : à restaurer.",2024-12-26,2025-04-25,133000.0
EX0130,exemple fictif,,maison,Rue des Écoles,144,7390,Quaregnon,50.43842,3.87419,1,144,579,3,1,4,1942,À restaurer,E,387,"Maison 4 façades de 144 m² à Quaregnon, 3 chambres, état : à restaurer.",2024-12-26,2025-05-25,133000.0
EX0130,exemple fictif,,maison,Rue des Écoles,144,7390,Quaregnon,50.43842,3.87419,1,144,579,3,1,4,1942,À restaurer,E,387,"Maison 4 façades de 144 m² à Quaregnon, 3 chambres, état : à restaurer.",2024-12-26,2025-06-24,133000.0
EX0130,exemple fictif,,maison,Rue des Écoles,144,7390,Quaregnon,50.43842,3.87419,1,144,579,3,1,4,1942,À restaurer,E,387,"Maison 4 façades de 144 m² à Quaregnon, 3 chambres, état : à restaurer.",2024-12-26,2025-07-24,133000.0
EX0130,exemple fictif,,maison,Rue des Écoles,144,7390,Quaregnon,50.43842,3.87419,1,144,579,3,1,4,1942,À restaurer,E,387,"Maison 4 façades de 144 m² à Quaregnon, 3 chambres, état : à restaurer.",2024-12-26,2025-08-23,133000.0
EX0130,exemple fictif,,maison,Rue des Écoles,144,7390,Quaregnon,50.43842,3.87419,1,144,579,3,1,4,1942,À restaurer,E,387,"Maison 4 façades de 144 m² à Quaregnon, 3 chambres, état : à restaurer.",2024-12-26,2025-09-22,133000.0
EX0130,exemple fictif,,maison,Rue des Écoles,144,7390,Quaregnon,50.43842,3.87419,1,144,579,3,1,4,1942,À restaurer,E,387,"Maison 4 façades de 144 m² à Quaregnon, 3 chambres, état : à restaurer.",2024-12-26,2025-10-22,133000.0
EX0131,exemple fictif,,maison,Rue du Moulin,114,7020,Nimy,50.47029,3.94938,1,161,1283,4,2,4,1982,Bon,C,183,"Maison 4 façades de 161 m² à Nimy, 4 chambres, état : bon.",2025-09-30,2025-09-30,334000.0
EX0131,exemple fictif,,maison,Rue du Moulin,114,7020,Nimy,50.47029,3.94938,1,161,1283,4,2,4,1982,Bon,C,183,"Maison 4 façades de 161 m² à Nimy, 4 chambres, état : bon.",2025-09-30,2025-10-30,334000.0
EX0131,exemple fictif,,maison,Rue du Moulin,114,7020,Nimy,50.47029,3.94938,1,161,1283,4,2,4,1982,Bon,C,183,"Maison 4 façades de 161 m² à Nimy, 4 chambres, état : bon.",2025-09-30,2025-11-29,334000.0
EX0131,exemple fictif,,maison,Rue du Moulin,114,7020,Nimy,50.47029,3.94938,1,161,1283,4,2,4,1982,Bon,C,183,"Maison 4 façades de 161 m² à Nimy, 4 chambres, état : bon.",2025-09-30,2025-12-29,334000.0
EX0131,exemple fictif,,maison,Rue du Moulin,114,7020,Nimy,50.47029,3.94938,1,161,1283,4,2,4,1982,Bon,C,183,"Maison 4 façades de 161 m² à Nimy, 4 chambres, état : bon.",2025-09-30,2026-01-28,334000.0
EX0131,exemple fictif,,maison,Rue du Moulin,114,7020,Nimy,50.47029,3.94938,1,161,1283,4,2,4,1982,Bon,C,183,"Maison 4 façades de 161 m² à Nimy, 4 chambres, état : bon.",2025-09-30,2026-02-27,334000.0
EX0131,exemple fictif,,maison,Rue du Moulin,114,7020,Nimy,50.47029,3.94938,1,161,1283,4,2,4,1982,Bon,C,183,"Maison 4 façades de 161 m² à Nimy, 4 chambres, état : bon.",2025-09-30,2026-03-29,334000.0
EX0131,exemple fictif,,maison,Rue du Moulin,114,7020,Nimy,50.47029,3.94938,1,161,1283,4,2,4,1982,Bon,C,183,"Maison 4 façades de 161 m² à Nimy, 4 chambres, état : bon.",2025-09-30,2026-04-28,334000.0
EX0131,exemple fictif,,maison,Rue du Moulin,114,7020,Nimy,50.47029,3.94938,1,161,1283,4,2,4,1982,Bon,C,183,"Maison 4 façades de 161 m² à Nimy, 4 chambres, état : bon.",2025-09-30,2026-05-28,334000.0
EX0131,exemple fictif,,maison,Rue du Moulin,114,7020,Nimy,50.47029,3.94938,1,161,1283,4,2,4,1982,Bon,C,183,"Maison 4 façades de 161 m² à Nimy, 4 chambres, état : bon.",2025-09-30,2026-06-27,334000.0
EX0131,exemple fictif,,maison,Rue du Moulin,114,7020,Nimy,50.47029,3.94938,1,161,1283,4,2,4,1982,Bon,C,183,"Maison 4 façades de 161 m² à Nimy, 4 chambres, état : bon.",2025-09-30,2026-07-27,319000.0
EX0131,exemple fictif,,maison,Rue du Moulin,114,7020,Nimy,50.47029,3.94938,1,161,1283,4,2,4,1982,Bon,C,183,"Maison 4 façades de 161 m² à Nimy, 4 chambres, état : bon.",2025-09-30,2026-08-26,319000.0
EX0131,exemple fictif,,maison,Rue du Moulin,114,7020,Nimy,50.47029,3.94938,1,161,1283,4,2,4,1982,Bon,C,183,"Maison 4 façades de 161 m² à Nimy, 4 chambres, état : bon.",2025-09-30,2026-09-25,319000.0
EX0132,exemple fictif,,maison,Rue des Écoles,114,7020,Nimy,50.4722,3.94906,1,138,292,2,1,2,1910,Fraîchement rénové,A,97,"Maison 2 façades de 138 m² à Nimy, 2 chambres, état : fraîchement rénové.",2026-06-01,2026-06-01,334000.0
EX0132,exemple fictif,,maison,Rue des Écoles,114,7020,Nimy,50.4722,3.94906,1,138,292,2,1,2,1910,Fraîchement rénové,A,97,"Maison 2 façades de 138 m² à Nimy, 2 chambres, état : fraîchement rénové.",2026-06-01,2026-07-01,334000.0
EX0132,exemple fictif,,maison,Rue des Écoles,114,7020,Nimy,50.4722,3.94906,1,138,292,2,1,2,1910,Fraîchement rénové,A,97,"Maison 2 façades de 138 m² à Nimy, 2 chambres, état : fraîchement rénové.",2026-06-01,2026-07-31,334000.0
EX0132,exemple fictif,,maison,Rue des Écoles,114,7020,Nimy,50.4722,3.94906,1,138,292,2,1,2,1910,Fraîchement rénové,A,97,"Maison 2 façades de 138 m² à Nimy, 2 chambres, état : fraîchement rénové.",2026-06-01,2026-08-30,334000.0
EX0132,exemple fictif,,maison,Rue des Écoles,114,7020,Nimy,50.4722,3.94906,1,138,292,2,1,2,1910,Fraîchement rénové,A,97,"Maison 2 façades de 138 m² à Nimy, 2 chambres, état : fraîchement rénové.",2026-06-01,2026-09-29,323000.0
EX0133,exemple fictif,,maison,Rue du Moulin,89,7340,Colfontaine,50.4142,3.84741,1,107,277,4,1,2,1919,À rénover,F,451,"Maison 2 façades de 107 m² à Colfontaine, 4 chambres, état : à rénover.",2024-11-18,2024-11-18,130000.0
EX0133,exemple fictif,,maison,Rue du Moulin,89,7340,Colfontaine,50.4142,3.84741,1,107,277,4,1,2,1919,À rénover,F,451,"Maison 2 façades de 107 m² à Colfontaine, 4 chambres, état : à rénover.",2024-11-18,2024-12-18,130000.0
EX0133,exemple fictif,,maison,Rue du Moulin,89,7340,Colfontaine,50.4142,3.84741,1,107,277,4,1,2,1919,À rénover,F,451,"Maison 2 façades de 107 m² à Colfontaine, 4 chambres, état : à rénover.",2024-11-18,2025-01-17,130000.0
EX0133,exemple fictif,,maison,Rue du Moulin,89,7340,Colfontaine,50.4142,3.84741,1,107,277,4,1,2,1919,À rénover,F,451,"Maison 2 façades de 107 m² à Colfontaine, 4 chambres, état : à rénover.",2024-11-18,2025-02-16,130000.0
EX0133,exemple fictif,,maison,Rue du Moulin,89,7340,Colfontaine,50.4142,3.84741,1,107,277,4,1,2,1919,À rénover,F,451,"Maison 2 façades de 107 m² à Colfontaine, 4 chambres, état : à rénover.",2024-11-18,2025-03-18,130000.0
EX0134,exemple fictif,,maison,Avenue des Tilleuls,48,7390,Quaregnon,50.44539,3.87537,1,148,1300,4,1,3,1999,Bon,D,311,"Maison 3 façades de 148 m² à Quaregnon, 4 chambres, état : bon.",2025-09-28,2025-09-28,218000.0
EX0134,exemple fictif,,maison,Avenue des Tilleuls,48,7390,Quaregnon,50.44539,3.87537,1,148,1300,4,1,3,1999,Bon,D,311,"Maison 3 façades de 148 m² à Quaregnon, 4 chambres, état : bon.",2025-09-28,2025-10-28,218000.0
EX0134,exemple fictif,,maison,Avenue des Tilleuls,48,7390,Quaregnon,50.44539,3.87537,1,148,1300,4,1,3,1999,Bon,D,311,"Maison 3 façades de 148 m² à Quaregnon, 4 chambres, état : bon.",2025-09-28,2025-11-27,218000.0
EX0134,exemple fictif,,maison,Avenue des Tilleuls,48,7390,Quaregnon,50.44539,3.87537,1,148,1300,4,1,3,1999,Bon,D,311,"Maison 3 façades de 148 m² à Quaregnon, 4 chambres, état : bon.",2025-09-28,2025-12-27,218000.0
EX0134,exemple fictif,,maison,Avenue des Tilleuls,48,7390,Quaregnon,50.44539,3.87537,1,148,1300,4,1,3,1999,Bon,D,311,"Maison 3 façades de 148 m² à Quaregnon, 4 chambres, état : bon.",2025-09-28,2026-01-26,218000.0
EX0134,exemple fictif,,maison,Avenue des Tilleuls,48,7390,Quaregnon,50.44539,3.87537,1,148,1300,4,1,3,1999,Bon,D,311,"Maison 3 façades de 148 m² à Quaregnon, 4 chambres, état : bon.",2025-09-28,2026-02-25,218000.0
EX0134,exemple fictif,,maison,Avenue des Tilleuls,48,7390,Quaregnon,50.44539,3.87537,1,148,1300,4,1,3,1999,Bon,D,311,"Maison 3 façades de 148 m² à Quaregnon, 4 chambres, état : bon.",2025-09-28,2026-03-27,218000.0
EX0134,exemple fictif,,maison,Avenue des Tilleuls,48,7390,Quaregnon,50.44539,3.87537,1,148,1300,4,1,3,1999,Bon,D,311,"Maison 3 façades de 148 m² à Quaregnon, 4 chambres, état : bon.",2025-09-28,2026-04-26,218000.0
EX0134,exemple fictif,,maison,Avenue des Tilleuls,48,7390,Quaregnon,50.44539,3.87537,1,148,1300,4,1,3,1999,Bon,D,311,"Maison 3 façades de 148 m² à Quaregnon, 4 chambres, état : bon.",2025-09-28,2026-05-26,218000.0
EX0134,exemple fictif,,maison,Avenue des Tilleuls,48,7390,Quaregnon,50.44539,3.87537,1,148,1300,4,1,3,1999,Bon,D,311,"Maison 3 façades de 148 m² à Quaregnon, 4 chambres, état : bon.",2025-09-28,2026-06-25,218000.0
EX0134,exemple fictif,,maison,Avenue des Tilleuls,48,7390,Quaregnon,50.44539,3.87537,1,148,1300,4,1,3,1999,Bon,D,311,"Maison 3 façades de 148 m² à Quaregnon, 4 chambres, état : bon.",2025-09-28,2026-07-25,218000.0
EX0134,exemple fictif,,maison,Avenue des Tilleuls,48,7390,Quaregnon,50.44539,3.87537,1,148,1300,4,1,3,1999,Bon,D,311,"Maison 3 façades de 148 m² à Quaregnon, 4 chambres, état : bon.",2025-09-28,2026-08-24,218000.0
EX0134,exemple fictif,,maison,Avenue des Tilleuls,48,7390,Quaregnon,50.44539,3.87537,1,148,1300,4,1,3,1999,Bon,D,311,"Maison 3 façades de 148 m² à Quaregnon, 4 chambres, état : bon.",2025-09-28,2026-09-23,218000.0
EX0135,exemple fictif,,maison,Rue du Moulin,20,7033,Cuesmes,50.44569,3.91242,1,114,1235,3,1,4,1930,À rénover,G,625,"Maison 4 façades de 114 m² à Cuesmes, 3 chambres, état : à rénover.",2026-07-25,2026-07-25,150000.0
EX0135,exemple fictif,,maison,Rue du Moulin,20,7033,Cuesmes,50.44569,3.91242,1,114,1235,3,1,4,1930,À rénover,G,625,"Maison 4 façades de 114 m² à Cuesmes, 3 chambres, état : à rénover.",2026-07-25,2026-08-24,150000.0
EX0135,exemple fictif,,maison,Rue du Moulin,20,7033,Cuesmes,50.44569,3.91242,1,114,1235,3,1,4,1930,À rénover,G,625,"Maison 4 façades de 114 m² à Cuesmes, 3 chambres, état : à rénover.",2026-07-25,2026-09-23,150000.0
EX0136,exemple fictif,,maison,Rue de la Station,20,7080,Frameries,50.40563,3.90469,1,93,137,2,1,2,1933,Bon,E,356,"Maison 2 façades de 93 m² à Frameries, 2 chambres, état : bon.",2025-12-03,2025-12-03,164000.0
EX0136,exemple fictif,,maison,Rue de la Station,20,7080,Frameries,50.40563,3.90469,1,93,137,2,1,2,1933,Bon,E,356,"Maison 2 façades de 93 m² à Frameries, 2 chambres, état : bon.",2025-12-03,2026-01-02,164000.0
EX0136,exemple fictif,,maison,Rue de la Station,20,7080,Frameries,50.40563,3.90469,1,93,137,2,1,2,1933,Bon,E,356,"Maison 2 façades de 93 m² à Frameries, 2 chambres, état : bon.",2025-12-03,2026-02-01,164000.0
EX0136,exemple fictif,,maison,Rue de la Station,20,7080,Frameries,50.40563,3.90469,1,93,137,2,1,2,1933,Bon,E,356,"Maison 2 façades de 93 m² à Frameries, 2 chambres, état : bon.",2025-12-03,2026-03-03,164000.0
EX0136,exemple fictif,,maison,Rue de la Station,20,7080,Frameries,50.40563,3.90469,1,93,137,2,1,2,1933,Bon,E,356,"Maison 2 façades de 93 m² à Frameries, 2 chambres, état : bon.",2025-12-03,2026-04-02,164000.0
EX0136,exemple fictif,,maison,Rue de la Station,20,7080,Frameries,50.40563,3.90469,1,93,137,2,1,2,1933,Bon,E,356,"Maison 2 façades de 93 m² à Frameries, 2 chambres, état : bon.",2025-12-03,2026-05-02,152000.0
EX0136,exemple fictif,,maison,Rue de la Station,20,7080,Frameries,50.40563,3.90469,1,93,137,2,1,2,1933,Bon,E,356,"Maison 2 façades de 93 m² à Frameries, 2 chambres, état : bon.",2025-12-03,2026-06-01,152000.0
EX0136,exemple fictif,,maison,Rue de la Station,20,7080,Frameries,50.40563,3.90469,1,93,137,2,1,2,1933,Bon,E,356,"Maison 2 façades de 93 m² à Frameries, 2 chambres, état : bon.",2025-12-03,2026-07-01,152000.0
EX0136,exemple fictif,,maison,Rue de la Station,20,7080,Frameries,50.40563,3.90469,1,93,137,2,1,2,1933,Bon,E,356,"Maison 2 façades de 93 m² à Frameries, 2 chambres, état : bon.",2025-12-03,2026-07-31,144000.0
EX0136,exemple fictif,,maison,Rue de la Station,20,7080,Frameries,50.40563,3.90469,1,93,137,2,1,2,1933,Bon,E,356,"Maison 2 façades de 93 m² à Frameries, 2 chambres, état : bon.",2025-12-03,2026-08-30,144000.0
EX0137,exemple fictif,,maison,Rue de l'Église,176,7033,Cuesmes,50.44049,3.92241,1,126,756,3,1,4,1980,Bon,G,622,"Maison 4 façades de 126 m² à Cuesmes, 3 chambres, état : bon.",2024-12-31,2024-12-31,193000.0
EX0137,exemple fictif,,maison,Rue de l'Église,176,7033,Cuesmes,50.44049,3.92241,1,126,756,3,1,4,1980,Bon,G,622,"Maison 4 façades de 126 m² à Cuesmes, 3 chambres, état : bon.",2024-12-31,2025-01-30,193000.0
EX0137,exemple fictif,,maison,Rue de l'Église,176,7033,Cuesmes,50.44049,3.92241,1,126,756,3,1,4,1980,Bon,G,622,"Maison 4 façades de 126 m² à Cuesmes, 3 chambres, état : bon.",2024-12-31,2025-03-01,193000.0
EX0137,exemple fictif,,maison,Rue de l'Église,176,7033,Cuesmes,50.44049,3.92241,1,126,756,3,1,4,1980,Bon,G,622,"Maison 4 façades de 126 m² à Cuesmes, 3 chambres, état : bon.",2024-12-31,2025-03-31,193000.0
EX0137,exemple fictif,,maison,Rue de l'Église,176,7033,Cuesmes,50.44049,3.92241,1,126,756,3,1,4,1980,Bon,G,622,"Maison 4 façades de 126 m² à Cuesmes, 3 chambres, état : bon.",2024-12-31,2025-04-30,193000.0
EX0137,exemple fictif,,maison,Rue de l'Église,176,7033,Cuesmes,50.44049,3.92241,1,126,756,3,1,4,1980,Bon,G,622,"Maison 4 façades de 126 m² à Cuesmes, 3 chambres, état : bon.",2024-12-31,2025-05-30,193000.0
EX0137,exemple fictif,,maison,Rue de l'Église,176,7033,Cuesmes,50.44049,3.92241,1,126,756,3,1,4,1980,Bon,G,622,"Maison 4 façades de 126 m² à Cuesmes, 3 chambres, état : bon.",2024-12-31,2025-06-29,193000.0
EX0137,exemple fictif,,maison,Rue de l'Église,176,7033,Cuesmes,50.44049,3.92241,1,126,756,3,1,4,1980,Bon,G,622,"Maison 4 façades de 126 m² à Cuesmes, 3 chambres, état : bon.",2024-12-31,2025-07-29,193000.0
EX0137,exemple fictif,,maison,Rue de l'Église,176,7033,Cuesmes,50.44049,3.92241,1,126,756,3,1,4,1980,Bon,G,622,"Maison 4 façades de 126 m² à Cuesmes, 3 chambres, état : bon.",2024-12-31,2025-08-28,193000.0
EX0137,exemple fictif,,maison,Rue de l'Église,176,7033,Cuesmes,50.44049,3.92241,1,126,756,3,1,4,1980,Bon,G,622,"Maison 4 façades de 126 m² à Cuesmes, 3 chambres, état : bon.",2024-12-31,2025-09-27,193000.0
EX0137,exemple fictif,,maison,Rue de l'Église,176,7033,Cuesmes,50.44049,3.92241,1,126,756,3,1,4,1980,Bon,G,622,"Maison 4 façades de 126 m² à Cuesmes, 3 chambres, état : bon.",2024-12-31,2025-10-27,193000.0
EX0137,exemple fictif,,maison,Rue de l'Église,176,7033,Cuesmes,50.44049,3.92241,1,126,756,3,1,4,1980,Bon,G,622,"Maison 4 façades de 126 m² à Cuesmes, 3 chambres, état : bon.",2024-12-31,2025-11-26,193000.0
EX0137,exemple fictif,,maison,Rue de l'Église,176,7033,Cuesmes,50.44049,3.92241,1,126,756,3,1,4,1980,Bon,G,622,"Maison 4 façades de 126 m² à Cuesmes, 3 chambres, état : bon.",2024-12-31,2025-12-26,193000.0
EX0137,exemple fictif,,maison,Rue de l'Église,176,7033,Cuesmes,50.44049,3.92241,1,126,756,3,1,4,1980,Bon,G,622,"Maison 4 façades de 126 m² à Cuesmes, 3 chambres, état : bon.",2024-12-31,2026-01-25,193000.0
EX0137,exemple fictif,,maison,Rue de l'Église,176,7033,Cuesmes,50.44049,3.92241,1,126,756,3,1,4,1980,Bon,G,622,"Maison 4 façades de 126 m² à Cuesmes, 3 chambres, état : bon.",2024-12-31,2026-02-24,193000.0
EX0137,exemple fictif,,maison,Rue de l'Église,176,7033,Cuesmes,50.44049,3.92241,1,126,756,3,1,4,1980,Bon,G,622,"Maison 4 façades de 126 m² à Cuesmes, 3 chambres, état : bon.",2024-12-31,2026-03-26,193000.0
EX0137,exemple fictif,,maison,Rue de l'Église,176,7033,Cuesmes,50.44049,3.92241,1,126,756,3,1,4,1980,Bon,G,622,"Maison 4 façades de 126 m² à Cuesmes, 3 chambres, état : bon.",2024-12-31,2026-04-25,193000.0
EX0137,exemple fictif,,maison,Rue de l'Église,176,7033,Cuesmes,50.44049,3.92241,1,126,756,3,1,4,1980,Bon,G,622,"Maison 4 façades de 126 m² à Cuesmes, 3 chambres, état : bon.",2024-12-31,2026-05-25,193000.0
EX0137,exemple fictif,,maison,Rue de l'Église,176,7033,Cuesmes,50.44049,3.92241,1,126,756,3,1,4,1980,Bon,G,622,"Maison 4 façades de 126 m² à Cuesmes, 3 chambres, état : bon.",2024-12-31,2026-06-24,193000.0
EX0137,exemple fictif,,maison,Rue de l'Église,176,7033,Cuesmes,50.44049,3.92241,1,126,756,3,1,4,1980,Bon,G,622,"Maison 4 façades de 126 m² à Cuesmes, 3 chambres, état : bon.",2024-12-31,2026-07-24,193000.0
EX0137,exemple fictif,,maison,Rue de l'Église,176,7033,Cuesmes,50.44049,3.92241,1,126,756,3,1,4,1980,Bon,G,622,"Maison 4 façades de 126 m² à Cuesmes, 3 chambres, état : bon.",2024-12-31,2026-08-23,193000.0
EX0137,exemple fictif,,maison,Rue de l'Église,176,7033,Cuesmes,50.44049,3.92241,1,126,756,3,1,4,1980,Bon,G,622,"Maison 4 façades de 126 m² à Cuesmes, 3 chambres, état : bon.",2024-12-31,2026-09-22,193000.0
EX0138,exemple fictif,,maison,Rue des Écoles,7,7033,Cuesmes,50.43926,3.8989,1,155,848,3,1,4,2000,Fraîchement rénové,A,76,"Maison 4 façades de 155 m² à Cuesmes, 3 chambres, état : fraîchement rénové.",2025-02-17,2025-02-17,298000.0
EX0138,exemple fictif,,maison,Rue des Écoles,7,7033,Cuesmes,50.43926,3.8989,1,155,848,3,1,4,2000,Fraîchement rénové,A,76,"Maison 4 façades de 155 m² à Cuesmes, 3 chambres, état : fraîchement rénové.",2025-02-17,2025-03-19,298000.0
EX0138,exemple fictif,,maison,Rue des Écoles,7,7033,Cuesmes,50.43926,3.8989,1,155,848,3,1,4,2000,Fraîchement rénové,A,76,"Maison 4 façades de 155 m² à Cuesmes, 3 chambres, état : fraîchement rénové.",2025-02-17,2025-04-18,298000.0
EX0138,exemple fictif,,maison,Rue des Écoles,7,7033,Cuesmes,50.43926,3.8989,1,155,848,3,1,4,2000,Fraîchement rénové,A,76,"Maison 4 façades de 155 m² à Cuesmes, 3 chambres, état : fraîchement rénové.",2025-02-17,2025-05-18,298000.0
EX0139,exemple fictif,,maison,Rue de la Station,184,7011,Ghlin,50.49882,3.91236,1,135,1419,3,1,4,2013,À rafraîchir,F,487,"Maison 4 façades de 135 m² à Ghlin, 3 chambres, état : à rafraîchir.",2024-12-30,2024-12-30,230000.0
EX0139,exemple fictif,,maison,Rue de la Station,184,7011,Ghlin,50.49882,3.91236,1,135,1419,3,1,4,2013,À rafraîchir,F,487,"Maison 4 façades de 135 m² à Ghlin, 3 chambres, état : à rafraîchir.",2024-12-30,2025-01-29,230000.0
EX0139,exemple fictif,,maison,Rue de la Station,184,7011,Ghlin,50.49882,3.91236,1,135,1419,3,1,4,2013,À rafraîchir,F,487,"Maison 4 façades de 135 m² à Ghlin, 3 chambres, état : à rafraîchir.",2024-12-30,2025-02-28,230000.0
EX0139,exemple fictif,,maison,Rue de la Station,184,7011,Ghlin,50.49882,3.91236,1,135,1419,3,1,4,2013,À rafraîchir,F,487,"Maison 4 façades de 135 m² à Ghlin, 3 chambres, état : à rafraîchir.",2024-12-30,2025-03-30,230000.0
EX0139,exemple fictif,,maison,Rue de la Station,184,7011,Ghlin,50.49882,3.91236,1,135,1419,3,1,4,2013,À rafraîchir,F,487,"Maison 4 façades de 135 m² à Ghlin, 3 chambres, état : à rafraîchir.",2024-12-30,2025-04-29,230000.0
EX0139,exemple fictif,,maison,Rue de la Station,184,7011,Ghlin,50.49882,3.91236,1,135,1419,3,1,4,2013,À rafraîchir,F,487,"Maison 4 façades de 135 m² à Ghlin, 3 chambres, état : à rafraîchir.",2024-12-30,2025-05-29,230000.0
EX0140,exemple fictif,,maison,Avenue des Tilleuls,133,7050,Jurbise,50.51284,3.91061,1,141,1264,4,1,3,1997,Bon,B,147,"Maison 3 façades de 141 m² à Jurbise, 4 chambres, état : bon.",2025-10-27,2025-10-27,258000.0
EX0140,exemple fictif,,maison,Avenue des Tilleuls,133,7050,Jurbise,50.51284,3.91061,1,141,1264,4,1,3,1997,Bon,B,147,"Maison 3 façades de 141 m² à Jurbise, 4 chambres, état : bon.",2025-10-27,2025-11-26,258000.0
EX0140,exemple fictif,,maison,Avenue des Tilleuls,133,7050,Jurbise,50.51284,3.91061,1,141,1264,4,1,3,1997,Bon,B,147,"Maison 3 façades de 141 m² à Jurbise, 4 chambres, état : bon.",2025-10-27,2025-12-26,258000.0
EX0140,exemple fictif,,maison,Avenue des Tilleuls,133,7050,Jurbise,50.51284,3.91061,1,141,1264,4,1,3,1997,Bon,B,147,"Maison 3 façades de 141 m² à Jurbise, 4 chambres, état : bon.",2025-10-27,2026-01-25,258000.0
EX0140,exemple fictif,,maison,Avenue des Tilleuls,133,7050,Jurbise,50.51284,3.91061,1,141,1264,4,1,3,1997,Bon,B,147,"Maison 3 façades de 141 m² à Jurbise, 4 chambres, état : bon.",2025-10-27,2026-02-24,258000.0
EX0140,exemple fictif,,maison,Avenue des Tilleuls,133,7050,Jurbise,50.51284,3.91061,1,141,1264,4,1,3,1997,Bon,B,147,"Maison 3 façades de 141 m² à Jurbise, 4 chambres, état : bon.",2025-10-27,2026-03-26,258000.0
EX0140,exemple fictif,,maison,Avenue des Tilleuls,133,7050,Jurbise,50.51284,3.91061,1,141,1264,4,1,3,1997,Bon,B,147,"Maison 3 façades de 141 m² à Jurbise, 4 chambres, état : bon.",2025-10-27,2026-04-25,258000.0
EX0140,exemple fictif,,maison,Avenue des Tilleuls,133,7050,Jurbise,50.51284,3.91061,1,141,1264,4,1,3,1997,Bon,B,147,"Maison 3 façades de 141 m² à Jurbise, 4 chambres, état : bon.",2025-10-27,2026-05-25,258000.0
EX0140,exemple fictif,,maison,Avenue des Tilleuls,133,7050,Jurbise,50.51284,3.91061,1,141,1264,4,1,3,1997,Bon,B,147,"Maison 3 façades de 141 m² à Jurbise, 4 chambres, état : bon.",2025-10-27,2026-06-24,258000.0
EX0140,exemple fictif,,maison,Avenue des Tilleuls,133,7050,Jurbise,50.51284,3.91061,1,141,1264,4,1,3,1997,Bon,B,147,"Maison 3 façades de 141 m² à Jurbise, 4 chambres, état : bon.",2025-10-27,2026-07-24,258000.0
EX0140,exemple fictif,,maison,Avenue des Tilleuls,133,7050,Jurbise,50.51284,3.91061,1,141,1264,4,1,3,1997,Bon,B,147,"Maison 3 façades de 141 m² à Jurbise, 4 chambres, état : bon.",2025-10-27,2026-08-23,258000.0
EX0140,exemple fictif,,maison,Avenue des Tilleuls,133,7050,Jurbise,50.51284,3.91061,1,141,1264,4,1,3,1997,Bon,B,147,"Maison 3 façades de 141 m² à Jurbise, 4 chambres, état : bon.",2025-10-27,2026-09-22,258000.0
EX0141,exemple fictif,,maison,Rue de la Station,89,7390,Quaregnon,50.43645,3.85756,1,92,1381,3,1,3,1964,À restaurer,G,575,"Maison 3 façades de 92 m² à Quaregnon, 3 chambres, état : à restaurer.",2026-09-24,2026-09-24,92000.0
EX0142,exemple fictif,,maison,Rue de l'Église,61,7390,Quaregnon,50.43648,3.8734,1,132,104,3,1,2,1977,Bon,G,623,"Maison 2 façades de 132 m² à Quaregnon, 3 chambres, état : bon.",2026-01-16,2026-01-16,177000.0
EX0142,exemple fictif,,maison,Rue de l'Église,61,7390,Quaregnon,50.43648,3.8734,1,132,104,3,1,2,1977,Bon,G,623,"Maison 2 façades de 132 m² à Quaregnon, 3 chambres, état : bon.",2026-01-16,2026-02-15,177000.0
EX0142,exemple fictif,,maison,Rue de l'Église,61,7390,Quaregnon,50.43648,3.8734,1,132,104,3,1,2,1977,Bon,G,623,"Maison 2 façades de 132 m² à Quaregnon, 3 chambres, état : bon.",2026-01-16,2026-03-17,177000.0
EX0142,exemple fictif,,maison,Rue de l'Église,61,7390,Quaregnon,50.43648,3.8734,1,132,104,3,1,2,1977,Bon,G,623,"Maison 2 façades de 132 m² à Quaregnon, 3 chambres, état : bon.",2026-01-16,2026-04-16,177000.0
EX0142,exemple fictif,,maison,Rue de l'Église,61,7390,Quaregnon,50.43648,3.8734,1,132,104,3,1,2,1977,Bon,G,623,"Maison 2 façades de 132 m² à Quaregnon, 3 chambres, état : bon.",2026-01-16,2026-05-16,177000.0
EX0142,exemple fictif,,maison,Rue de l'Église,61,7390,Quaregnon,50.43648,3.8734,1,132,104,3,1,2,1977,Bon,G,623,"Maison 2 façades de 132 m² à Quaregnon, 3 chambres, état : bon.",2026-01-16,2026-06-15,177000.0
EX0142,exemple fictif,,maison,Rue de l'Église,61,7390,Quaregnon,50.43648,3.8734,1,132,104,3,1,2,1977,Bon,G,623,"Maison 2 façades de 132 m² à Quaregnon, 3 chambres, état : bon.",2026-01-16,2026-07-15,177000.0
EX0142,exemple fictif,,maison,Rue de l'Église,61,7390,Quaregnon,50.43648,3.8734,1,132,104,3,1,2,1977,Bon,G,623,"Maison 2 façades de 132 m² à Quaregnon, 3 chambres, état : bon.",2026-01-16,2026-08-14,177000.0
EX0142,exemple fictif,,maison,Rue de l'Église,61,7390,Quaregnon,50.43648,3.8734,1,132,104,3,1,2,1977,Bon,G,623,"Maison 2 façades de 132 m² à Quaregnon, 3 chambres, état : bon.",2026-01-16,2026-09-13,177000.0
EX0143,exemple fictif,,maison,Rue de la Station,39,7033,Cuesmes,50.44309,3.93051,1,150,575,4,1,3,2006,À rafraîchir,D,287,"Maison 3 façades de 150 m² à Cuesmes, 4 chambres, état : à rafraîchir.",2025-10-26,2025-10-26,209000.0
EX0143,exemple fictif,,maison,Rue de la Station,39,7033,Cuesmes,50.44309,3.93051,1,150,575,4,1,3,2006,À rafraîchir,D,287,"Maison 3 façades de 150 m² à Cuesmes, 4 chambres, état : à rafraîchir.",2025-10-26,2025-11-25,209000.0
EX0143,exemple fictif,,maison,Rue de la Station,39,7033,Cuesmes,50.44309,3.93051,1,150,575,4,1,3,2006,À rafraîchir,D,287,"Maison 3 façades de 150 m² à Cuesmes, 4 chambres, état : à rafraîchir.",2025-10-26,2025-12-25,209000.0
EX0143,exemple fictif,,maison,Rue de la Station,39,7033,Cuesmes,50.44309,3.93051,1,150,575,4,1,3,2006,À rafraîchir,D,287,"Maison 3 façades de 150 m² à Cuesmes, 4 chambres, état : à rafraîchir.",2025-10-26,2026-01-24,209000.0
EX0143,exemple fictif,,maison,Rue de la Station,39,7033,Cuesmes,50.44309,3.93051,1,150,575,4,1,3,2006,À rafraîchir,D,287,"Maison 3 façades de 150 m² à Cuesmes, 4 chambres, état : à rafraîchir.",2025-10-26,2026-02-23,209000.0
EX0144,exemple fictif,,maison,Rue du Moulin,124,7022,Hyon,50.44189,3.95588,1,138,290,3,1,2,1954,À rénover,G,581,"Maison 2 façades de 138 m² à Hyon, 3 chambres, état : à rénover.",2024-11-04,2024-11-04,300000.0
EX0144,exemple fictif,,maison,Rue du Moulin,124,7022,Hyon,50.44189,3.95588,1,138,290,3,1,2,1954,À rénover,G,581,"Maison 2 façades de 138 m² à Hyon, 3 chambres, état : à rénover.",2024-11-04,2024-12-04,300000.0
EX0144,exemple fictif,,maison,Rue du Moulin,124,7022,Hyon,50.44189,3.95588,1,138,290,3,1,2,1954,À rénover,G,581,"Maison 2 façades de 138 m² à Hyon, 3 chambres, état : à rénover.",2024-11-04,2025-01-03,300000.0
EX0144,exemple fictif,,maison,Rue du Moulin,124,7022,Hyon,50.44189,3.95588,1,138,290,3,1,2,1954,À rénover,G,581,"Maison 2 façades de 138 m² à Hyon, 3 chambres, état : à rénover.",2024-11-04,2025-02-02,300000.0
EX0144,exemple fictif,,maison,Rue du Moulin,124,7022,Hyon,50.44189,3.95588,1,138,290,3,1,2,1954,À rénover,G,581,"Maison 2 façades de 138 m² à Hyon, 3 chambres, état : à rénover.",2024-11-04,2025-03-04,278000.0
EX0144,exemple fictif,,maison,Rue du Moulin,124,7022,Hyon,50.44189,3.95588,1,138,290,3,1,2,1954,À rénover,G,581,"Maison 2 façades de 138 m² à Hyon, 3 chambres, état : à rénover.",2024-11-04,2025-04-03,278000.0
EX0144,exemple fictif,,maison,Rue du Moulin,124,7022,Hyon,50.44189,3.95588,1,138,290,3,1,2,1954,À rénover,G,581,"Maison 2 façades de 138 m² à Hyon, 3 chambres, état : à rénover.",2024-11-04,2025-05-03,278000.0
EX0144,exemple fictif,,maison,Rue du Moulin,124,7022,Hyon,50.44189,3.95588,1,138,290,3,1,2,1954,À rénover,G,581,"Maison 2 façades de 138 m² à Hyon, 3 chambres, état : à rénover.",2024-11-04,2025-06-02,278000.0
EX0144,exemple fictif,,maison,Rue du Moulin,124,7022,Hyon,50.44189,3.95588,1,138,290,3,1,2,1954,À rénover,G,581,"Maison 2 façades de 138 m² à Hyon, 3 chambres, état : à rénover.",2024-11-04,2025-07-02,278000.0
EX0144,exemple fictif,,maison,Rue du Moulin,124,7022,Hyon,50.44189,3.95588,1,138,290,3,1,2,1954,À rénover,G,581,"Maison 2 façades de 138 m² à Hyon, 3 chambres, état : à rénover.",2024-11-04,2025-08-01,261000.0
EX0144,exemple fictif,,maison,Rue du Moulin,124,7022,Hyon,50.44189,3.95588,1,138,290,3,1,2,1954,À rénover,G,581,"Maison 2 façades de 138 m² à Hyon, 3 chambres, état : à rénover.",2024-11-04,2025-08-31,261000.0
EX0144,exemple fictif,,maison,Rue du Moulin,124,7022,Hyon,50.44189,3.95588,1,138,290,3,1,2,1954,À rénover,G,581,"Maison 2 façades de 138 m² à Hyon, 3 chambres, état : à rénover.",2024-11-04,2025-09-30,261000.0
EX0144,exemple fictif,,maison,Rue du Moulin,124,7022,Hyon,50.44189,3.95588,1,138,290,3,1,2,1954,À rénover,G,581,"Maison 2 façades de 138 m² à Hyon, 3 chambres, état : à rénover.",2024-11-04,2025-10-30,261000.0
EX0144,exemple fictif,,maison,Rue du Moulin,124,7022,Hyon,50.44189,3.95588,1,138,290,3,1,2,1954,À rénover,G,581,"Maison 2 façades de 138 m² à Hyon, 3 chambres, état : à rénover.",2024-11-04,2025-11-29,261000.0
EX0144,exemple fictif,,maison,Rue du Moulin,124,7022,Hyon,50.44189,3.95588,1,138,290,3,1,2,1954,À rénover,G,581,"Maison 2 façades de 138 m² à Hyon, 3 chambres, état : à rénover.",2024-11-04,2025-12-29,261000.0
EX0144,exemple fictif,,maison,Rue du Moulin,124,7022,Hyon,50.44189,3.95588,1,138,290,3,1,2,1954,À rénover,G,581,"Maison 2 façades de 138 m² à Hyon, 3 chambres, état : à rénover.",2024-11-04,2026-01-28,261000.0
EX0144,exemple fictif,,maison,Rue du Moulin,124,7022,Hyon,50.44189,3.95588,1,138,290,3,1,2,1954,À rénover,G,581,"Maison 2 façades de 138 m² à Hyon, 3 chambres, état : à rénover.",2024-11-04,2026-02-27,261000.0
EX0144,exemple fictif,,maison,Rue du Moulin,124,7022,Hyon,50.44189,3.95588,1,138,290,3,1,2,1954,À rénover,G,581,"Maison 2 façades de 138 m² à Hyon, 3 chambres, état : à rénover.",2024-11-04,2026-03-29,261000.0
EX0144,exemple fictif,,maison,Rue du Moulin,124,7022,Hyon,50.44189,3.95588,1,138,290,3,1,2,1954,À rénover,G,581,"Maison 2 façades de 138 m² à Hyon, 3 chambres, état : à rénover.",2024-11-04,2026-04-28,261000.0
EX0144,exemple fictif,,maison,Rue du Moulin,124,7022,Hyon,50.44189,3.95588,1,138,290,3,1,2,1954,À rénover,G,581,"Maison 2 façades de 138 m² à Hyon, 3 chambres, état : à rénover.",2024-11-04,2026-05-28,261000.0
EX0144,exemple fictif,,maison,Rue du Moulin,124,7022,Hyon,50.44189,3.95588,1,138,290,3,1,2,1954,À rénover,G,581,"Maison 2 façades de 138 m² à Hyon, 3 chambres, état : à rénover.",2024-11-04,2026-06-27,261000.0
EX0144,exemple fictif,,maison,Rue du Moulin,124,7022,Hyon,50.44189,3.95588,1,138,290,3,1,2,1954,À rénover,G,581,"Maison 2 façades de 138 m² à Hyon, 3 chambres, état : à rénover.",2024-11-04,2026-07-27,261000.0
EX0144,exemple fictif,,maison,Rue du Moulin,124,7022,Hyon,50.44189,3.95588,1,138,290,3,1,2,1954,À rénover,G,581,"Maison 2 façades de 138 m² à Hyon, 3 chambres, état : à rénover.",2024-11-04,2026-08-26,261000.0
EX0144,exemple fictif,,maison,Rue du Moulin,124,7022,Hyon,50.44189,3.95588,1,138,290,3,1,2,1954,À rénover,G,581,"Maison 2 façades de 138 m² à Hyon, 3 chambres, état : à rénover.",2024-11-04,2026-09-25,250000.0
EX0145,exemple fictif,,maison,Rue du Moulin,98,7340,Colfontaine,50.41373,3.85115,1,118,90,3,1,2,1964,Bon,E,398,"Maison 2 façades de 118 m² à Colfontaine, 3 chambres, état : bon.",2025-01-09,2025-01-09,169000.0
EX0145,exemple fictif,,maison,Rue du Moulin,98,7340,Colfontaine,50.41373,3.85115,1,118,90,3,1,2,1964,Bon,E,398,"Maison 2 façades de 118 m² à Colfontaine, 3 chambres, état : bon.",2025-01-09,2025-02-08,169000.0
EX0145,exemple fictif,,maison,Rue du Moulin,98,7340,Colfontaine,50.41373,3.85115,1,118,90,3,1,2,1964,Bon,E,398,"Maison 2 façades de 118 m² à Colfontaine, 3 chambres, état : bon.",2025-01-09,2025-03-10,169000.0
EX0145,exemple fictif,,maison,Rue du Moulin,98,7340,Colfontaine,50.41373,3.85115,1,118,90,3,1,2,1964,Bon,E,398,"Maison 2 façades de 118 m² à Colfontaine, 3 chambres, état : bon.",2025-01-09,2025-04-09,169000.0
EX0145,exemple fictif,,maison,Rue du Moulin,98,7340,Colfontaine,50.41373,3.85115,1,118,90,3,1,2,1964,Bon,E,398,"Maison 2 façades de 118 m² à Colfontaine, 3 chambres, état : bon.",2025-01-09,2025-05-09,169000.0
EX0145,exemple fictif,,maison,Rue du Moulin,98,7340,Colfontaine,50.41373,3.85115,1,118,90,3,1,2,1964,Bon,E,398,"Maison 2 façades de 118 m² à Colfontaine, 3 chambres, état : bon.",2025-01-09,2025-06-08,169000.0
EX0145,exemple fictif,,maison,Rue du Moulin,98,7340,Colfontaine,50.41373,3.85115,1,118,90,3,1,2,1964,Bon,E,398,"Maison 2 façades de 118 m² à Colfontaine, 3 chambres, état : bon.",2025-01-09,2025-07-08,169000.0
EX0145,exemple fictif,,maison,Rue du Moulin,98,7340,Colfontaine,50.41373,3.85115,1,118,90,3,1,2,1964,Bon,E,398,"Maison 2 façades de 118 m² à Colfontaine, 3 chambres, état : bon.",2025-01-09,2025-08-07,169000.0
EX0145,exemple fictif,,maison,Rue du Moulin,98,7340,Colfontaine,50.41373,3.85115,1,118,90,3,1,2,1964,Bon,E,398,"Maison 2 façades de 118 m² à Colfontaine, 3 chambres, état : bon.",2025-01-09,2025-09-06,169000.0
EX0145,exemple fictif,,maison,Rue du Moulin,98,7340,Colfontaine,50.41373,3.85115,1,118,90,3,1,2,1964,Bon,E,398,"Maison 2 façades de 118 m² à Colfontaine, 3 chambres, état : bon.",2025-01-09,2025-10-06,169000.0
EX0145,exemple fictif,,maison,Rue du Moulin,98,7340,Colfontaine,50.41373,3.85115,1,118,90,3,1,2,1964,Bon,E,398,"Maison 2 façades de 118 m² à Colfontaine, 3 chambres, état : bon.",2025-01-09,2025-11-05,169000.0
EX0145,exemple fictif,,maison,Rue du Moulin,98,7340,Colfontaine,50.41373,3.85115,1,118,90,3,1,2,1964,Bon,E,398,"Maison 2 façades de 118 m² à Colfontaine, 3 chambres, état : bon.",2025-01-09,2025-12-05,169000.0
EX0145,exemple fictif,,maison,Rue du Moulin,98,7340,Colfontaine,50.41373,3.85115,1,118,90,3,1,2,1964,Bon,E,398,"Maison 2 façades de 118 m² à Colfontaine, 3 chambres, état : bon.",2025-01-09,2026-01-04,169000.0
EX0145,exemple fictif,,maison,Rue du Moulin,98,7340,Colfontaine,50.41373,3.85115,1,118,90,3,1,2,1964,Bon,E,398,"Maison 2 façades de 118 m² à Colfontaine, 3 chambres, état : bon.",2025-01-09,2026-02-03,169000.0
EX0145,exemple fictif,,maison,Rue du Moulin,98,7340,Colfontaine,50.41373,3.85115,1,118,90,3,1,2,1964,Bon,E,398,"Maison 2 façades de 118 m² à Colfontaine, 3 chambres, état : bon.",2025-01-09,2026-03-05,169000.0
EX0145,exemple fictif,,maison,Rue du Moulin,98,7340,Colfontaine,50.41373,3.85115,1,118,90,3,1,2,1964,Bon,E,398,"Maison 2 façades de 118 m² à Colfontaine, 3 chambres, état : bon.",2025-01-09,2026-04-04,169000.0
EX0145,exemple fictif,,maison,Rue du Moulin,98,7340,Colfontaine,50.41373,3.85115,1,118,90,3,1,2,1964,Bon,E,398,"Maison 2 façades de 118 m² à Colfontaine, 3 chambres, état : bon.",2025-01-09,2026-05-04,169000.0
EX0145,exemple fictif,,maison,Rue du Moulin,98,7340,Colfontaine,50.41373,3.85115,1,118,90,3,1,2,1964,Bon,E,398,"Maison 2 façades de 118 m² à Colfontaine, 3 chambres, état : bon.",2025-01-09,2026-06-03,169000.0
EX0145,exemple fictif,,maison,Rue du Moulin,98,7340,Colfontaine,50.41373,3.85115,1,118,90,3,1,2,1964,Bon,E,398,"Maison 2 façades de 118 m² à Colfontaine, 3 chambres, état : bon.",2025-01-09,2026-07-03,169000.0
EX0145,exemple fictif,,maison,Rue du Moulin,98,7340,Colfontaine,50.41373,3.85115,1,118,90,3,1,2,1964,Bon,E,398,"Maison 2 façades de 118 m² à Colfontaine, 3 chambres, état : bon.",2025-01-09,2026-08-02,169000.0
EX0145,exemple fictif,,maison,Rue du Moulin,98,7340,Colfontaine,50.41373,3.85115,1,118,90,3,1,2,1964,Bon,E,398,"Maison 2 façades de 118 m² à Colfontaine, 3 chambres, état : bon.",2025-01-09,2026-09-01,169000.0
EX0145,exemple fictif,,maison,Rue du Moulin,98,7340,Colfontaine,50.41373,3.85115,1,118,90,3,1,2,1964,Bon,E,398,"Maison 2 façades de 118 m² à Colfontaine, 3 chambres, état : bon.",2025-01-09,2026-10-01,169000.0
EX0146,exemple fictif,,maison,Avenue des Tilleuls,82,7340,Colfontaine,50.41174,3.84423,1,167,93,5,2,2,1994,Bon,G,611,"Maison 2 façades de 167 m² à Colfontaine, 5 chambres, état : bon.",2026-08-10,2026-08-10,227000.0
EX0146,exemple fictif,,maison,Avenue des Tilleuls,82,7340,Colfontaine,50.41174,3.84423,1,167,93,5,2,2,1994,Bon,G,611,"Maison 2 façades de 167 m² à Colfontaine, 5 chambres, état : bon.",2026-08-10,2026-09-09,227000.0
EX0147,exemple fictif,,maison,Avenue des Tilleuls,156,7030,Saint-Symphorien,50.42981,4.02175,1,133,113,4,1,2,1962,Bon,E,386,"Maison 2 façades de 133 m² à Saint-Symphorien, 4 chambres, état : bon.",2026-03-31,2026-03-31,361000.0
EX0147,exemple fictif,,maison,Avenue des Tilleuls,156,7030,Saint-Symphorien,50.42981,4.02175,1,133,113,4,1,2,1962,Bon,E,386,"Maison 2 façades de 133 m² à Saint-Symphorien, 4 chambres, état : bon.",2026-03-31,2026-04-30,361000.0
EX0147,exemple fictif,,maison,Avenue des Tilleuls,156,7030,Saint-Symphorien,50.42981,4.02175,1,133,113,4,1,2,1962,Bon,E,386,"Maison 2 façades de 133 m² à Saint-Symphorien, 4 chambres, état : bon.",2026-03-31,2026-05-30,361000.0
EX0147,exemple fictif,,maison,Avenue des Tilleuls,156,7030,Saint-Symphorien,50.42981,4.02175,1,133,113,4,1,2,1962,Bon,E,386,"Maison 2 façades de 133 m² à Saint-Symphorien, 4 chambres, état : bon.",2026-03-31,2026-06-29,361000.0
EX0147,exemple fictif,,maison,Avenue des Tilleuls,156,7030,Saint-Symphorien,50.42981,4.02175,1,133,113,4,1,2,1962,Bon,E,386,"Maison 2 façades de 133 m² à Saint-Symphorien, 4 chambres, état : bon.",2026-03-31,2026-07-29,350000.0
EX0147,exemple fictif,,maison,Avenue des Tilleuls,156,7030,Saint-Symphorien,50.42981,4.02175,1,133,113,4,1,2,1962,Bon,E,386,"Maison 2 façades de 133 m² à Saint-Symphorien, 4 chambres, état : bon.",2026-03-31,2026-08-28,334000.0
EX0147,exemple fictif,,maison,Avenue des Tilleuls,156,7030,Saint-Symphorien,50.42981,4.02175,1,133,113,4,1,2,1962,Bon,E,386,"Maison 2 façades de 133 m² à Saint-Symphorien, 4 chambres, état : bon.",2026-03-31,2026-09-27,334000.0
EX0148,exemple fictif,,maison,Rue des Écoles,155,7000,Mons,50.46482,3.93807,1,147,284,4,1,4,2001,Bon,E,381,"Maison 4 façades de 147 m² à Mons, 4 chambres, état : bon.",2024-11-01,2024-11-01,303000.0
EX0148,exemple fictif,,maison,Rue des Écoles,155,7000,Mons,50.46482,3.93807,1,147,284,4,1,4,2001,Bon,E,381,"Maison 4 façades de 147 m² à Mons, 4 chambres, état : bon.",2024-11-01,2024-12-01,303000.0
EX0148,exemple fictif,,maison,Rue des Écoles,155,7000,Mons,50.46482,3.93807,1,147,284,4,1,4,2001,Bon,E,381,"Maison 4 façades de 147 m² à Mons, 4 chambres, état : bon.",2024-11-01,2024-12-31,303000.0
EX0148,exemple fictif,,maison,Rue des Écoles,155,7000,Mons,50.46482,3.93807,1,147,284,4,1,4,2001,Bon,E,381,"Maison 4 façades de 147 m² à Mons, 4 chambres, état : bon.",2024-11-01,2025-01-30,303000.0
EX0148,exemple fictif,,maison,Rue des Écoles,155,7000,Mons,50.46482,3.93807,1,147,284,4,1,4,2001,Bon,E,381,"Maison 4 façades de 147 m² à Mons, 4 chambres, état : bon.",2024-11-01,2025-03-01,303000.0
EX0148,exemple fictif,,maison,Rue des Écoles,155,7000,Mons,50.46482,3.93807,1,147,284,4,1,4,2001,Bon,E,381,"Maison 4 façades de 147 m² à Mons, 4 chambres, état : bon.",2024-11-01,2025-03-31,303000.0
EX0148,exemple fictif,,maison,Rue des Écoles,155,7000,Mons,50.46482,3.93807,1,147,284,4,1,4,2001,Bon,E,381,"Maison 4 façades de 147 m² à Mons, 4 chambres, état : bon.",2024-11-01,2025-04-30,303000.0
EX0149,exemple fictif,,maison,Avenue des Tilleuls,31,7012,Jemappes,50.44835,3.89066,1,163,1306,4,2,3,1950,Comme neuf,B,136,"Maison 3 façades de 163 m² à Jemappes, 4 chambres, état : comme neuf.",2024-11-01,2024-11-01,370000.0
EX0149,exemple fictif,,maison,Avenue des Tilleuls,31,7012,Jemappes,50.44835,3.89066,1,163,1306,4,2,3,1950,Comme neuf,B,136,"Maison 3 façades de 163 m² à Jemappes, 4 chambres, état : comme neuf.",2024-11-01,2024-12-01,370000.0
EX0149,exemple fictif,,maison,Avenue des Tilleuls,31,7012,Jemappes,50.44835,3.89066,1,163,1306,4,2,3,1950,Comme neuf,B,136,"Maison 3 façades de 163 m² à Jemappes, 4 chambres, état : comme neuf.",2024-11-01,2024-12-31,370000.0
EX0149,exemple fictif,,maison,Avenue des Tilleuls,31,7012,Jemappes,50.44835,3.89066,1,163,1306,4,2,3,1950,Comme neuf,B,136,"Maison 3 façades de 163 m² à Jemappes, 4 chambres, état : comme neuf.",2024-11-01,2025-01-30,370000.0
EX0149,exemple fictif,,maison,Avenue des Tilleuls,31,7012,Jemappes,50.44835,3.89066,1,163,1306,4,2,3,1950,Comme neuf,B,136,"Maison 3 façades de 163 m² à Jemappes, 4 chambres, état : comme neuf.",2024-11-01,2025-03-01,370000.0
EX0149,exemple fictif,,maison,Avenue des Tilleuls,31,7012,Jemappes,50.44835,3.89066,1,163,1306,4,2,3,1950,Comme neuf,B,136,"Maison 3 façades de 163 m² à Jemappes, 4 chambres, état : comme neuf.",2024-11-01,2025-03-31,370000.0
EX0149,exemple fictif,,maison,Avenue des Tilleuls,31,7012,Jemappes,50.44835,3.89066,1,163,1306,4,2,3,1950,Comme neuf,B,136,"Maison 3 façades de 163 m² à Jemappes, 4 chambres, état : comme neuf.",2024-11-01,2025-04-30,370000.0
EX0149,exemple fictif,,maison,Avenue des Tilleuls,31,7012,Jemappes,50.44835,3.89066,1,163,1306,4,2,3,1950,Comme neuf,B,136,"Maison 3 façades de 163 m² à Jemappes, 4 chambres, état : comme neuf.",2024-11-01,2025-05-30,370000.0
EX0149,exemple fictif,,maison,Avenue des Tilleuls,31,7012,Jemappes,50.44835,3.89066,1,163,1306,4,2,3,1950,Comme neuf,B,136,"Maison 3 façades de 163 m² à Jemappes, 4 chambres, état : comme neuf.",2024-11-01,2025-06-29,370000.0
EX0149,exemple fictif,,maison,Avenue des Tilleuls,31,7012,Jemappes,50.44835,3.89066,1,163,1306,4,2,3,1950,Comme neuf,B,136,"Maison 3 façades de 163 m² à Jemappes, 4 chambres, état : comme neuf.",2024-11-01,2025-07-29,370000.0
EX0149,exemple fictif,,maison,Avenue des Tilleuls,31,7012,Jemappes,50.44835,3.89066,1,163,1306,4,2,3,1950,Comme neuf,B,136,"Maison 3 façades de 163 m² à Jemappes, 4 chambres, état : comme neuf.",2024-11-01,2025-08-28,370000.0
EX0149,exemple fictif,,maison,Avenue des Tilleuls,31,7012,Jemappes,50.44835,3.89066,1,163,1306,4,2,3,1950,Comme neuf,B,136,"Maison 3 façades de 163 m² à Jemappes, 4 chambres, état : comme neuf.",2024-11-01,2025-09-27,370000.0
EX0149,exemple fictif,,maison,Avenue des Tilleuls,31,7012,Jemappes,50.44835,3.89066,1,163,1306,4,2,3,1950,Comme neuf,B,136,"Maison 3 façades de 163 m² à Jemappes, 4 chambres, état : comme neuf.",2024-11-01,2025-10-27,370000.0
EX0149,exemple fictif,,maison,Avenue des Tilleuls,31,7012,Jemappes,50.44835,3.89066,1,163,1306,4,2,3,1950,Comme neuf,B,136,"Maison 3 façades de 163 m² à Jemappes, 4 chambres, état : comme neuf.",2024-11-01,2025-11-26,370000.0
EX0150,exemple fictif,,maison,Rue de la Station,193,7050,Jurbise,50.5267,3.91969,1,136,979,3,1,3,2001,À restaurer,G,628,"Maison 3 façades de 136 m² à Jurbise, 3 chambres, état : à restaurer.",2024-10-29,2024-10-29,183000.0
EX0150,exemple fictif,,maison,Rue de la Station,193,7050,Jurbise,50.5267,3.91969,1,136,979,3,1,3,2001,À restaurer,G,628,"Maison 3 façades de 136 m² à Jurbise, 3 chambres, état : à restaurer.",2024-10-29,2024-11-28,183000.0
EX0150,exemple fictif,,maison,Rue de la Station,193,7050,Jurbise,50.5267,3.91969,1,136,979,3,1,3,2001,À restaurer,G,628,"Maison 3 façades de 136 m² à Jurbise, 3 chambres, état : à restaurer.",2024-10-29,2024-12-28,183000.0
EX0151,exemple fictif,,maison,Avenue des Tilleuls,188,7040,Quévy,50.38338,3.95631,1,104,345,3,1,3,1999,Fraîchement rénové,A,89,"Maison 3 façades de 104 m² à Quévy, 3 chambres, état : fraîchement rénové.",2024-08-10,2024-08-10,340000.0
EX0151,exemple fictif,,maison,Avenue des Tilleuls,188,7040,Quévy,50.38338,3.95631,1,104,345,3,1,3,1999,Fraîchement rénové,A,89,"Maison 3 façades de 104 m² à Quévy, 3 chambres, état : fraîchement rénové.",2024-08-10,2024-09-09,340000.0
EX0151,exemple fictif,,maison,Avenue des Tilleuls,188,7040,Quévy,50.38338,3.95631,1,104,345,3,1,3,1999,Fraîchement rénové,A,89,"Maison 3 façades de 104 m² à Quévy, 3 chambres, état : fraîchement rénové.",2024-08-10,2024-10-09,340000.0
EX0151,exemple fictif,,maison,Avenue des Tilleuls,188,7040,Quévy,50.38338,3.95631,1,104,345,3,1,3,1999,Fraîchement rénové,A,89,"Maison 3 façades de 104 m² à Quévy, 3 chambres, état : fraîchement rénové.",2024-08-10,2024-11-08,340000.0
EX0151,exemple fictif,,maison,Avenue des Tilleuls,188,7040,Quévy,50.38338,3.95631,1,104,345,3,1,3,1999,Fraîchement rénové,A,89,"Maison 3 façades de 104 m² à Quévy, 3 chambres, état : fraîchement rénové.",2024-08-10,2024-12-08,340000.0
EX0151,exemple fictif,,maison,Avenue des Tilleuls,188,7040,Quévy,50.38338,3.95631,1,104,345,3,1,3,1999,Fraîchement rénové,A,89,"Maison 3 façades de 104 m² à Quévy, 3 chambres, état : fraîchement rénové.",2024-08-10,2025-01-07,340000.0
EX0151,exemple fictif,,maison,Avenue des Tilleuls,188,7040,Quévy,50.38338,3.95631,1,104,345,3,1,3,1999,Fraîchement rénové,A,89,"Maison 3 façades de 104 m² à Quévy, 3 chambres, état : fraîchement rénové.",2024-08-10,2025-02-06,340000.0
EX0151,exemple fictif,,maison,Avenue des Tilleuls,188,7040,Quévy,50.38338,3.95631,1,104,345,3,1,3,1999,Fraîchement rénové,A,89,"Maison 3 façades de 104 m² à Quévy, 3 chambres, état : fraîchement rénové.",2024-08-10,2025-03-08,340000.0
EX0151,exemple fictif,,maison,Avenue des Tilleuls,188,7040,Quévy,50.38338,3.95631,1,104,345,3,1,3,1999,Fraîchement rénové,A,89,"Maison 3 façades de 104 m² à Quévy, 3 chambres, état : fraîchement rénové.",2024-08-10,2025-04-07,340000.0
EX0151,exemple fictif,,maison,Avenue des Tilleuls,188,7040,Quévy,50.38338,3.95631,1,104,345,3,1,3,1999,Fraîchement rénové,A,89,"Maison 3 façades de 104 m² à Quévy, 3 chambres, état : fraîchement rénové.",2024-08-10,2025-05-07,340000.0
EX0151,exemple fictif,,maison,Avenue des Tilleuls,188,7040,Quévy,50.38338,3.95631,1,104,345,3,1,3,1999,Fraîchement rénové,A,89,"Maison 3 façades de 104 m² à Quévy, 3 chambres, état : fraîchement rénové.",2024-08-10,2025-06-06,340000.0
EX0151,exemple fictif,,maison,Avenue des Tilleuls,188,7040,Quévy,50.38338,3.95631,1,104,345,3,1,3,1999,Fraîchement rénové,A,89,"Maison 3 façades de 104 m² à Quévy, 3 chambres, état : fraîchement rénové.",2024-08-10,2025-07-06,340000.0
EX0151,exemple fictif,,maison,Avenue des Tilleuls,188,7040,Quévy,50.38338,3.95631,1,104,345,3,1,3,1999,Fraîchement rénové,A,89,"Maison 3 façades de 104 m² à Quévy, 3 chambres, état : fraîchement rénové.",2024-08-10,2025-08-05,340000.0
EX0151,exemple fictif,,maison,Avenue des Tilleuls,188,7040,Quévy,50.38338,3.95631,1,104,345,3,1,3,1999,Fraîchement rénové,A,89,"Maison 3 façades de 104 m² à Quévy, 3 chambres, état : fraîchement rénové.",2024-08-10,2025-09-04,340000.0
EX0151,exemple fictif,,maison,Avenue des Tilleuls,188,7040,Quévy,50.38338,3.95631,1,104,345,3,1,3,1999,Fraîchement rénové,A,89,"Maison 3 façades de 104 m² à Quévy, 3 chambres, état : fraîchement rénové.",2024-08-10,2025-10-04,340000.0
EX0151,exemple fictif,,maison,Avenue des Tilleuls,188,7040,Quévy,50.38338,3.95631,1,104,345,3,1,3,1999,Fraîchement rénové,A,89,"Maison 3 façades de 104 m² à Quévy, 3 chambres, état : fraîchement rénové.",2024-08-10,2025-11-03,340000.0
EX0151,exemple fictif,,maison,Avenue des Tilleuls,188,7040,Quévy,50.38338,3.95631,1,104,345,3,1,3,1999,Fraîchement rénové,A,89,"Maison 3 façades de 104 m² à Quévy, 3 chambres, état : fraîchement rénové.",2024-08-10,2025-12-03,340000.0
EX0151,exemple fictif,,maison,Avenue des Tilleuls,188,7040,Quévy,50.38338,3.95631,1,104,345,3,1,3,1999,Fraîchement rénové,A,89,"Maison 3 façades de 104 m² à Quévy, 3 chambres, état : fraîchement rénové.",2024-08-10,2026-01-02,340000.0
EX0151,exemple fictif,,maison,Avenue des Tilleuls,188,7040,Quévy,50.38338,3.95631,1,104,345,3,1,3,1999,Fraîchement rénové,A,89,"Maison 3 façades de 104 m² à Quévy, 3 chambres, état : fraîchement rénové.",2024-08-10,2026-02-01,340000.0
EX0151,exemple fictif,,maison,Avenue des Tilleuls,188,7040,Quévy,50.38338,3.95631,1,104,345,3,1,3,1999,Fraîchement rénové,A,89,"Maison 3 façades de 104 m² à Quévy, 3 chambres, état : fraîchement rénové.",2024-08-10,2026-03-03,340000.0
EX0151,exemple fictif,,maison,Avenue des Tilleuls,188,7040,Quévy,50.38338,3.95631,1,104,345,3,1,3,1999,Fraîchement rénové,A,89,"Maison 3 façades de 104 m² à Quévy, 3 chambres, état : fraîchement rénové.",2024-08-10,2026-04-02,340000.0
EX0151,exemple fictif,,maison,Avenue des Tilleuls,188,7040,Quévy,50.38338,3.95631,1,104,345,3,1,3,1999,Fraîchement rénové,A,89,"Maison 3 façades de 104 m² à Quévy, 3 chambres, état : fraîchement rénové.",2024-08-10,2026-05-02,340000.0
EX0151,exemple fictif,,maison,Avenue des Tilleuls,188,7040,Quévy,50.38338,3.95631,1,104,345,3,1,3,1999,Fraîchement rénové,A,89,"Maison 3 façades de 104 m² à Quévy, 3 chambres, état : fraîchement rénové.",2024-08-10,2026-06-01,340000.0
EX0151,exemple fictif,,maison,Avenue des Tilleuls,188,7040,Quévy,50.38338,3.95631,1,104,345,3,1,3,1999,Fraîchement rénové,A,89,"Maison 3 façades de 104 m² à Quévy, 3 chambres, état : fraîchement rénové.",2024-08-10,2026-07-01,340000.0
EX0151,exemple fictif,,maison,Avenue des Tilleuls,188,7040,Quévy,50.38338,3.95631,1,104,345,3,1,3,1999,Fraîchement rénové,A,89,"Maison 3 façades de 104 m² à Quévy, 3 chambres, état : fraîchement rénové.",2024-08-10,2026-07-31,340000.0
EX0151,exemple fictif,,maison,Avenue des Tilleuls,188,7040,Quévy,50.38338,3.95631,1,104,345,3,1,3,1999,Fraîchement rénové,A,89,"Maison 3 façades de 104 m² à Quévy, 3 chambres, état : fraîchement rénové.",2024-08-10,2026-08-30,340000.0
EX0151,exemple fictif,,maison,Avenue des Tilleuls,188,7040,Quévy,50.38338,3.95631,1,104,345,3,1,3,1999,Fraîchement rénové,A,89,"Maison 3 façades de 104 m² à Quévy, 3 chambres, état : fraîchement rénové.",2024-08-10,2026-09-29,340000.0
EX0152,exemple fictif,,maison,Rue du Moulin,132,7000,Mons,50.45724,3.95509,1,152,174,4,1,2,1916,Bon,F,445,"Maison 2 façades de 152 m² à Mons, 4 chambres, état : bon.",2026-07-30,2026-07-30,346000.0
EX0152,exemple fictif,,maison,Rue du Moulin,132,7000,Mons,50.45724,3.95509,1,152,174,4,1,2,1916,Bon,F,445,"Maison 2 façades de 152 m² à Mons, 4 chambres, état : bon.",2026-07-30,2026-08-29,346000.0
EX0152,exemple fictif,,maison,Rue du Moulin,132,7000,Mons,50.45724,3.95509,1,152,174,4,1,2,1916,Bon,F,445,"Maison 2 façades de 152 m² à Mons, 4 chambres, état : bon.",2026-07-30,2026-09-28,346000.0
EX0153,exemple fictif,,maison,Rue de la Station,150,7011,Ghlin,50.4799,3.89858,1,116,1137,3,1,3,1962,À rafraîchir,G,617,"Maison 3 façades de 116 m² à Ghlin, 3 chambres, état : à rafraîchir.",2024-08-23,2024-08-23,205000.0
EX0153,exemple fictif,,maison,Rue de la Station,150,7011,Ghlin,50.4799,3.89858,1,116,1137,3,1,3,1962,À rafraîchir,G,617,"Maison 3 façades de 116 m² à Ghlin, 3 chambres, état : à rafraîchir.",2024-08-23,2024-09-22,205000.0
EX0153,exemple fictif,,maison,Rue de la Station,150,7011,Ghlin,50.4799,3.89858,1,116,1137,3,1,3,1962,À rafraîchir,G,617,"Maison 3 façades de 116 m² à Ghlin, 3 chambres, état : à rafraîchir.",2024-08-23,2024-10-22,205000.0
EX0153,exemple fictif,,maison,Rue de la Station,150,7011,Ghlin,50.4799,3.89858,1,116,1137,3,1,3,1962,À rafraîchir,G,617,"Maison 3 façades de 116 m² à Ghlin, 3 chambres, état : à rafraîchir.",2024-08-23,2024-11-21,205000.0
EX0153,exemple fictif,,maison,Rue de la Station,150,7011,Ghlin,50.4799,3.89858,1,116,1137,3,1,3,1962,À rafraîchir,G,617,"Maison 3 façades de 116 m² à Ghlin, 3 chambres, état : à rafraîchir.",2024-08-23,2024-12-21,205000.0
EX0153,exemple fictif,,maison,Rue de la Station,150,7011,Ghlin,50.4799,3.89858,1,116,1137,3,1,3,1962,À rafraîchir,G,617,"Maison 3 façades de 116 m² à Ghlin, 3 chambres, état : à rafraîchir.",2024-08-23,2025-01-20,205000.0
EX0153,exemple fictif,,maison,Rue de la Station,150,7011,Ghlin,50.4799,3.89858,1,116,1137,3,1,3,1962,À rafraîchir,G,617,"Maison 3 façades de 116 m² à Ghlin, 3 chambres, état : à rafraîchir.",2024-08-23,2025-02-19,205000.0
EX0153,exemple fictif,,maison,Rue de la Station,150,7011,Ghlin,50.4799,3.89858,1,116,1137,3,1,3,1962,À rafraîchir,G,617,"Maison 3 façades de 116 m² à Ghlin, 3 chambres, état : à rafraîchir.",2024-08-23,2025-03-21,205000.0
EX0153,exemple fictif,,maison,Rue de la Station,150,7011,Ghlin,50.4799,3.89858,1,116,1137,3,1,3,1962,À rafraîchir,G,617,"Maison 3 façades de 116 m² à Ghlin, 3 chambres, état : à rafraîchir.",2024-08-23,2025-04-20,205000.0
EX0153,exemple fictif,,maison,Rue de la Station,150,7011,Ghlin,50.4799,3.89858,1,116,1137,3,1,3,1962,À rafraîchir,G,617,"Maison 3 façades de 116 m² à Ghlin, 3 chambres, état : à rafraîchir.",2024-08-23,2025-05-20,205000.0
EX0153,exemple fictif,,maison,Rue de la Station,150,7011,Ghlin,50.4799,3.89858,1,116,1137,3,1,3,1962,À rafraîchir,G,617,"Maison 3 façades de 116 m² à Ghlin, 3 chambres, état : à rafraîchir.",2024-08-23,2025-06-19,205000.0
EX0153,exemple fictif,,maison,Rue de la Station,150,7011,Ghlin,50.4799,3.89858,1,116,1137,3,1,3,1962,À rafraîchir,G,617,"Maison 3 façades de 116 m² à Ghlin, 3 chambres, état : à rafraîchir.",2024-08-23,2025-07-19,205000.0
EX0153,exemple fictif,,maison,Rue de la Station,150,7011,Ghlin,50.4799,3.89858,1,116,1137,3,1,3,1962,À rafraîchir,G,617,"Maison 3 façades de 116 m² à Ghlin, 3 chambres, état : à rafraîchir.",2024-08-23,2025-08-18,205000.0
EX0153,exemple fictif,,maison,Rue de la Station,150,7011,Ghlin,50.4799,3.89858,1,116,1137,3,1,3,1962,À rafraîchir,G,617,"Maison 3 façades de 116 m² à Ghlin, 3 chambres, état : à rafraîchir.",2024-08-23,2025-09-17,205000.0
EX0153,exemple fictif,,maison,Rue de la Station,150,7011,Ghlin,50.4799,3.89858,1,116,1137,3,1,3,1962,À rafraîchir,G,617,"Maison 3 façades de 116 m² à Ghlin, 3 chambres, état : à rafraîchir.",2024-08-23,2025-10-17,205000.0
EX0153,exemple fictif,,maison,Rue de la Station,150,7011,Ghlin,50.4799,3.89858,1,116,1137,3,1,3,1962,À rafraîchir,G,617,"Maison 3 façades de 116 m² à Ghlin, 3 chambres, état : à rafraîchir.",2024-08-23,2025-11-16,205000.0
EX0153,exemple fictif,,maison,Rue de la Station,150,7011,Ghlin,50.4799,3.89858,1,116,1137,3,1,3,1962,À rafraîchir,G,617,"Maison 3 façades de 116 m² à Ghlin, 3 chambres, état : à rafraîchir.",2024-08-23,2025-12-16,205000.0
EX0153,exemple fictif,,maison,Rue de la Station,150,7011,Ghlin,50.4799,3.89858,1,116,1137,3,1,3,1962,À rafraîchir,G,617,"Maison 3 façades de 116 m² à Ghlin, 3 chambres, état : à rafraîchir.",2024-08-23,2026-01-15,205000.0
EX0153,exemple fictif,,maison,Rue de la Station,150,7011,Ghlin,50.4799,3.89858,1,116,1137,3,1,3,1962,À rafraîchir,G,617,"Maison 3 façades de 116 m² à Ghlin, 3 chambres, état : à rafraîchir.",2024-08-23,2026-02-14,205000.0
EX0153,exemple fictif,,maison,Rue de la Station,150,7011,Ghlin,50.4799,3.89858,1,116,1137,3,1,3,1962,À rafraîchir,G,617,"Maison 3 façades de 116 m² à Ghlin, 3 chambres, état : à rafraîchir.",2024-08-23,2026-03-16,205000.0
EX0153,exemple fictif,,maison,Rue de la Station,150,7011,Ghlin,50.4799,3.89858,1,116,1137,3,1,3,1962,À rafraîchir,G,617,"Maison 3 façades de 116 m² à Ghlin, 3 chambres, état : à rafraîchir.",2024-08-23,2026-04-15,205000.0
EX0153,exemple fictif,,maison,Rue de la Station,150,7011,Ghlin,50.4799,3.89858,1,116,1137,3,1,3,1962,À rafraîchir,G,617,"Maison 3 façades de 116 m² à Ghlin, 3 chambres, état : à rafraîchir.",2024-08-23,2026-05-15,205000.0
EX0153,exemple fictif,,maison,Rue de la Station,150,7011,Ghlin,50.4799,3.89858,1,116,1137,3,1,3,1962,À rafraîchir,G,617,"Maison 3 façades de 116 m² à Ghlin, 3 chambres, état : à rafraîchir.",2024-08-23,2026-06-14,205000.0
EX0153,exemple fictif,,maison,Rue de la Station,150,7011,Ghlin,50.4799,3.89858,1,116,1137,3,1,3,1962,À rafraîchir,G,617,"Maison 3 façades de 116 m² à Ghlin, 3 chambres, état : à rafraîchir.",2024-08-23,2026-07-14,205000.0
EX0153,exemple fictif,,maison,Rue de la Station,150,7011,Ghlin,50.4799,3.89858,1,116,1137,3,1,3,1962,À rafraîchir,G,617,"Maison 3 façades de 116 m² à Ghlin, 3 chambres, état : à rafraîchir.",2024-08-23,2026-08-13,205000.0
EX0153,exemple fictif,,maison,Rue de la Station,150,7011,Ghlin,50.4799,3.89858,1,116,1137,3,1,3,1962,À rafraîchir,G,617,"Maison 3 façades de 116 m² à Ghlin, 3 chambres, état : à rafraîchir.",2024-08-23,2026-09-12,205000.0
EX0154,exemple fictif,,maison,Rue de la Station,43,7050,Jurbise,50.52104,3.90812,1,160,154,3,1,2,1941,Bon,G,586,"Maison 2 façades de 160 m² à Jurbise, 3 chambres, état : bon.",2025-12-11,2025-12-11,365000.0
EX0154,exemple fictif,,maison,Rue de la Station,43,7050,Jurbise,50.52104,3.90812,1,160,154,3,1,2,1941,Bon,G,586,"Maison 2 façades de 160 m² à Jurbise, 3 chambres, état : bon.",2025-12-11,2026-01-10,337000.0
EX0154,exemple fictif,,maison,Rue de la Station,43,7050,Jurbise,50.52104,3.90812,1,160,154,3,1,2,1941,Bon,G,586,"Maison 2 façades de 160 m² à Jurbise, 3 chambres, état : bon.",2025-12-11,2026-02-09,316000.0
EX0154,exemple fictif,,maison,Rue de la Station,43,7050,Jurbise,50.52104,3.90812,1,160,154,3,1,2,1941,Bon,G,586,"Maison 2 façades de 160 m² à Jurbise, 3 chambres, état : bon.",2025-12-11,2026-03-11,316000.0
EX0154,exemple fictif,,maison,Rue de la Station,43,7050,Jurbise,50.52104,3.90812,1,160,154,3,1,2,1941,Bon,G,586,"Maison 2 façades de 160 m² à Jurbise, 3 chambres, état : bon.",2025-12-11,2026-04-10,302000.0
EX0154,exemple fictif,,maison,Rue de la Station,43,7050,Jurbise,50.52104,3.90812,1,160,154,3,1,2,1941,Bon,G,586,"Maison 2 façades de 160 m² à Jurbise, 3 chambres, état : bon.",2025-12-11,2026-05-10,302000.0
EX0154,exemple fictif,,maison,Rue de la Station,43,7050,Jurbise,50.52104,3.90812,1,160,154,3,1,2,1941,Bon,G,586,"Maison 2 façades de 160 m² à Jurbise, 3 chambres, état : bon.",2025-12-11,2026-06-09,280000.0
EX0154,exemple fictif,,maison,Rue de la Station,43,7050,Jurbise,50.52104,3.90812,1,160,154,3,1,2,1941,Bon,G,586,"Maison 2 façades de 160 m² à Jurbise, 3 chambres, état : bon.",2025-12-11,2026-07-09,280000.0
EX0154,exemple fictif,,maison,Rue de la Station,43,7050,Jurbise,50.52104,3.90812,1,160,154,3,1,2,1941,Bon,G,586,"Maison 2 façades de 160 m² à Jurbise, 3 chambres, état : bon.",2025-12-11,2026-08-08,269000.0
EX0154,exemple fictif,,maison,Rue de la Station,43,7050,Jurbise,50.52104,3.90812,1,160,154,3,1,2,1941,Bon,G,586,"Maison 2 façades de 160 m² à Jurbise, 3 chambres, état : bon.",2025-12-11,2026-09-07,269000.0
EX0154,exemple fictif,,maison,Rue de la Station,43,7050,Jurbise,50.52104,3.90812,1,160,154,3,1,2,1941,Bon,G,586,"Maison 2 façades de 160 m² à Jurbise, 3 chambres, état : bon.",2025-12-11,2026-10-07,269000.0
EX0155,exemple fictif,,maison,Rue de l'Église,136,7033,Cuesmes,50.44894,3.91215,1,117,952,2,1,3,1973,Bon,G,620,"Maison 3 façades de 117 m² à Cuesmes, 2 chambres, état : bon.",2026-01-10,2026-01-10,223000.0
EX0155,exemple fictif,,maison,Rue de l'Église,136,7033,Cuesmes,50.44894,3.91215,1,117,952,2,1,3,1973,Bon,G,620,"Maison 3 façades de 117 m² à Cuesmes, 2 chambres, état : bon.",2026-01-10,2026-02-09,223000.0
EX0155,exemple fictif,,maison,Rue de l'Église,136,7033,Cuesmes,50.44894,3.91215,1,117,952,2,1,3,1973,Bon,G,620,"Maison 3 façades de 117 m² à Cuesmes, 2 chambres, état : bon.",2026-01-10,2026-03-11,223000.0
EX0155,exemple fictif,,maison,Rue de l'Église,136,7033,Cuesmes,50.44894,3.91215,1,117,952,2,1,3,1973,Bon,G,620,"Maison 3 façades de 117 m² à Cuesmes, 2 chambres, état : bon.",2026-01-10,2026-04-10,223000.0
EX0155,exemple fictif,,maison,Rue de l'Église,136,7033,Cuesmes,50.44894,3.91215,1,117,952,2,1,3,1973,Bon,G,620,"Maison 3 façades de 117 m² à Cuesmes, 2 chambres, état : bon.",2026-01-10,2026-05-10,223000.0
EX0155,exemple fictif,,maison,Rue de l'Église,136,7033,Cuesmes,50.44894,3.91215,1,117,952,2,1,3,1973,Bon,G,620,"Maison 3 façades de 117 m² à Cuesmes, 2 chambres, état : bon.",2026-01-10,2026-06-09,223000.0
EX0156,exemple fictif,,maison,Rue de la Station,97,7050,Jurbise,50.52837,3.90617,1,107,613,3,1,3,1904,À restaurer,E,371,"Maison 3 façades de 107 m² à Jurbise, 3 chambres, état : à restaurer.",2024-12-01,2024-12-01,121000.0
EX0156,exemple fictif,,maison,Rue de la Station,97,7050,Jurbise,50.52837,3.90617,1,107,613,3,1,3,1904,À restaurer,E,371,"Maison 3 façades de 107 m² à Jurbise, 3 chambres, état : à restaurer.",2024-12-01,2024-12-31,121000.0
EX0156,exemple fictif,,maison,Rue de la Station,97,7050,Jurbise,50.52837,3.90617,1,107,613,3,1,3,1904,À restaurer,E,371,"Maison 3 façades de 107 m² à Jurbise, 3 chambres, état : à restaurer.",2024-12-01,2025-01-30,121000.0
EX0156,exemple fictif,,maison,Rue de la Station,97,7050,Jurbise,50.52837,3.90617,1,107,613,3,1,3,1904,À restaurer,E,371,"Maison 3 façades de 107 m² à Jurbise, 3 chambres, état : à restaurer.",2024-12-01,2025-03-01,121000.0
EX0156,exemple fictif,,maison,Rue de la Station,97,7050,Jurbise,50.52837,3.90617,1,107,613,3,1,3,1904,À restaurer,E,371,"Maison 3 façades de 107 m² à Jurbise, 3 chambres, état : à restaurer.",2024-12-01,2025-03-31,121000.0
EX0156,exemple fictif,,maison,Rue de la Station,97,7050,Jurbise,50.52837,3.90617,1,107,613,3,1,3,1904,À restaurer,E,371,"Maison 3 façades de 107 m² à Jurbise, 3 chambres, état : à restaurer.",2024-12-01,2025-04-30,121000.0
EX0156,exemple fictif,,maison,Rue de la Station,97,7050,Jurbise,50.52837,3.90617,1,107,613,3,1,3,1904,À restaurer,E,371,"Maison 3 façades de 107 m² à Jurbise, 3 chambres, état : à restaurer.",2024-12-01,2025-05-30,121000.0
EX0156,exemple fictif,,maison,Rue de la Station,97,7050,Jurbise,50.52837,3.90617,1,107,613,3,1,3,1904,À restaurer,E,371,"Maison 3 façades de 107 m² à Jurbise, 3 chambres, état : à restaurer.",2024-12-01,2025-06-29,121000.0
EX0156,exemple fictif,,maison,Rue de la Station,97,7050,Jurbise,50.52837,3.90617,1,107,613,3,1,3,1904,À restaurer,E,371,"Maison 3 façades de 107 m² à Jurbise, 3 chambres, état : à restaurer.",2024-12-01,2025-07-29,121000.0
EX0157,exemple fictif,,maison,Rue des Écoles,1,7390,Quaregnon,50.43635,3.85103,1,189,1459,5,2,4,1919,À rafraîchir,E,369,"Maison 4 façades de 189 m² à Quaregnon, 5 chambres, état : à rafraîchir.",2026-09-15,2026-09-15,278000.0
EX0158,exemple fictif,,maison,Rue des Écoles,128,7330,Saint-Ghislain,50.44054,3.80801,1,99,807,1,1,3,1917,Bon,D,270,"Maison 3 façades de 99 m² à Saint-Ghislain, 1 chambres, état : bon.",2025-11-13,2025-11-13,151000.0
EX0158,exemple fictif,,maison,Rue des Écoles,128,7330,Saint-Ghislain,50.44054,3.80801,1,99,807,1,1,3,1917,Bon,D,270,"Maison 3 façades de 99 m² à Saint-Ghislain, 1 chambres, état : bon.",2025-11-13,2025-12-13,151000.0
EX0158,exemple fictif,,maison,Rue des Écoles,128,7330,Saint-Ghislain,50.44054,3.80801,1,99,807,1,1,3,1917,Bon,D,270,"Maison 3 façades de 99 m² à Saint-Ghislain, 1 chambres, état : bon.",2025-11-13,2026-01-12,151000.0
EX0158,exemple fictif,,maison,Rue des Écoles,128,7330,Saint-Ghislain,50.44054,3.80801,1,99,807,1,1,3,1917,Bon,D,270,"Maison 3 façades de 99 m² à Saint-Ghislain, 1 chambres, état : bon.",2025-11-13,2026-02-11,151000.0
EX0158,exemple fictif,,maison,Rue des Écoles,128,7330,Saint-Ghislain,50.44054,3.80801,1,99,807,1,1,3,1917,Bon,D,270,"Maison 3 façades de 99 m² à Saint-Ghislain, 1 chambres, état : bon.",2025-11-13,2026-03-13,151000.0
EX0158,exemple fictif,,maison,Rue des Écoles,128,7330,Saint-Ghislain,50.44054,3.80801,1,99,807,1,1,3,1917,Bon,D,270,"Maison 3 façades de 99 m² à Saint-Ghislain, 1 chambres, état : bon.",2025-11-13,2026-04-12,151000.0
EX0158,exemple fictif,,maison,Rue des Écoles,128,7330,Saint-Ghislain,50.44054,3.80801,1,99,807,1,1,3,1917,Bon,D,270,"Maison 3 façades de 99 m² à Saint-Ghislain, 1 chambres, état : bon.",2025-11-13,2026-05-12,151000.0
EX0158,exemple fictif,,maison,Rue des Écoles,128,7330,Saint-Ghislain,50.44054,3.80801,1,99,807,1,1,3,1917,Bon,D,270,"Maison 3 façades de 99 m² à Saint-Ghislain, 1 chambres, état : bon.",2025-11-13,2026-06-11,151000.0
EX0158,exemple fictif,,maison,Rue des Écoles,128,7330,Saint-Ghislain,50.44054,3.80801,1,99,807,1,1,3,1917,Bon,D,270,"Maison 3 façades de 99 m² à Saint-Ghislain, 1 chambres, état : bon.",2025-11-13,2026-07-11,151000.0
EX0158,exemple fictif,,maison,Rue des Écoles,128,7330,Saint-Ghislain,50.44054,3.80801,1,99,807,1,1,3,1917,Bon,D,270,"Maison 3 façades de 99 m² à Saint-Ghislain, 1 chambres, état : bon.",2025-11-13,2026-08-10,151000.0
EX0158,exemple fictif,,maison,Rue des Écoles,128,7330,Saint-Ghislain,50.44054,3.80801,1,99,807,1,1,3,1917,Bon,D,270,"Maison 3 façades de 99 m² à Saint-Ghislain, 1 chambres, état : bon.",2025-11-13,2026-09-09,151000.0
EX0159,exemple fictif,,maison,Avenue des Tilleuls,33,7340,Colfontaine,50.42309,3.85205,1,136,368,5,1,3,2019,Bon,E,358,"Maison 3 façades de 136 m² à Colfontaine, 5 chambres, état : bon.",2025-11-23,2025-11-23,229000.0
EX0159,exemple fictif,,maison,Avenue des Tilleuls,33,7340,Colfontaine,50.42309,3.85205,1,136,368,5,1,3,2019,Bon,E,358,"Maison 3 façades de 136 m² à Colfontaine, 5 chambres, état : bon.",2025-11-23,2025-12-23,229000.0
EX0159,exemple fictif,,maison,Avenue des Tilleuls,33,7340,Colfontaine,50.42309,3.85205,1,136,368,5,1,3,2019,Bon,E,358,"Maison 3 façades de 136 m² à Colfontaine, 5 chambres, état : bon.",2025-11-23,2026-01-22,229000.0
EX0159,exemple fictif,,maison,Avenue des Tilleuls,33,7340,Colfontaine,50.42309,3.85205,1,136,368,5,1,3,2019,Bon,E,358,"Maison 3 façades de 136 m² à Colfontaine, 5 chambres, état : bon.",2025-11-23,2026-02-21,229000.0
EX0159,exemple fictif,,maison,Avenue des Tilleuls,33,7340,Colfontaine,50.42309,3.85205,1,136,368,5,1,3,2019,Bon,E,358,"Maison 3 façades de 136 m² à Colfontaine, 5 chambres, état : bon.",2025-11-23,2026-03-23,229000.0
EX0160,exemple fictif,,maison,Rue de l'Église,49,7340,Colfontaine,50.41389,3.86686,1,109,1096,2,1,3,2007,À rénover,F,467,"Maison 3 façades de 109 m² à Colfontaine, 2 chambres, état : à rénover.",2026-07-16,2026-07-16,134000.0
EX0160,exemple fictif,,maison,Rue de l'Église,49,7340,Colfontaine,50.41389,3.86686,1,109,1096,2,1,3,2007,À rénover,F,467,"Maison 3 façades de 109 m² à Colfontaine, 2 chambres, état : à rénover.",2026-07-16,2026-08-15,134000.0
EX0160,exemple fictif,,maison,Rue de l'Église,49,7340,Colfontaine,50.41389,3.86686,1,109,1096,2,1,3,2007,À rénover,F,467,"Maison 3 façades de 109 m² à Colfontaine, 2 chambres, état : à rénover.",2026-07-16,2026-09-14,134000.0
EX0161,exemple fictif,,maison,Avenue des Tilleuls,64,7330,Saint-Ghislain,50.44765,3.82728,1,118,130,3,1,2,1961,Comme neuf,B,155,"Maison 2 façades de 118 m² à Saint-Ghislain, 3 chambres, état : comme neuf.",2026-04-24,2026-04-24,282000.0
EX0161,exemple fictif,,maison,Avenue des Tilleuls,64,7330,Saint-Ghislain,50.44765,3.82728,1,118,130,3,1,2,1961,Comme neuf,B,155,"Maison 2 façades de 118 m² à Saint-Ghislain, 3 chambres, état : comme neuf.",2026-04-24,2026-05-24,270000.0
EX0161,exemple fictif,,maison,Avenue des Tilleuls,64,7330,Saint-Ghislain,50.44765,3.82728,1,118,130,3,1,2,1961,Comme neuf,B,155,"Maison 2 façades de 118 m² à Saint-Ghislain, 3 chambres, état : comme neuf.",2026-04-24,2026-06-23,270000.0
EX0161,exemple fictif,,maison,Avenue des Tilleuls,64,7330,Saint-Ghislain,50.44765,3.82728,1,118,130,3,1,2,1961,Comme neuf,B,155,"Maison 2 façades de 118 m² à Saint-Ghislain, 3 chambres, état : comme neuf.",2026-04-24,2026-07-23,270000.0
EX0161,exemple fictif,,maison,Avenue des Tilleuls,64,7330,Saint-Ghislain,50.44765,3.82728,1,118,130,3,1,2,1961,Comme neuf,B,155,"Maison 2 façades de 118 m² à Saint-Ghislain, 3 chambres, état : comme neuf.",2026-04-24,2026-08-22,270000.0
EX0161,exemple fictif,,maison,Avenue des Tilleuls,64,7330,Saint-Ghislain,50.44765,3.82728,1,118,130,3,1,2,1961,Comme neuf,B,155,"Maison 2 façades de 118 m² à Saint-Ghislain, 3 chambres, état : comme neuf.",2026-04-24,2026-09-21,270000.0
EX0162,exemple fictif,,maison,Rue du Moulin,139,7000,Mons,50.44822,3.94776,1,101,156,2,1,2,2007,Comme neuf,C,218,"Maison 2 façades de 101 m² à Mons, 2 chambres, état : comme neuf.",2026-02-27,2026-02-27,299000.0
EX0162,exemple fictif,,maison,Rue du Moulin,139,7000,Mons,50.44822,3.94776,1,101,156,2,1,2,2007,Comme neuf,C,218,"Maison 2 façades de 101 m² à Mons, 2 chambres, état : comme neuf.",2026-02-27,2026-03-29,299000.0
EX0162,exemple fictif,,maison,Rue du Moulin,139,7000,Mons,50.44822,3.94776,1,101,156,2,1,2,2007,Comme neuf,C,218,"Maison 2 façades de 101 m² à Mons, 2 chambres, état : comme neuf.",2026-02-27,2026-04-28,299000.0
EX0162,exemple fictif,,maison,Rue du Moulin,139,7000,Mons,50.44822,3.94776,1,101,156,2,1,2,2007,Comme neuf,C,218,"Maison 2 façades de 101 m² à Mons, 2 chambres, état : comme neuf.",2026-02-27,2026-05-28,283000.0
EX0162,exemple fictif,,maison,Rue du Moulin,139,7000,Mons,50.44822,3.94776,1,101,156,2,1,2,2007,Comme neuf,C,218,"Maison 2 façades de 101 m² à Mons, 2 chambres, état : comme neuf.",2026-02-27,2026-06-27,283000.0
EX0162,exemple fictif,,maison,Rue du Moulin,139,7000,Mons,50.44822,3.94776,1,101,156,2,1,2,2007,Comme neuf,C,218,"Maison 2 façades de 101 m² à Mons, 2 chambres, état : comme neuf.",2026-02-27,2026-07-27,283000.0
EX0162,exemple fictif,,maison,Rue du Moulin,139,7000,Mons,50.44822,3.94776,1,101,156,2,1,2,2007,Comme neuf,C,218,"Maison 2 façades de 101 m² à Mons, 2 chambres, état : comme neuf.",2026-02-27,2026-08-26,283000.0
EX0162,exemple fictif,,maison,Rue du Moulin,139,7000,Mons,50.44822,3.94776,1,101,156,2,1,2,2007,Comme neuf,C,218,"Maison 2 façades de 101 m² à Mons, 2 chambres, état : comme neuf.",2026-02-27,2026-09-25,283000.0
EX0163,exemple fictif,,maison,Rue de l'Église,26,7011,Ghlin,50.48302,3.91477,1,89,248,3,1,2,2001,Bon,G,593,"Maison 2 façades de 89 m² à Ghlin, 3 chambres, état : bon.",2026-06-15,2026-06-15,194000.0
EX0163,exemple fictif,,maison,Rue de l'Église,26,7011,Ghlin,50.48302,3.91477,1,89,248,3,1,2,2001,Bon,G,593,"Maison 2 façades de 89 m² à Ghlin, 3 chambres, état : bon.",2026-06-15,2026-07-15,184000.0
EX0163,exemple fictif,,maison,Rue de l'Église,26,7011,Ghlin,50.48302,3.91477,1,89,248,3,1,2,2001,Bon,G,593,"Maison 2 façades de 89 m² à Ghlin, 3 chambres, état : bon.",2026-06-15,2026-08-14,184000.0
EX0163,exemple fictif,,maison,Rue de l'Église,26,7011,Ghlin,50.48302,3.91477,1,89,248,3,1,2,2001,Bon,G,593,"Maison 2 façades de 89 m² à Ghlin, 3 chambres, état : bon.",2026-06-15,2026-09-13,174000.0
EX0164,exemple fictif,,maison,Rue du Moulin,106,7000,Mons,50.44922,3.94289,1,153,1001,3,1,3,1938,À rénover,G,616,"Maison 3 façades de 153 m² à Mons, 3 chambres, état : à rénover.",2025-01-24,2025-01-24,265000.0
EX0164,exemple fictif,,maison,Rue du Moulin,106,7000,Mons,50.44922,3.94289,1,153,1001,3,1,3,1938,À rénover,G,616,"Maison 3 façades de 153 m² à Mons, 3 chambres, état : à rénover.",2025-01-24,2025-02-23,265000.0
EX0164,exemple fictif,,maison,Rue du Moulin,106,7000,Mons,50.44922,3.94289,1,153,1001,3,1,3,1938,À rénover,G,616,"Maison 3 façades de 153 m² à Mons, 3 chambres, état : à rénover.",2025-01-24,2025-03-25,265000.0
EX0165,exemple fictif,,maison,Rue de l'Église,4,7021,Havré,50.46615,4.04861,1,114,261,3,1,2,1908,Comme neuf,B,158,"Maison 2 façades de 114 m² à Havré, 3 chambres, état : comme neuf.",2024-09-22,2024-09-22,284000.0
EX0165,exemple fictif,,maison,Rue de l'Église,4,7021,Havré,50.46615,4.04861,1,114,261,3,1,2,1908,Comme neuf,B,158,"Maison 2 façades de 114 m² à Havré, 3 chambres, état : comme neuf.",2024-09-22,2024-10-22,284000.0
EX0165,exemple fictif,,maison,Rue de l'Église,4,7021,Havré,50.46615,4.04861,1,114,261,3,1,2,1908,Comme neuf,B,158,"Maison 2 façades de 114 m² à Havré, 3 chambres, état : comme neuf.",2024-09-22,2024-11-21,265000.0
EX0165,exemple fictif,,maison,Rue de l'Église,4,7021,Havré,50.46615,4.04861,1,114,261,3,1,2,1908,Comme neuf,B,158,"Maison 2 façades de 114 m² à Havré, 3 chambres, état : comme neuf.",2024-09-22,2024-12-21,265000.0
EX0165,exemple fictif,,maison,Rue de l'Église,4,7021,Havré,50.46615,4.04861,1,114,261,3,1,2,1908,Comme neuf,B,158,"Maison 2 façades de 114 m² à Havré, 3 chambres, état : comme neuf.",2024-09-22,2025-01-20,265000.0
EX0165,exemple fictif,,maison,Rue de l'Église,4,7021,Havré,50.46615,4.04861,1,114,261,3,1,2,1908,Comme neuf,B,158,"Maison 2 façades de 114 m² à Havré, 3 chambres, état : comme neuf.",2024-09-22,2025-02-19,265000.0
EX0165,exemple fictif,,maison,Rue de l'Église,4,7021,Havré,50.46615,4.04861,1,114,261,3,1,2,1908,Comme neuf,B,158,"Maison 2 façades de 114 m² à Havré, 3 chambres, état : comme neuf.",2024-09-22,2025-03-21,265000.0
EX0165,exemple fictif,,maison,Rue de l'Église,4,7021,Havré,50.46615,4.04861,1,114,261,3,1,2,1908,Comme neuf,B,158,"Maison 2 façades de 114 m² à Havré, 3 chambres, état : comme neuf.",2024-09-22,2025-04-20,244000.0
EX0165,exemple fictif,,maison,Rue de l'Église,4,7021,Havré,50.46615,4.04861,1,114,261,3,1,2,1908,Comme neuf,B,158,"Maison 2 façades de 114 m² à Havré, 3 chambres, état : comme neuf.",2024-09-22,2025-05-20,244000.0
EX0165,exemple fictif,,maison,Rue de l'Église,4,7021,Havré,50.46615,4.04861,1,114,261,3,1,2,1908,Comme neuf,B,158,"Maison 2 façades de 114 m² à Havré, 3 chambres, état : comme neuf.",2024-09-22,2025-06-19,232000.0
EX0165,exemple fictif,,maison,Rue de l'Église,4,7021,Havré,50.46615,4.04861,1,114,261,3,1,2,1908,Comme neuf,B,158,"Maison 2 façades de 114 m² à Havré, 3 chambres, état : comme neuf.",2024-09-22,2025-07-19,232000.0
EX0165,exemple fictif,,maison,Rue de l'Église,4,7021,Havré,50.46615,4.04861,1,114,261,3,1,2,1908,Comme neuf,B,158,"Maison 2 façades de 114 m² à Havré, 3 chambres, état : comme neuf.",2024-09-22,2025-08-18,232000.0
EX0165,exemple fictif,,maison,Rue de l'Église,4,7021,Havré,50.46615,4.04861,1,114,261,3,1,2,1908,Comme neuf,B,158,"Maison 2 façades de 114 m² à Havré, 3 chambres, état : comme neuf.",2024-09-22,2025-09-17,232000.0
EX0165,exemple fictif,,maison,Rue de l'Église,4,7021,Havré,50.46615,4.04861,1,114,261,3,1,2,1908,Comme neuf,B,158,"Maison 2 façades de 114 m² à Havré, 3 chambres, état : comme neuf.",2024-09-22,2025-10-17,217000.0
EX0165,exemple fictif,,maison,Rue de l'Église,4,7021,Havré,50.46615,4.04861,1,114,261,3,1,2,1908,Comme neuf,B,158,"Maison 2 façades de 114 m² à Havré, 3 chambres, état : comme neuf.",2024-09-22,2025-11-16,217000.0
EX0165,exemple fictif,,maison,Rue de l'Église,4,7021,Havré,50.46615,4.04861,1,114,261,3,1,2,1908,Comme neuf,B,158,"Maison 2 façades de 114 m² à Havré, 3 chambres, état : comme neuf.",2024-09-22,2025-12-16,217000.0
EX0165,exemple fictif,,maison,Rue de l'Église,4,7021,Havré,50.46615,4.04861,1,114,261,3,1,2,1908,Comme neuf,B,158,"Maison 2 façades de 114 m² à Havré, 3 chambres, état : comme neuf.",2024-09-22,2026-01-15,201000.0
EX0165,exemple fictif,,maison,Rue de l'Église,4,7021,Havré,50.46615,4.04861,1,114,261,3,1,2,1908,Comme neuf,B,158,"Maison 2 façades de 114 m² à Havré, 3 chambres, état : comme neuf.",2024-09-22,2026-02-14,201000.0
EX0165,exemple fictif,,maison,Rue de l'Église,4,7021,Havré,50.46615,4.04861,1,114,261,3,1,2,1908,Comme neuf,B,158,"Maison 2 façades de 114 m² à Havré, 3 chambres, état : comme neuf.",2024-09-22,2026-03-16,190000.0
EX0165,exemple fictif,,maison,Rue de l'Église,4,7021,Havré,50.46615,4.04861,1,114,261,3,1,2,1908,Comme neuf,B,158,"Maison 2 façades de 114 m² à Havré, 3 chambres, état : comme neuf.",2024-09-22,2026-04-15,180000.0
EX0165,exemple fictif,,maison,Rue de l'Église,4,7021,Havré,50.46615,4.04861,1,114,261,3,1,2,1908,Comme neuf,B,158,"Maison 2 façades de 114 m² à Havré, 3 chambres, état : comme neuf.",2024-09-22,2026-05-15,166000.0
EX0165,exemple fictif,,maison,Rue de l'Église,4,7021,Havré,50.46615,4.04861,1,114,261,3,1,2,1908,Comme neuf,B,158,"Maison 2 façades de 114 m² à Havré, 3 chambres, état : comme neuf.",2024-09-22,2026-06-14,156000.0
EX0165,exemple fictif,,maison,Rue de l'Église,4,7021,Havré,50.46615,4.04861,1,114,261,3,1,2,1908,Comme neuf,B,158,"Maison 2 façades de 114 m² à Havré, 3 chambres, état : comme neuf.",2024-09-22,2026-07-14,156000.0
EX0165,exemple fictif,,maison,Rue de l'Église,4,7021,Havré,50.46615,4.04861,1,114,261,3,1,2,1908,Comme neuf,B,158,"Maison 2 façades de 114 m² à Havré, 3 chambres, état : comme neuf.",2024-09-22,2026-08-13,156000.0
EX0165,exemple fictif,,maison,Rue de l'Église,4,7021,Havré,50.46615,4.04861,1,114,261,3,1,2,1908,Comme neuf,B,158,"Maison 2 façades de 114 m² à Havré, 3 chambres, état : comme neuf.",2024-09-22,2026-09-12,144000.0
EX0166,exemple fictif,,maison,Rue des Écoles,127,7050,Jurbise,50.52373,3.9135,1,117,1155,2,1,3,1927,Bon,E,387,"Maison 3 façades de 117 m² à Jurbise, 2 chambres, état : bon.",2025-04-29,2025-04-29,326000.0
EX0166,exemple fictif,,maison,Rue des Écoles,127,7050,Jurbise,50.52373,3.9135,1,117,1155,2,1,3,1927,Bon,E,387,"Maison 3 façades de 117 m² à Jurbise, 2 chambres, état : bon.",2025-04-29,2025-05-29,326000.0
EX0166,exemple fictif,,maison,Rue des Écoles,127,7050,Jurbise,50.52373,3.9135,1,117,1155,2,1,3,1927,Bon,E,387,"Maison 3 façades de 117 m² à Jurbise, 2 chambres, état : bon.",2025-04-29,2025-06-28,326000.0
EX0166,exemple fictif,,maison,Rue des Écoles,127,7050,Jurbise,50.52373,3.9135,1,117,1155,2,1,3,1927,Bon,E,387,"Maison 3 façades de 117 m² à Jurbise, 2 chambres, état : bon.",2025-04-29,2025-07-28,326000.0
EX0166,exemple fictif,,maison,Rue des Écoles,127,7050,Jurbise,50.52373,3.9135,1,117,1155,2,1,3,1927,Bon,E,387,"Maison 3 façades de 117 m² à Jurbise, 2 chambres, état : bon.",2025-04-29,2025-08-27,326000.0
EX0166,exemple fictif,,maison,Rue des Écoles,127,7050,Jurbise,50.52373,3.9135,1,117,1155,2,1,3,1927,Bon,E,387,"Maison 3 façades de 117 m² à Jurbise, 2 chambres, état : bon.",2025-04-29,2025-09-26,326000.0
EX0166,exemple fictif,,maison,Rue des Écoles,127,7050,Jurbise,50.52373,3.9135,1,117,1155,2,1,3,1927,Bon,E,387,"Maison 3 façades de 117 m² à Jurbise, 2 chambres, état : bon.",2025-04-29,2025-10-26,326000.0
EX0166,exemple fictif,,maison,Rue des Écoles,127,7050,Jurbise,50.52373,3.9135,1,117,1155,2,1,3,1927,Bon,E,387,"Maison 3 façades de 117 m² à Jurbise, 2 chambres, état : bon.",2025-04-29,2025-11-25,326000.0
EX0166,exemple fictif,,maison,Rue des Écoles,127,7050,Jurbise,50.52373,3.9135,1,117,1155,2,1,3,1927,Bon,E,387,"Maison 3 façades de 117 m² à Jurbise, 2 chambres, état : bon.",2025-04-29,2025-12-25,326000.0
EX0166,exemple fictif,,maison,Rue des Écoles,127,7050,Jurbise,50.52373,3.9135,1,117,1155,2,1,3,1927,Bon,E,387,"Maison 3 façades de 117 m² à Jurbise, 2 chambres, état : bon.",2025-04-29,2026-01-24,326000.0
EX0166,exemple fictif,,maison,Rue des Écoles,127,7050,Jurbise,50.52373,3.9135,1,117,1155,2,1,3,1927,Bon,E,387,"Maison 3 façades de 117 m² à Jurbise, 2 chambres, état : bon.",2025-04-29,2026-02-23,326000.0
EX0166,exemple fictif,,maison,Rue des Écoles,127,7050,Jurbise,50.52373,3.9135,1,117,1155,2,1,3,1927,Bon,E,387,"Maison 3 façades de 117 m² à Jurbise, 2 chambres, état : bon.",2025-04-29,2026-03-25,326000.0
EX0166,exemple fictif,,maison,Rue des Écoles,127,7050,Jurbise,50.52373,3.9135,1,117,1155,2,1,3,1927,Bon,E,387,"Maison 3 façades de 117 m² à Jurbise, 2 chambres, état : bon.",2025-04-29,2026-04-24,326000.0
EX0166,exemple fictif,,maison,Rue des Écoles,127,7050,Jurbise,50.52373,3.9135,1,117,1155,2,1,3,1927,Bon,E,387,"Maison 3 façades de 117 m² à Jurbise, 2 chambres, état : bon.",2025-04-29,2026-05-24,326000.0
EX0166,exemple fictif,,maison,Rue des Écoles,127,7050,Jurbise,50.52373,3.9135,1,117,1155,2,1,3,1927,Bon,E,387,"Maison 3 façades de 117 m² à Jurbise, 2 chambres, état : bon.",2025-04-29,2026-06-23,326000.0
EX0166,exemple fictif,,maison,Rue des Écoles,127,7050,Jurbise,50.52373,3.9135,1,117,1155,2,1,3,1927,Bon,E,387,"Maison 3 façades de 117 m² à Jurbise, 2 chambres, état : bon.",2025-04-29,2026-07-23,326000.0
EX0166,exemple fictif,,maison,Rue des Écoles,127,7050,Jurbise,50.52373,3.9135,1,117,1155,2,1,3,1927,Bon,E,387,"Maison 3 façades de 117 m² à Jurbise, 2 chambres, état : bon.",2025-04-29,2026-08-22,326000.0
EX0166,exemple fictif,,maison,Rue des Écoles,127,7050,Jurbise,50.52373,3.9135,1,117,1155,2,1,3,1927,Bon,E,387,"Maison 3 façades de 117 m² à Jurbise, 2 chambres, état : bon.",2025-04-29,2026-09-21,326000.0
EX0167,exemple fictif,,maison,Rue de l'Église,136,7330,Saint-Ghislain,50.43623,3.82578,1,145,282,3,1,2,1961,À rénover,F,489,"Maison 2 façades de 145 m² à Saint-Ghislain, 3 chambres, état : à rénover.",2026-04-25,2026-04-25,164000.0
EX0167,exemple fictif,,maison,Rue de l'Église,136,7330,Saint-Ghislain,50.43623,3.82578,1,145,282,3,1,2,1961,À rénover,F,489,"Maison 2 façades de 145 m² à Saint-Ghislain, 3 chambres, état : à rénover.",2026-04-25,2026-05-25,164000.0
EX0168,exemple fictif,,maison,Rue de l'Église,24,7390,Quaregnon,50.44317,3.87036,1,131,146,2,1,2,1907,Bon,G,590,"Maison 2 façades de 131 m² à Quaregnon, 2 chambres, état : bon.",2025-11-28,2025-11-28,190000.0
EX0168,exemple fictif,,maison,Rue de l'Église,24,7390,Quaregnon,50.44317,3.87036,1,131,146,2,1,2,1907,Bon,G,590,"Maison 2 façades de 131 m² à Quaregnon, 2 chambres, état : bon.",2025-11-28,2025-12-28,190000.0
EX0168,exemple fictif,,maison,Rue de l'Église,24,7390,Quaregnon,50.44317,3.87036,1,131,146,2,1,2,1907,Bon,G,590,"Maison 2 façades de 131 m² à Quaregnon, 2 chambres, état : bon.",2025-11-28,2026-01-27,190000.0
EX0168,exemple fictif,,maison,Rue de l'Église,24,7390,Quaregnon,50.44317,3.87036,1,131,146,2,1,2,1907,Bon,G,590,"Maison 2 façades de 131 m² à Quaregnon, 2 chambres, état : bon.",2025-11-28,2026-02-26,190000.0
EX0168,exemple fictif,,maison,Rue de l'Église,24,7390,Quaregnon,50.44317,3.87036,1,131,146,2,1,2,1907,Bon,G,590,"Maison 2 façades de 131 m² à Quaregnon, 2 chambres, état : bon.",2025-11-28,2026-03-28,190000.0
EX0168,exemple fictif,,maison,Rue de l'Église,24,7390,Quaregnon,50.44317,3.87036,1,131,146,2,1,2,1907,Bon,G,590,"Maison 2 façades de 131 m² à Quaregnon, 2 chambres, état : bon.",2025-11-28,2026-04-27,190000.0
EX0168,exemple fictif,,maison,Rue de l'Église,24,7390,Quaregnon,50.44317,3.87036,1,131,146,2,1,2,1907,Bon,G,590,"Maison 2 façades de 131 m² à Quaregnon, 2 chambres, état : bon.",2025-11-28,2026-05-27,190000.0
EX0168,exemple fictif,,maison,Rue de l'Église,24,7390,Quaregnon,50.44317,3.87036,1,131,146,2,1,2,1907,Bon,G,590,"Maison 2 façades de 131 m² à Quaregnon, 2 chambres, état : bon.",2025-11-28,2026-06-26,190000.0
EX0169,exemple fictif,,maison,Rue de la Station,157,7330,Saint-Ghislain,50.4395,3.82113,1,168,178,4,2,2,2005,À rafraîchir,D,271,"Maison 2 façades de 168 m² à Saint-Ghislain, 4 chambres, état : à rafraîchir.",2025-10-30,2025-10-30,275000.0
EX0169,exemple fictif,,maison,Rue de la Station,157,7330,Saint-Ghislain,50.4395,3.82113,1,168,178,4,2,2,2005,À rafraîchir,D,271,"Maison 2 façades de 168 m² à Saint-Ghislain, 4 chambres, état : à rafraîchir.",2025-10-30,2025-11-29,275000.0
EX0169,exemple fictif,,maison,Rue de la Station,157,7330,Saint-Ghislain,50.4395,3.82113,1,168,178,4,2,2,2005,À rafraîchir,D,271,"Maison 2 façades de 168 m² à Saint-Ghislain, 4 chambres, état : à rafraîchir.",2025-10-30,2025-12-29,275000.0
EX0169,exemple fictif,,maison,Rue de la Station,157,7330,Saint-Ghislain,50.4395,3.82113,1,168,178,4,2,2,2005,À rafraîchir,D,271,"Maison 2 façades de 168 m² à Saint-Ghislain, 4 chambres, état : à rafraîchir.",2025-10-30,2026-01-28,275000.0
EX0169,exemple fictif,,maison,Rue de la Station,157,7330,Saint-Ghislain,50.4395,3.82113,1,168,178,4,2,2,2005,À rafraîchir,D,271,"Maison 2 façades de 168 m² à Saint-Ghislain, 4 chambres, état : à rafraîchir.",2025-10-30,2026-02-27,275000.0
EX0169,exemple fictif,,maison,Rue de la Station,157,7330,Saint-Ghislain,50.4395,3.82113,1,168,178,4,2,2,2005,À rafraîchir,D,271,"Maison 2 façades de 168 m² à Saint-Ghislain, 4 chambres, état : à rafraîchir.",2025-10-30,2026-03-29,275000.0
EX0169,exemple fictif,,maison,Rue de la Station,157,7330,Saint-Ghislain,50.4395,3.82113,1,168,178,4,2,2,2005,À rafraîchir,D,271,"Maison 2 façades de 168 m² à Saint-Ghislain, 4 chambres, état : à rafraîchir.",2025-10-30,2026-04-28,275000.0
EX0169,exemple fictif,,maison,Rue de la Station,157,7330,Saint-Ghislain,50.4395,3.82113,1,168,178,4,2,2,2005,À rafraîchir,D,271,"Maison 2 façades de 168 m² à Saint-Ghislain, 4 chambres, état : à rafraîchir.",2025-10-30,2026-05-28,275000.0
EX0169,exemple fictif,,maison,Rue de la Station,157,7330,Saint-Ghislain,50.4395,3.82113,1,168,178,4,2,2,2005,À rafraîchir,D,271,"Maison 2 façades de 168 m² à Saint-Ghislain, 4 chambres, état : à rafraîchir.",2025-10-30,2026-06-27,275000.0
EX0169,exemple fictif,,maison,Rue de la Station,157,7330,Saint-Ghislain,50.4395,3.82113,1,168,178,4,2,2,2005,À rafraîchir,D,271,"Maison 2 façades de 168 m² à Saint-Ghislain, 4 chambres, état : à rafraîchir.",2025-10-30,2026-07-27,275000.0
EX0169,exemple fictif,,maison,Rue de la Station,157,7330,Saint-Ghislain,50.4395,3.82113,1,168,178,4,2,2,2005,À rafraîchir,D,271,"Maison 2 façades de 168 m² à Saint-Ghislain, 4 chambres, état : à rafraîchir.",2025-10-30,2026-08-26,275000.0
EX0169,exemple fictif,,maison,Rue de la Station,157,7330,Saint-Ghislain,50.4395,3.82113,1,168,178,4,2,2,2005,À rafraîchir,D,271,"Maison 2 façades de 168 m² à Saint-Ghislain, 4 chambres, état : à rafraîchir.",2025-10-30,2026-09-25,275000.0
EX0170,exemple fictif,,maison,Rue des Écoles,109,7080,Frameries,50.4006,3.89208,1,126,1487,3,1,3,1950,Comme neuf,B,117,"Maison 3 façades de 126 m² à Frameries, 3 chambres, état : comme neuf.",2025-11-30,2025-11-30,257000.0
EX0170,exemple fictif,,maison,Rue des Écoles,109,7080,Frameries,50.4006,3.89208,1,126,1487,3,1,3,1950,Comme neuf,B,117,"Maison 3 façades de 126 m² à Frameries, 3 chambres, état : comme neuf.",2025-11-30,2025-12-30,257000.0
EX0170,exemple fictif,,maison,Rue des Écoles,109,7080,Frameries,50.4006,3.89208,1,126,1487,3,1,3,1950,Comme neuf,B,117,"Maison 3 façades de 126 m² à Frameries, 3 chambres, état : comme neuf.",2025-11-30,2026-01-29,257000.0
EX0170,exemple fictif,,maison,Rue des Écoles,109,7080,Frameries,50.4006,3.89208,1,126,1487,3,1,3,1950,Comme neuf,B,117,"Maison 3 façades de 126 m² à Frameries, 3 chambres, état : comme neuf.",2025-11-30,2026-02-28,257000.0
EX0170,exemple fictif,,maison,Rue des Écoles,109,7080,Frameries,50.4006,3.89208,1,126,1487,3,1,3,1950,Comme neuf,B,117,"Maison 3 façades de 126 m² à Frameries, 3 chambres, état : comme neuf.",2025-11-30,2026-03-30,257000.0
EX0170,exemple fictif,,maison,Rue des Écoles,109,7080,Frameries,50.4006,3.89208,1,126,1487,3,1,3,1950,Comme neuf,B,117,"Maison 3 façades de 126 m² à Frameries, 3 chambres, état : comme neuf.",2025-11-30,2026-04-29,257000.0
EX0170,exemple fictif,,maison,Rue des Écoles,109,7080,Frameries,50.4006,3.89208,1,126,1487,3,1,3,1950,Comme neuf,B,117,"Maison 3 façades de 126 m² à Frameries, 3 chambres, état : comme neuf.",2025-11-30,2026-05-29,257000.0
EX0170,exemple fictif,,maison,Rue des Écoles,109,7080,Frameries,50.4006,3.89208,1,126,1487,3,1,3,1950,Comme neuf,B,117,"Maison 3 façades de 126 m² à Frameries, 3 chambres, état : comme neuf.",2025-11-30,2026-06-28,257000.0
EX0170,exemple fictif,,maison,Rue des Écoles,109,7080,Frameries,50.4006,3.89208,1,126,1487,3,1,3,1950,Comme neuf,B,117,"Maison 3 façades de 126 m² à Frameries, 3 chambres, état : comme neuf.",2025-11-30,2026-07-28,257000.0
EX0170,exemple fictif,,maison,Rue des Écoles,109,7080,Frameries,50.4006,3.89208,1,126,1487,3,1,3,1950,Comme neuf,B,117,"Maison 3 façades de 126 m² à Frameries, 3 chambres, état : comme neuf.",2025-11-30,2026-08-27,257000.0
EX0170,exemple fictif,,maison,Rue des Écoles,109,7080,Frameries,50.4006,3.89208,1,126,1487,3,1,3,1950,Comme neuf,B,117,"Maison 3 façades de 126 m² à Frameries, 3 chambres, état : comme neuf.",2025-11-30,2026-09-26,257000.0
EX0171,exemple fictif,,maison,Rue de la Station,123,7390,Quaregnon,50.43319,3.85952,1,75,201,2,1,2,2008,À rafraîchir,D,278,"Maison 2 façades de 75 m² à Quaregnon, 2 chambres, état : à rafraîchir.",2024-12-01,2024-12-01,86000.0
EX0171,exemple fictif,,maison,Rue de la Station,123,7390,Quaregnon,50.43319,3.85952,1,75,201,2,1,2,2008,À rafraîchir,D,278,"Maison 2 façades de 75 m² à Quaregnon, 2 chambres, état : à rafraîchir.",2024-12-01,2024-12-31,86000.0
EX0171,exemple fictif,,maison,Rue de la Station,123,7390,Quaregnon,50.43319,3.85952,1,75,201,2,1,2,2008,À rafraîchir,D,278,"Maison 2 façades de 75 m² à Quaregnon, 2 chambres, état : à rafraîchir.",2024-12-01,2025-01-30,86000.0
EX0171,exemple fictif,,maison,Rue de la Station,123,7390,Quaregnon,50.43319,3.85952,1,75,201,2,1,2,2008,À rafraîchir,D,278,"Maison 2 façades de 75 m² à Quaregnon, 2 chambres, état : à rafraîchir.",2024-12-01,2025-03-01,86000.0
EX0171,exemple fictif,,maison,Rue de la Station,123,7390,Quaregnon,50.43319,3.85952,1,75,201,2,1,2,2008,À rafraîchir,D,278,"Maison 2 façades de 75 m² à Quaregnon, 2 chambres, état : à rafraîchir.",2024-12-01,2025-03-31,86000.0
EX0171,exemple fictif,,maison,Rue de la Station,123,7390,Quaregnon,50.43319,3.85952,1,75,201,2,1,2,2008,À rafraîchir,D,278,"Maison 2 façades de 75 m² à Quaregnon, 2 chambres, état : à rafraîchir.",2024-12-01,2025-04-30,86000.0
EX0171,exemple fictif,,maison,Rue de la Station,123,7390,Quaregnon,50.43319,3.85952,1,75,201,2,1,2,2008,À rafraîchir,D,278,"Maison 2 façades de 75 m² à Quaregnon, 2 chambres, état : à rafraîchir.",2024-12-01,2025-05-30,86000.0
EX0171,exemple fictif,,maison,Rue de la Station,123,7390,Quaregnon,50.43319,3.85952,1,75,201,2,1,2,2008,À rafraîchir,D,278,"Maison 2 façades de 75 m² à Quaregnon, 2 chambres, état : à rafraîchir.",2024-12-01,2025-06-29,86000.0
EX0171,exemple fictif,,maison,Rue de la Station,123,7390,Quaregnon,50.43319,3.85952,1,75,201,2,1,2,2008,À rafraîchir,D,278,"Maison 2 façades de 75 m² à Quaregnon, 2 chambres, état : à rafraîchir.",2024-12-01,2025-07-29,86000.0
EX0171,exemple fictif,,maison,Rue de la Station,123,7390,Quaregnon,50.43319,3.85952,1,75,201,2,1,2,2008,À rafraîchir,D,278,"Maison 2 façades de 75 m² à Quaregnon, 2 chambres, état : à rafraîchir.",2024-12-01,2025-08-28,86000.0
EX0171,exemple fictif,,maison,Rue de la Station,123,7390,Quaregnon,50.43319,3.85952,1,75,201,2,1,2,2008,À rafraîchir,D,278,"Maison 2 façades de 75 m² à Quaregnon, 2 chambres, état : à rafraîchir.",2024-12-01,2025-09-27,86000.0
EX0171,exemple fictif,,maison,Rue de la Station,123,7390,Quaregnon,50.43319,3.85952,1,75,201,2,1,2,2008,À rafraîchir,D,278,"Maison 2 façades de 75 m² à Quaregnon, 2 chambres, état : à rafraîchir.",2024-12-01,2025-10-27,86000.0
EX0171,exemple fictif,,maison,Rue de la Station,123,7390,Quaregnon,50.43319,3.85952,1,75,201,2,1,2,2008,À rafraîchir,D,278,"Maison 2 façades de 75 m² à Quaregnon, 2 chambres, état : à rafraîchir.",2024-12-01,2025-11-26,86000.0
EX0171,exemple fictif,,maison,Rue de la Station,123,7390,Quaregnon,50.43319,3.85952,1,75,201,2,1,2,2008,À rafraîchir,D,278,"Maison 2 façades de 75 m² à Quaregnon, 2 chambres, état : à rafraîchir.",2024-12-01,2025-12-26,86000.0
EX0171,exemple fictif,,maison,Rue de la Station,123,7390,Quaregnon,50.43319,3.85952,1,75,201,2,1,2,2008,À rafraîchir,D,278,"Maison 2 façades de 75 m² à Quaregnon, 2 chambres, état : à rafraîchir.",2024-12-01,2026-01-25,86000.0
EX0171,exemple fictif,,maison,Rue de la Station,123,7390,Quaregnon,50.43319,3.85952,1,75,201,2,1,2,2008,À rafraîchir,D,278,"Maison 2 façades de 75 m² à Quaregnon, 2 chambres, état : à rafraîchir.",2024-12-01,2026-02-24,86000.0
EX0171,exemple fictif,,maison,Rue de la Station,123,7390,Quaregnon,50.43319,3.85952,1,75,201,2,1,2,2008,À rafraîchir,D,278,"Maison 2 façades de 75 m² à Quaregnon, 2 chambres, état : à rafraîchir.",2024-12-01,2026-03-26,86000.0
EX0171,exemple fictif,,maison,Rue de la Station,123,7390,Quaregnon,50.43319,3.85952,1,75,201,2,1,2,2008,À rafraîchir,D,278,"Maison 2 façades de 75 m² à Quaregnon, 2 chambres, état : à rafraîchir.",2024-12-01,2026-04-25,86000.0
EX0171,exemple fictif,,maison,Rue de la Station,123,7390,Quaregnon,50.43319,3.85952,1,75,201,2,1,2,2008,À rafraîchir,D,278,"Maison 2 façades de 75 m² à Quaregnon, 2 chambres, état : à rafraîchir.",2024-12-01,2026-05-25,86000.0
EX0171,exemple fictif,,maison,Rue de la Station,123,7390,Quaregnon,50.43319,3.85952,1,75,201,2,1,2,2008,À rafraîchir,D,278,"Maison 2 façades de 75 m² à Quaregnon, 2 chambres, état : à rafraîchir.",2024-12-01,2026-06-24,86000.0
EX0171,exemple fictif,,maison,Rue de la Station,123,7390,Quaregnon,50.43319,3.85952,1,75,201,2,1,2,2008,À rafraîchir,D,278,"Maison 2 façades de 75 m² à Quaregnon, 2 chambres, état : à rafraîchir.",2024-12-01,2026-07-24,86000.0
EX0171,exemple fictif,,maison,Rue de la Station,123,7390,Quaregnon,50.43319,3.85952,1,75,201,2,1,2,2008,À rafraîchir,D,278,"Maison 2 façades de 75 m² à Quaregnon, 2 chambres, état : à rafraîchir.",2024-12-01,2026-08-23,86000.0
EX0171,exemple fictif,,maison,Rue de la Station,123,7390,Quaregnon,50.43319,3.85952,1,75,201,2,1,2,2008,À rafraîchir,D,278,"Maison 2 façades de 75 m² à Quaregnon, 2 chambres, état : à rafraîchir.",2024-12-01,2026-09-22,86000.0
EX0172,exemple fictif,,maison,Rue de la Station,88,7040,Quévy,50.37941,3.93561,1,166,455,3,2,4,1978,Bon,F,447,"Maison 4 façades de 166 m² à Quévy, 3 chambres, état : bon.",2026-03-15,2026-03-15,318000.0
EX0172,exemple fictif,,maison,Rue de la Station,88,7040,Quévy,50.37941,3.93561,1,166,455,3,2,4,1978,Bon,F,447,"Maison 4 façades de 166 m² à Quévy, 3 chambres, état : bon.",2026-03-15,2026-04-14,318000.0
EX0172,exemple fictif,,maison,Rue de la Station,88,7040,Quévy,50.37941,3.93561,1,166,455,3,2,4,1978,Bon,F,447,"Maison 4 façades de 166 m² à Quévy, 3 chambres, état : bon.",2026-03-15,2026-05-14,318000.0
EX0172,exemple fictif,,maison,Rue de la Station,88,7040,Quévy,50.37941,3.93561,1,166,455,3,2,4,1978,Bon,F,447,"Maison 4 façades de 166 m² à Quévy, 3 chambres, état : bon.",2026-03-15,2026-06-13,318000.0
EX0172,exemple fictif,,maison,Rue de la Station,88,7040,Quévy,50.37941,3.93561,1,166,455,3,2,4,1978,Bon,F,447,"Maison 4 façades de 166 m² à Quévy, 3 chambres, état : bon.",2026-03-15,2026-07-13,318000.0
EX0172,exemple fictif,,maison,Rue de la Station,88,7040,Quévy,50.37941,3.93561,1,166,455,3,2,4,1978,Bon,F,447,"Maison 4 façades de 166 m² à Quévy, 3 chambres, état : bon.",2026-03-15,2026-08-12,318000.0
EX0172,exemple fictif,,maison,Rue de la Station,88,7040,Quévy,50.37941,3.93561,1,166,455,3,2,4,1978,Bon,F,447,"Maison 4 façades de 166 m² à Quévy, 3 chambres, état : bon.",2026-03-15,2026-09-11,318000.0
EX0173,exemple fictif,,maison,Rue de l'Église,152,7030,Saint-Symphorien,50.43796,4.01594,1,134,128,4,1,2,1942,Bon,F,495,"Maison 2 façades de 134 m² à Saint-Symphorien, 4 chambres, état : bon.",2026-08-30,2026-08-30,288000.0
EX0173,exemple fictif,,maison,Rue de l'Église,152,7030,Saint-Symphorien,50.43796,4.01594,1,134,128,4,1,2,1942,Bon,F,495,"Maison 2 façades de 134 m² à Saint-Symphorien, 4 chambres, état : bon.",2026-08-30,2026-09-29,288000.0
EX0174,exemple fictif,,maison,Rue de la Station,6,7012,Jemappes,50.45303,3.88182,1,130,199,2,1,2,1976,À rafraîchir,F,492,"Maison 2 façades de 130 m² à Jemappes, 2 chambres, état : à rafraîchir.",2026-01-22,2026-01-22,187000.0
EX0174,exemple fictif,,maison,Rue de la Station,6,7012,Jemappes,50.45303,3.88182,1,130,199,2,1,2,1976,À rafraîchir,F,492,"Maison 2 façades de 130 m² à Jemappes, 2 chambres, état : à rafraîchir.",2026-01-22,2026-02-21,187000.0
EX0174,exemple fictif,,maison,Rue de la Station,6,7012,Jemappes,50.45303,3.88182,1,130,199,2,1,2,1976,À rafraîchir,F,492,"Maison 2 façades de 130 m² à Jemappes, 2 chambres, état : à rafraîchir.",2026-01-22,2026-03-23,187000.0
EX0174,exemple fictif,,maison,Rue de la Station,6,7012,Jemappes,50.45303,3.88182,1,130,199,2,1,2,1976,À rafraîchir,F,492,"Maison 2 façades de 130 m² à Jemappes, 2 chambres, état : à rafraîchir.",2026-01-22,2026-04-22,187000.0
EX0175,exemple fictif,,maison,Rue des Écoles,11,7330,Saint-Ghislain,50.45181,3.82862,1,87,296,3,1,2,2022,Bon,C,234,"Maison 2 façades de 87 m² à Saint-Ghislain, 3 chambres, état : bon.",2025-12-11,2025-12-11,142000.0
EX0175,exemple fictif,,maison,Rue des Écoles,11,7330,Saint-Ghislain,50.45181,3.82862,1,87,296,3,1,2,2022,Bon,C,234,"Maison 2 façades de 87 m² à Saint-Ghislain, 3 chambres, état : bon.",2025-12-11,2026-01-10,142000.0
EX0175,exemple fictif,,maison,Rue des Écoles,11,7330,Saint-Ghislain,50.45181,3.82862,1,87,296,3,1,2,2022,Bon,C,234,"Maison 2 façades de 87 m² à Saint-Ghislain, 3 chambres, état : bon.",2025-12-11,2026-02-09,142000.0
EX0175,exemple fictif,,maison,Rue des Écoles,11,7330,Saint-Ghislain,50.45181,3.82862,1,87,296,3,1,2,2022,Bon,C,234,"Maison 2 façades de 87 m² à Saint-Ghislain, 3 chambres, état : bon.",2025-12-11,2026-03-11,142000.0
EX0175,exemple fictif,,maison,Rue des Écoles,11,7330,Saint-Ghislain,50.45181,3.82862,1,87,296,3,1,2,2022,Bon,C,234,"Maison 2 façades de 87 m² à Saint-Ghislain, 3 chambres, état : bon.",2025-12-11,2026-04-10,142000.0
EX0175,exemple fictif,,maison,Rue des Écoles,11,7330,Saint-Ghislain,50.45181,3.82862,1,87,296,3,1,2,2022,Bon,C,234,"Maison 2 façades de 87 m² à Saint-Ghislain, 3 chambres, état : bon.",2025-12-11,2026-05-10,142000.0
EX0175,exemple fictif,,maison,Rue des Écoles,11,7330,Saint-Ghislain,50.45181,3.82862,1,87,296,3,1,2,2022,Bon,C,234,"Maison 2 façades de 87 m² à Saint-Ghislain, 3 chambres, état : bon.",2025-12-11,2026-06-09,142000.0
EX0175,exemple fictif,,maison,Rue des Écoles,11,7330,Saint-Ghislain,50.45181,3.82862,1,87,296,3,1,2,2022,Bon,C,234,"Maison 2 façades de 87 m² à Saint-Ghislain, 3 chambres, état : bon.",2025-12-11,2026-07-09,142000.0
EX0175,exemple fictif,,maison,Rue des Écoles,11,7330,Saint-Ghislain,50.45181,3.82862,1,87,296,3,1,2,2022,Bon,C,234,"Maison 2 façades de 87 m² à Saint-Ghislain, 3 chambres, état : bon.",2025-12-11,2026-08-08,142000.0
EX0175,exemple fictif,,maison,Rue des Écoles,11,7330,Saint-Ghislain,50.45181,3.82862,1,87,296,3,1,2,2022,Bon,C,234,"Maison 2 façades de 87 m² à Saint-Ghislain, 3 chambres, état : bon.",2025-12-11,2026-09-07,142000.0
EX0176,exemple fictif,,maison,Avenue des Tilleuls,65,7050,Jurbise,50.53097,3.91008,1,112,83,3,1,2,1953,À rafraîchir,F,462,"Maison 2 façades de 112 m² à Jurbise, 3 chambres, état : à rafraîchir.",2024-10-03,2024-10-03,193000.0
EX0176,exemple fictif,,maison,Avenue des Tilleuls,65,7050,Jurbise,50.53097,3.91008,1,112,83,3,1,2,1953,À rafraîchir,F,462,"Maison 2 façades de 112 m² à Jurbise, 3 chambres, état : à rafraîchir.",2024-10-03,2024-11-02,193000.0
EX0176,exemple fictif,,maison,Avenue des Tilleuls,65,7050,Jurbise,50.53097,3.91008,1,112,83,3,1,2,1953,À rafraîchir,F,462,"Maison 2 façades de 112 m² à Jurbise, 3 chambres, état : à rafraîchir.",2024-10-03,2024-12-02,193000.0
EX0176,exemple fictif,,maison,Avenue des Tilleuls,65,7050,Jurbise,50.53097,3.91008,1,112,83,3,1,2,1953,À rafraîchir,F,462,"Maison 2 façades de 112 m² à Jurbise, 3 chambres, état : à rafraîchir.",2024-10-03,2025-01-01,193000.0
EX0176,exemple fictif,,maison,Avenue des Tilleuls,65,7050,Jurbise,50.53097,3.91008,1,112,83,3,1,2,1953,À rafraîchir,F,462,"Maison 2 façades de 112 m² à Jurbise, 3 chambres, état : à rafraîchir.",2024-10-03,2025-01-31,193000.0
EX0176,exemple fictif,,maison,Avenue des Tilleuls,65,7050,Jurbise,50.53097,3.91008,1,112,83,3,1,2,1953,À rafraîchir,F,462,"Maison 2 façades de 112 m² à Jurbise, 3 chambres, état : à rafraîchir.",2024-10-03,2025-03-02,193000.0
EX0176,exemple fictif,,maison,Avenue des Tilleuls,65,7050,Jurbise,50.53097,3.91008,1,112,83,3,1,2,1953,À rafraîchir,F,462,"Maison 2 façades de 112 m² à Jurbise, 3 chambres, état : à rafraîchir.",2024-10-03,2025-04-01,193000.0
EX0176,exemple fictif,,maison,Avenue des Tilleuls,65,7050,Jurbise,50.53097,3.91008,1,112,83,3,1,2,1953,À rafraîchir,F,462,"Maison 2 façades de 112 m² à Jurbise, 3 chambres, état : à rafraîchir.",2024-10-03,2025-05-01,193000.0
EX0176,exemple fictif,,maison,Avenue des Tilleuls,65,7050,Jurbise,50.53097,3.91008,1,112,83,3,1,2,1953,À rafraîchir,F,462,"Maison 2 façades de 112 m² à Jurbise, 3 chambres, état : à rafraîchir.",2024-10-03,2025-05-31,193000.0
EX0176,exemple fictif,,maison,Avenue des Tilleuls,65,7050,Jurbise,50.53097,3.91008,1,112,83,3,1,2,1953,À rafraîchir,F,462,"Maison 2 façades de 112 m² à Jurbise, 3 chambres, état : à rafraîchir.",2024-10-03,2025-06-30,193000.0
EX0176,exemple fictif,,maison,Avenue des Tilleuls,65,7050,Jurbise,50.53097,3.91008,1,112,83,3,1,2,1953,À rafraîchir,F,462,"Maison 2 façades de 112 m² à Jurbise, 3 chambres, état : à rafraîchir.",2024-10-03,2025-07-30,193000.0
EX0176,exemple fictif,,maison,Avenue des Tilleuls,65,7050,Jurbise,50.53097,3.91008,1,112,83,3,1,2,1953,À rafraîchir,F,462,"Maison 2 façades de 112 m² à Jurbise, 3 chambres, état : à rafraîchir.",2024-10-03,2025-08-29,193000.0
EX0176,exemple fictif,,maison,Avenue des Tilleuls,65,7050,Jurbise,50.53097,3.91008,1,112,83,3,1,2,1953,À rafraîchir,F,462,"Maison 2 façades de 112 m² à Jurbise, 3 chambres, état : à rafraîchir.",2024-10-03,2025-09-28,193000.0
EX0176,exemple fictif,,maison,Avenue des Tilleuls,65,7050,Jurbise,50.53097,3.91008,1,112,83,3,1,2,1953,À rafraîchir,F,462,"Maison 2 façades de 112 m² à Jurbise, 3 chambres, état : à rafraîchir.",2024-10-03,2025-10-28,193000.0
EX0176,exemple fictif,,maison,Avenue des Tilleuls,65,7050,Jurbise,50.53097,3.91008,1,112,83,3,1,2,1953,À rafraîchir,F,462,"Maison 2 façades de 112 m² à Jurbise, 3 chambres, état : à rafraîchir.",2024-10-03,2025-11-27,193000.0
EX0176,exemple fictif,,maison,Avenue des Tilleuls,65,7050,Jurbise,50.53097,3.91008,1,112,83,3,1,2,1953,À rafraîchir,F,462,"Maison 2 façades de 112 m² à Jurbise, 3 chambres, état : à rafraîchir.",2024-10-03,2025-12-27,193000.0
EX0176,exemple fictif,,maison,Avenue des Tilleuls,65,7050,Jurbise,50.53097,3.91008,1,112,83,3,1,2,1953,À rafraîchir,F,462,"Maison 2 façades de 112 m² à Jurbise, 3 chambres, état : à rafraîchir.",2024-10-03,2026-01-26,193000.0
EX0176,exemple fictif,,maison,Avenue des Tilleuls,65,7050,Jurbise,50.53097,3.91008,1,112,83,3,1,2,1953,À rafraîchir,F,462,"Maison 2 façades de 112 m² à Jurbise, 3 chambres, état : à rafraîchir.",2024-10-03,2026-02-25,193000.0
EX0176,exemple fictif,,maison,Avenue des Tilleuls,65,7050,Jurbise,50.53097,3.91008,1,112,83,3,1,2,1953,À rafraîchir,F,462,"Maison 2 façades de 112 m² à Jurbise, 3 chambres, état : à rafraîchir.",2024-10-03,2026-03-27,193000.0
EX0176,exemple fictif,,maison,Avenue des Tilleuls,65,7050,Jurbise,50.53097,3.91008,1,112,83,3,1,2,1953,À rafraîchir,F,462,"Maison 2 façades de 112 m² à Jurbise, 3 chambres, état : à rafraîchir.",2024-10-03,2026-04-26,193000.0
EX0176,exemple fictif,,maison,Avenue des Tilleuls,65,7050,Jurbise,50.53097,3.91008,1,112,83,3,1,2,1953,À rafraîchir,F,462,"Maison 2 façades de 112 m² à Jurbise, 3 chambres, état : à rafraîchir.",2024-10-03,2026-05-26,193000.0
EX0176,exemple fictif,,maison,Avenue des Tilleuls,65,7050,Jurbise,50.53097,3.91008,1,112,83,3,1,2,1953,À rafraîchir,F,462,"Maison 2 façades de 112 m² à Jurbise, 3 chambres, état : à rafraîchir.",2024-10-03,2026-06-25,193000.0
EX0176,exemple fictif,,maison,Avenue des Tilleuls,65,7050,Jurbise,50.53097,3.91008,1,112,83,3,1,2,1953,À rafraîchir,F,462,"Maison 2 façades de 112 m² à Jurbise, 3 chambres, état : à rafraîchir.",2024-10-03,2026-07-25,193000.0
EX0176,exemple fictif,,maison,Avenue des Tilleuls,65,7050,Jurbise,50.53097,3.91008,1,112,83,3,1,2,1953,À rafraîchir,F,462,"Maison 2 façades de 112 m² à Jurbise, 3 chambres, état : à rafraîchir.",2024-10-03,2026-08-24,193000.0
EX0176,exemple fictif,,maison,Avenue des Tilleuls,65,7050,Jurbise,50.53097,3.91008,1,112,83,3,1,2,1953,À rafraîchir,F,462,"Maison 2 façades de 112 m² à Jurbise, 3 chambres, état : à rafraîchir.",2024-10-03,2026-09-23,193000.0
EX0177,exemple fictif,,maison,Rue des Écoles,149,7011,Ghlin,50.47872,3.92315,1,65,504,2,1,4,2023,Bon,F,443,"Maison 4 façades de 65 m² à Ghlin, 2 chambres, état : bon.",2025-05-27,2025-05-27,147000.0
EX0177,exemple fictif,,maison,Rue des Écoles,149,7011,Ghlin,50.47872,3.92315,1,65,504,2,1,4,2023,Bon,F,443,"Maison 4 façades de 65 m² à Ghlin, 2 chambres, état : bon.",2025-05-27,2025-06-26,147000.0
EX0177,exemple fictif,,maison,Rue des Écoles,149,7011,Ghlin,50.47872,3.92315,1,65,504,2,1,4,2023,Bon,F,443,"Maison 4 façades de 65 m² à Ghlin, 2 chambres, état : bon.",2025-05-27,2025-07-26,147000.0
EX0177,exemple fictif,,maison,Rue des Écoles,149,7011,Ghlin,50.47872,3.92315,1,65,504,2,1,4,2023,Bon,F,443,"Maison 4 façades de 65 m² à Ghlin, 2 chambres, état : bon.",2025-05-27,2025-08-25,147000.0
EX0177,exemple fictif,,maison,Rue des Écoles,149,7011,Ghlin,50.47872,3.92315,1,65,504,2,1,4,2023,Bon,F,443,"Maison 4 façades de 65 m² à Ghlin, 2 chambres, état : bon.",2025-05-27,2025-09-24,147000.0
EX0177,exemple fictif,,maison,Rue des Écoles,149,7011,Ghlin,50.47872,3.92315,1,65,504,2,1,4,2023,Bon,F,443,"Maison 4 façades de 65 m² à Ghlin, 2 chambres, état : bon.",2025-05-27,2025-10-24,147000.0
EX0177,exemple fictif,,maison,Rue des Écoles,149,7011,Ghlin,50.47872,3.92315,1,65,504,2,1,4,2023,Bon,F,443,"Maison 4 façades de 65 m² à Ghlin, 2 chambres, état : bon.",2025-05-27,2025-11-23,147000.0
EX0177,exemple fictif,,maison,Rue des Écoles,149,7011,Ghlin,50.47872,3.92315,1,65,504,2,1,4,2023,Bon,F,443,"Maison 4 façades de 65 m² à Ghlin, 2 chambres, état : bon.",2025-05-27,2025-12-23,147000.0
EX0177,exemple fictif,,maison,Rue des Écoles,149,7011,Ghlin,50.47872,3.92315,1,65,504,2,1,4,2023,Bon,F,443,"Maison 4 façades de 65 m² à Ghlin, 2 chambres, état : bon.",2025-05-27,2026-01-22,141000.0
EX0177,exemple fictif,,maison,Rue des Écoles,149,7011,Ghlin,50.47872,3.92315,1,65,504,2,1,4,2023,Bon,F,443,"Maison 4 façades de 65 m² à Ghlin, 2 chambres, état : bon.",2025-05-27,2026-02-21,141000.0
EX0177,exemple fictif,,maison,Rue des Écoles,149,7011,Ghlin,50.47872,3.92315,1,65,504,2,1,4,2023,Bon,F,443,"Maison 4 façades de 65 m² à Ghlin, 2 chambres, état : bon.",2025-05-27,2026-03-23,141000.0
EX0177,exemple fictif,,maison,Rue des Écoles,149,7011,Ghlin,50.47872,3.92315,1,65,504,2,1,4,2023,Bon,F,443,"Maison 4 façades de 65 m² à Ghlin, 2 chambres, état : bon.",2025-05-27,2026-04-22,135000.0
EX0177,exemple fictif,,maison,Rue des Écoles,149,7011,Ghlin,50.47872,3.92315,1,65,504,2,1,4,2023,Bon,F,443,"Maison 4 façades de 65 m² à Ghlin, 2 chambres, état : bon.",2025-05-27,2026-05-22,130000.0
EX0177,exemple fictif,,maison,Rue des Écoles,149,7011,Ghlin,50.47872,3.92315,1,65,504,2,1,4,2023,Bon,F,443,"Maison 4 façades de 65 m² à Ghlin, 2 chambres, état : bon.",2025-05-27,2026-06-21,130000.0
EX0177,exemple fictif,,maison,Rue des Écoles,149,7011,Ghlin,50.47872,3.92315,1,65,504,2,1,4,2023,Bon,F,443,"Maison 4 façades de 65 m² à Ghlin, 2 chambres, état : bon.",2025-05-27,2026-07-21,130000.0
EX0177,exemple fictif,,maison,Rue des Écoles,149,7011,Ghlin,50.47872,3.92315,1,65,504,2,1,4,2023,Bon,F,443,"Maison 4 façades de 65 m² à Ghlin, 2 chambres, état : bon.",2025-05-27,2026-08-20,130000.0
EX0177,exemple fictif,,maison,Rue des Écoles,149,7011,Ghlin,50.47872,3.92315,1,65,504,2,1,4,2023,Bon,F,443,"Maison 4 façades de 65 m² à Ghlin, 2 chambres, état : bon.",2025-05-27,2026-09-19,125000.0
EX0178,exemple fictif,,maison,Rue du Moulin,81,7033,Cuesmes,50.43035,3.93372,1,109,1060,3,1,3,1966,Fraîchement rénové,A,88,"Maison 3 façades de 109 m² à Cuesmes, 3 chambres, état : fraîchement rénové.",2024-09-18,2024-09-18,207000.0
EX0178,exemple fictif,,maison,Rue du Moulin,81,7033,Cuesmes,50.43035,3.93372,1,109,1060,3,1,3,1966,Fraîchement rénové,A,88,"Maison 3 façades de 109 m² à Cuesmes, 3 chambres, état : fraîchement rénové.",2024-09-18,2024-10-18,207000.0
EX0178,exemple fictif,,maison,Rue du Moulin,81,7033,Cuesmes,50.43035,3.93372,1,109,1060,3,1,3,1966,Fraîchement rénové,A,88,"Maison 3 façades de 109 m² à Cuesmes, 3 chambres, état : fraîchement rénové.",2024-09-18,2024-11-17,207000.0
EX0178,exemple fictif,,maison,Rue du Moulin,81,7033,Cuesmes,50.43035,3.93372,1,109,1060,3,1,3,1966,Fraîchement rénové,A,88,"Maison 3 façades de 109 m² à Cuesmes, 3 chambres, état : fraîchement rénové.",2024-09-18,2024-12-17,207000.0
EX0178,exemple fictif,,maison,Rue du Moulin,81,7033,Cuesmes,50.43035,3.93372,1,109,1060,3,1,3,1966,Fraîchement rénové,A,88,"Maison 3 façades de 109 m² à Cuesmes, 3 chambres, état : fraîchement rénové.",2024-09-18,2025-01-16,207000.0
EX0178,exemple fictif,,maison,Rue du Moulin,81,7033,Cuesmes,50.43035,3.93372,1,109,1060,3,1,3,1966,Fraîchement rénové,A,88,"Maison 3 façades de 109 m² à Cuesmes, 3 chambres, état : fraîchement rénové.",2024-09-18,2025-02-15,207000.0
EX0178,exemple fictif,,maison,Rue du Moulin,81,7033,Cuesmes,50.43035,3.93372,1,109,1060,3,1,3,1966,Fraîchement rénové,A,88,"Maison 3 façades de 109 m² à Cuesmes, 3 chambres, état : fraîchement rénové.",2024-09-18,2025-03-17,207000.0
EX0178,exemple fictif,,maison,Rue du Moulin,81,7033,Cuesmes,50.43035,3.93372,1,109,1060,3,1,3,1966,Fraîchement rénové,A,88,"Maison 3 façades de 109 m² à Cuesmes, 3 chambres, état : fraîchement rénové.",2024-09-18,2025-04-16,207000.0
EX0178,exemple fictif,,maison,Rue du Moulin,81,7033,Cuesmes,50.43035,3.93372,1,109,1060,3,1,3,1966,Fraîchement rénové,A,88,"Maison 3 façades de 109 m² à Cuesmes, 3 chambres, état : fraîchement rénové.",2024-09-18,2025-05-16,207000.0
EX0178,exemple fictif,,maison,Rue du Moulin,81,7033,Cuesmes,50.43035,3.93372,1,109,1060,3,1,3,1966,Fraîchement rénové,A,88,"Maison 3 façades de 109 m² à Cuesmes, 3 chambres, état : fraîchement rénové.",2024-09-18,2025-06-15,207000.0
EX0178,exemple fictif,,maison,Rue du Moulin,81,7033,Cuesmes,50.43035,3.93372,1,109,1060,3,1,3,1966,Fraîchement rénové,A,88,"Maison 3 façades de 109 m² à Cuesmes, 3 chambres, état : fraîchement rénové.",2024-09-18,2025-07-15,207000.0
EX0178,exemple fictif,,maison,Rue du Moulin,81,7033,Cuesmes,50.43035,3.93372,1,109,1060,3,1,3,1966,Fraîchement rénové,A,88,"Maison 3 façades de 109 m² à Cuesmes, 3 chambres, état : fraîchement rénové.",2024-09-18,2025-08-14,207000.0
EX0178,exemple fictif,,maison,Rue du Moulin,81,7033,Cuesmes,50.43035,3.93372,1,109,1060,3,1,3,1966,Fraîchement rénové,A,88,"Maison 3 façades de 109 m² à Cuesmes, 3 chambres, état : fraîchement rénové.",2024-09-18,2025-09-13,207000.0
EX0178,exemple fictif,,maison,Rue du Moulin,81,7033,Cuesmes,50.43035,3.93372,1,109,1060,3,1,3,1966,Fraîchement rénové,A,88,"Maison 3 façades de 109 m² à Cuesmes, 3 chambres, état : fraîchement rénové.",2024-09-18,2025-10-13,207000.0
EX0178,exemple fictif,,maison,Rue du Moulin,81,7033,Cuesmes,50.43035,3.93372,1,109,1060,3,1,3,1966,Fraîchement rénové,A,88,"Maison 3 façades de 109 m² à Cuesmes, 3 chambres, état : fraîchement rénové.",2024-09-18,2025-11-12,207000.0
EX0178,exemple fictif,,maison,Rue du Moulin,81,7033,Cuesmes,50.43035,3.93372,1,109,1060,3,1,3,1966,Fraîchement rénové,A,88,"Maison 3 façades de 109 m² à Cuesmes, 3 chambres, état : fraîchement rénové.",2024-09-18,2025-12-12,207000.0
EX0178,exemple fictif,,maison,Rue du Moulin,81,7033,Cuesmes,50.43035,3.93372,1,109,1060,3,1,3,1966,Fraîchement rénové,A,88,"Maison 3 façades de 109 m² à Cuesmes, 3 chambres, état : fraîchement rénové.",2024-09-18,2026-01-11,207000.0
EX0178,exemple fictif,,maison,Rue du Moulin,81,7033,Cuesmes,50.43035,3.93372,1,109,1060,3,1,3,1966,Fraîchement rénové,A,88,"Maison 3 façades de 109 m² à Cuesmes, 3 chambres, état : fraîchement rénové.",2024-09-18,2026-02-10,207000.0
EX0178,exemple fictif,,maison,Rue du Moulin,81,7033,Cuesmes,50.43035,3.93372,1,109,1060,3,1,3,1966,Fraîchement rénové,A,88,"Maison 3 façades de 109 m² à Cuesmes, 3 chambres, état : fraîchement rénové.",2024-09-18,2026-03-12,207000.0
EX0178,exemple fictif,,maison,Rue du Moulin,81,7033,Cuesmes,50.43035,3.93372,1,109,1060,3,1,3,1966,Fraîchement rénové,A,88,"Maison 3 façades de 109 m² à Cuesmes, 3 chambres, état : fraîchement rénové.",2024-09-18,2026-04-11,207000.0
EX0178,exemple fictif,,maison,Rue du Moulin,81,7033,Cuesmes,50.43035,3.93372,1,109,1060,3,1,3,1966,Fraîchement rénové,A,88,"Maison 3 façades de 109 m² à Cuesmes, 3 chambres, état : fraîchement rénové.",2024-09-18,2026-05-11,207000.0
EX0178,exemple fictif,,maison,Rue du Moulin,81,7033,Cuesmes,50.43035,3.93372,1,109,1060,3,1,3,1966,Fraîchement rénové,A,88,"Maison 3 façades de 109 m² à Cuesmes, 3 chambres, état : fraîchement rénové.",2024-09-18,2026-06-10,207000.0
EX0178,exemple fictif,,maison,Rue du Moulin,81,7033,Cuesmes,50.43035,3.93372,1,109,1060,3,1,3,1966,Fraîchement rénové,A,88,"Maison 3 façades de 109 m² à Cuesmes, 3 chambres, état : fraîchement rénové.",2024-09-18,2026-07-10,207000.0
EX0178,exemple fictif,,maison,Rue du Moulin,81,7033,Cuesmes,50.43035,3.93372,1,109,1060,3,1,3,1966,Fraîchement rénové,A,88,"Maison 3 façades de 109 m² à Cuesmes, 3 chambres, état : fraîchement rénové.",2024-09-18,2026-08-09,207000.0
EX0178,exemple fictif,,maison,Rue du Moulin,81,7033,Cuesmes,50.43035,3.93372,1,109,1060,3,1,3,1966,Fraîchement rénové,A,88,"Maison 3 façades de 109 m² à Cuesmes, 3 chambres, état : fraîchement rénové.",2024-09-18,2026-09-08,207000.0
EX0179,exemple fictif,,maison,Rue de l'Église,180,7040,Quévy,50.38194,3.94024,1,86,1250,2,1,4,1993,À rafraîchir,D,309,"Maison 4 façades de 86 m² à Quévy, 2 chambres, état : à rafraîchir.",2025-07-21,2025-07-21,185000.0
EX0179,exemple fictif,,maison,Rue de l'Église,180,7040,Quévy,50.38194,3.94024,1,86,1250,2,1,4,1993,À rafraîchir,D,309,"Maison 4 façades de 86 m² à Quévy, 2 chambres, état : à rafraîchir.",2025-07-21,2025-08-20,185000.0
EX0179,exemple fictif,,maison,Rue de l'Église,180,7040,Quévy,50.38194,3.94024,1,86,1250,2,1,4,1993,À rafraîchir,D,309,"Maison 4 façades de 86 m² à Quévy, 2 chambres, état : à rafraîchir.",2025-07-21,2025-09-19,172000.0
EX0179,exemple fictif,,maison,Rue de l'Église,180,7040,Quévy,50.38194,3.94024,1,86,1250,2,1,4,1993,À rafraîchir,D,309,"Maison 4 façades de 86 m² à Quévy, 2 chambres, état : à rafraîchir.",2025-07-21,2025-10-19,172000.0
EX0179,exemple fictif,,maison,Rue de l'Église,180,7040,Quévy,50.38194,3.94024,1,86,1250,2,1,4,1993,À rafraîchir,D,309,"Maison 4 façades de 86 m² à Quévy, 2 chambres, état : à rafraîchir.",2025-07-21,2025-11-18,162000.0
EX0179,exemple fictif,,maison,Rue de l'Église,180,7040,Quévy,50.38194,3.94024,1,86,1250,2,1,4,1993,À rafraîchir,D,309,"Maison 4 façades de 86 m² à Quévy, 2 chambres, état : à rafraîchir.",2025-07-21,2025-12-18,162000.0
EX0179,exemple fictif,,maison,Rue de l'Église,180,7040,Quévy,50.38194,3.94024,1,86,1250,2,1,4,1993,À rafraîchir,D,309,"Maison 4 façades de 86 m² à Quévy, 2 chambres, état : à rafraîchir.",2025-07-21,2026-01-17,162000.0
EX0179,exemple fictif,,maison,Rue de l'Église,180,7040,Quévy,50.38194,3.94024,1,86,1250,2,1,4,1993,À rafraîchir,D,309,"Maison 4 façades de 86 m² à Quévy, 2 chambres, état : à rafraîchir.",2025-07-21,2026-02-16,162000.0
EX0179,exemple fictif,,maison,Rue de l'Église,180,7040,Quévy,50.38194,3.94024,1,86,1250,2,1,4,1993,À rafraîchir,D,309,"Maison 4 façades de 86 m² à Quévy, 2 chambres, état : à rafraîchir.",2025-07-21,2026-03-18,162000.0
EX0179,exemple fictif,,maison,Rue de l'Église,180,7040,Quévy,50.38194,3.94024,1,86,1250,2,1,4,1993,À rafraîchir,D,309,"Maison 4 façades de 86 m² à Quévy, 2 chambres, état : à rafraîchir.",2025-07-21,2026-04-17,153000.0
EX0179,exemple fictif,,maison,Rue de l'Église,180,7040,Quévy,50.38194,3.94024,1,86,1250,2,1,4,1993,À rafraîchir,D,309,"Maison 4 façades de 86 m² à Quévy, 2 chambres, état : à rafraîchir.",2025-07-21,2026-05-17,153000.0
EX0179,exemple fictif,,maison,Rue de l'Église,180,7040,Quévy,50.38194,3.94024,1,86,1250,2,1,4,1993,À rafraîchir,D,309,"Maison 4 façades de 86 m² à Quévy, 2 chambres, état : à rafraîchir.",2025-07-21,2026-06-16,147000.0
EX0179,exemple fictif,,maison,Rue de l'Église,180,7040,Quévy,50.38194,3.94024,1,86,1250,2,1,4,1993,À rafraîchir,D,309,"Maison 4 façades de 86 m² à Quévy, 2 chambres, état : à rafraîchir.",2025-07-21,2026-07-16,147000.0
EX0179,exemple fictif,,maison,Rue de l'Église,180,7040,Quévy,50.38194,3.94024,1,86,1250,2,1,4,1993,À rafraîchir,D,309,"Maison 4 façades de 86 m² à Quévy, 2 chambres, état : à rafraîchir.",2025-07-21,2026-08-15,141000.0
EX0179,exemple fictif,,maison,Rue de l'Église,180,7040,Quévy,50.38194,3.94024,1,86,1250,2,1,4,1993,À rafraîchir,D,309,"Maison 4 façades de 86 m² à Quévy, 2 chambres, état : à rafraîchir.",2025-07-21,2026-09-14,141000.0
EX0180,exemple fictif,,maison,Rue de la Station,36,7050,Jurbise,50.52367,3.89727,1,110,271,3,1,2,2005,À rafraîchir,F,486,"Maison 2 façades de 110 m² à Jurbise, 3 chambres, état : à rafraîchir.",2025-10-03,2025-10-03,221000.0
EX0180,exemple fictif,,maison,Rue de la Station,36,7050,Jurbise,50.52367,3.89727,1,110,271,3,1,2,2005,À rafraîchir,F,486,"Maison 2 façades de 110 m² à Jurbise, 3 chambres, état : à rafraîchir.",2025-10-03,2025-11-02,221000.0
EX0180,exemple fictif,,maison,Rue de la Station,36,7050,Jurbise,50.52367,3.89727,1,110,271,3,1,2,2005,À rafraîchir,F,486,"Maison 2 façades de 110 m² à Jurbise, 3 chambres, état : à rafraîchir.",2025-10-03,2025-12-02,221000.0
EX0180,exemple fictif,,maison,Rue de la Station,36,7050,Jurbise,50.52367,3.89727,1,110,271,3,1,2,2005,À rafraîchir,F,486,"Maison 2 façades de 110 m² à Jurbise, 3 chambres, état : à rafraîchir.",2025-10-03,2026-01-01,221000.0
EX0180,exemple fictif,,maison,Rue de la Station,36,7050,Jurbise,50.52367,3.89727,1,110,271,3,1,2,2005,À rafraîchir,F,486,"Maison 2 façades de 110 m² à Jurbise, 3 chambres, état : à rafraîchir.",2025-10-03,2026-01-31,221000.0
EX0180,exemple fictif,,maison,Rue de la Station,36,7050,Jurbise,50.52367,3.89727,1,110,271,3,1,2,2005,À rafraîchir,F,486,"Maison 2 façades de 110 m² à Jurbise, 3 chambres, état : à rafraîchir.",2025-10-03,2026-03-02,221000.0
EX0180,exemple fictif,,maison,Rue de la Station,36,7050,Jurbise,50.52367,3.89727,1,110,271,3,1,2,2005,À rafraîchir,F,486,"Maison 2 façades de 110 m² à Jurbise, 3 chambres, état : à rafraîchir.",2025-10-03,2026-04-01,221000.0
EX0180,exemple fictif,,maison,Rue de la Station,36,7050,Jurbise,50.52367,3.89727,1,110,271,3,1,2,2005,À rafraîchir,F,486,"Maison 2 façades de 110 m² à Jurbise, 3 chambres, état : à rafraîchir.",2025-10-03,2026-05-01,221000.0
EX0180,exemple fictif,,maison,Rue de la Station,36,7050,Jurbise,50.52367,3.89727,1,110,271,3,1,2,2005,À rafraîchir,F,486,"Maison 2 façades de 110 m² à Jurbise, 3 chambres, état : à rafraîchir.",2025-10-03,2026-05-31,221000.0
EX0180,exemple fictif,,maison,Rue de la Station,36,7050,Jurbise,50.52367,3.89727,1,110,271,3,1,2,2005,À rafraîchir,F,486,"Maison 2 façades de 110 m² à Jurbise, 3 chambres, état : à rafraîchir.",2025-10-03,2026-06-30,221000.0
EX0180,exemple fictif,,maison,Rue de la Station,36,7050,Jurbise,50.52367,3.89727,1,110,271,3,1,2,2005,À rafraîchir,F,486,"Maison 2 façades de 110 m² à Jurbise, 3 chambres, état : à rafraîchir.",2025-10-03,2026-07-30,221000.0
EX0180,exemple fictif,,maison,Rue de la Station,36,7050,Jurbise,50.52367,3.89727,1,110,271,3,1,2,2005,À rafraîchir,F,486,"Maison 2 façades de 110 m² à Jurbise, 3 chambres, état : à rafraîchir.",2025-10-03,2026-08-29,221000.0
EX0180,exemple fictif,,maison,Rue de la Station,36,7050,Jurbise,50.52367,3.89727,1,110,271,3,1,2,2005,À rafraîchir,F,486,"Maison 2 façades de 110 m² à Jurbise, 3 chambres, état : à rafraîchir.",2025-10-03,2026-09-28,221000.0
